time;median;l_ci;u_ci
-4.000;4.179;1.738;11.190
-3.999;4.182;1.739;11.197
-3.998;4.184;1.740;11.203
-3.998;4.187;1.741;11.210
-3.997;4.189;1.742;11.217
-3.996;4.192;1.743;11.223
-3.995;4.194;1.744;11.230
-3.994;4.196;1.745;11.236
-3.993;4.199;1.746;11.243
-3.992;4.201;1.747;11.249
-3.992;4.204;1.748;11.256
-3.991;4.206;1.749;11.263
-3.990;4.209;1.750;11.269
-3.989;4.211;1.751;11.276
-3.988;4.213;1.752;11.282
-3.987;4.216;1.753;11.289
-3.987;4.218;1.754;11.296
-3.986;4.221;1.755;11.302
-3.985;4.223;1.756;11.309
-3.984;4.226;1.757;11.315
-3.983;4.228;1.758;11.322
-3.982;4.230;1.759;11.329
-3.982;4.233;1.760;11.335
-3.981;4.235;1.761;11.342
-3.980;4.238;1.762;11.349
-3.979;4.240;1.763;11.355
-3.978;4.243;1.764;11.362
-3.978;4.245;1.765;11.369
-3.977;4.248;1.766;11.375
-3.976;4.250;1.767;11.382
-3.975;4.253;1.768;11.389
-3.974;4.255;1.769;11.395
-3.973;4.257;1.770;11.402
-3.973;4.260;1.771;11.409
-3.972;4.262;1.772;11.415
-3.971;4.265;1.773;11.422
-3.970;4.267;1.774;11.429
-3.969;4.270;1.775;11.435
-3.968;4.272;1.776;11.442
-3.967;4.275;1.777;11.449
-3.967;4.277;1.778;11.455
-3.966;4.280;1.779;11.462
-3.965;4.282;1.780;11.469
-3.964;4.285;1.781;11.475
-3.963;4.287;1.782;11.482
-3.963;4.290;1.783;11.489
-3.962;4.292;1.784;11.496
-3.961;4.295;1.785;11.502
-3.960;4.297;1.786;11.509
-3.959;4.300;1.787;11.516
-3.958;4.302;1.788;11.523
-3.957;4.305;1.789;11.529
-3.957;4.307;1.790;11.536
-3.956;4.310;1.791;11.543
-3.955;4.312;1.792;11.550
-3.954;4.315;1.793;11.556
-3.953;4.317;1.794;11.563
-3.953;4.320;1.795;11.570
-3.952;4.322;1.796;11.577
-3.951;4.325;1.797;11.583
-3.950;4.327;1.798;11.590
-3.949;4.330;1.799;11.597
-3.948;4.332;1.800;11.604
-3.947;4.335;1.801;11.611
-3.947;4.337;1.802;11.617
-3.946;4.340;1.803;11.624
-3.945;4.342;1.804;11.631
-3.944;4.345;1.805;11.638
-3.943;4.347;1.806;11.645
-3.943;4.350;1.807;11.651
-3.942;4.352;1.808;11.658
-3.941;4.355;1.810;11.665
-3.940;4.357;1.811;11.672
-3.939;4.360;1.812;11.679
-3.938;4.362;1.813;11.686
-3.938;4.365;1.814;11.692
-3.937;4.367;1.815;11.699
-3.936;4.370;1.816;11.706
-3.935;4.372;1.817;11.713
-3.934;4.375;1.818;11.720
-3.933;4.377;1.819;11.727
-3.932;4.380;1.820;11.734
-3.932;4.383;1.821;11.740
-3.931;4.385;1.822;11.747
-3.930;4.388;1.823;11.754
-3.929;4.390;1.824;11.761
-3.928;4.393;1.825;11.768
-3.928;4.395;1.826;11.775
-3.927;4.398;1.827;11.782
-3.926;4.400;1.828;11.789
-3.925;4.403;1.829;11.796
-3.924;4.405;1.830;11.802
-3.923;4.408;1.831;11.809
-3.922;4.411;1.832;11.816
-3.922;4.413;1.833;11.823
-3.921;4.416;1.834;11.830
-3.920;4.418;1.835;11.837
-3.919;4.421;1.836;11.844
-3.918;4.423;1.837;11.851
-3.918;4.426;1.838;11.858
-3.917;4.428;1.839;11.865
-3.916;4.431;1.840;11.872
-3.915;4.434;1.841;11.879
-3.914;4.436;1.842;11.886
-3.913;4.439;1.844;11.893
-3.912;4.441;1.845;11.900
-3.912;4.444;1.846;11.907
-3.911;4.446;1.847;11.914
-3.910;4.449;1.848;11.921
-3.909;4.452;1.849;11.927
-3.908;4.454;1.850;11.934
-3.908;4.457;1.851;11.941
-3.907;4.459;1.852;11.948
-3.906;4.462;1.853;11.955
-3.905;4.464;1.854;11.962
-3.904;4.467;1.855;11.969
-3.903;4.470;1.856;11.976
-3.902;4.472;1.857;11.983
-3.902;4.475;1.858;11.990
-3.901;4.477;1.859;11.998
-3.900;4.480;1.860;12.005
-3.899;4.483;1.861;12.012
-3.898;4.485;1.862;12.019
-3.897;4.488;1.863;12.026
-3.897;4.490;1.864;12.033
-3.896;4.493;1.866;12.040
-3.895;4.496;1.867;12.047
-3.894;4.498;1.868;12.054
-3.893;4.501;1.869;12.061
-3.893;4.503;1.870;12.068
-3.892;4.506;1.871;12.075
-3.891;4.509;1.872;12.082
-3.890;4.511;1.873;12.089
-3.889;4.514;1.874;12.096
-3.888;4.516;1.875;12.103
-3.888;4.519;1.876;12.110
-3.887;4.522;1.877;12.118
-3.886;4.524;1.878;12.125
-3.885;4.527;1.879;12.132
-3.884;4.530;1.880;12.139
-3.883;4.532;1.881;12.146
-3.883;4.535;1.882;12.153
-3.882;4.537;1.884;12.160
-3.881;4.540;1.885;12.167
-3.880;4.543;1.886;12.174
-3.879;4.545;1.887;12.182
-3.878;4.548;1.888;12.189
-3.877;4.551;1.889;12.196
-3.877;4.553;1.890;12.203
-3.876;4.556;1.891;12.210
-3.875;4.559;1.892;12.217
-3.874;4.561;1.893;12.224
-3.873;4.564;1.894;12.232
-3.873;4.566;1.895;12.239
-3.872;4.569;1.896;12.246
-3.871;4.572;1.897;12.253
-3.870;4.574;1.899;12.260
-3.869;4.577;1.900;12.267
-3.868;4.580;1.901;12.275
-3.867;4.582;1.902;12.282
-3.867;4.585;1.903;12.289
-3.866;4.588;1.904;12.296
-3.865;4.590;1.905;12.303
-3.864;4.593;1.906;12.311
-3.863;4.596;1.907;12.318
-3.862;4.598;1.908;12.325
-3.862;4.601;1.909;12.332
-3.861;4.604;1.910;12.339
-3.860;4.606;1.911;12.347
-3.859;4.609;1.913;12.354
-3.858;4.612;1.914;12.361
-3.857;4.614;1.915;12.368
-3.857;4.617;1.916;12.376
-3.856;4.620;1.917;12.383
-3.855;4.622;1.918;12.390
-3.854;4.625;1.919;12.397
-3.853;4.628;1.920;12.405
-3.853;4.630;1.921;12.412
-3.852;4.633;1.922;12.419
-3.851;4.636;1.923;12.426
-3.850;4.638;1.924;12.434
-3.849;4.641;1.926;12.441
-3.848;4.644;1.927;12.448
-3.848;4.647;1.928;12.456
-3.847;4.649;1.929;12.463
-3.846;4.652;1.930;12.470
-3.845;4.655;1.931;12.477
-3.844;4.657;1.932;12.485
-3.843;4.660;1.933;12.492
-3.842;4.663;1.934;12.499
-3.842;4.665;1.935;12.507
-3.841;4.668;1.936;12.514
-3.840;4.671;1.938;12.521
-3.839;4.674;1.939;12.529
-3.838;4.676;1.940;12.536
-3.838;4.679;1.941;12.543
-3.837;4.682;1.942;12.551
-3.836;4.684;1.943;12.558
-3.835;4.687;1.944;12.565
-3.834;4.690;1.945;12.573
-3.833;4.693;1.946;12.580
-3.832;4.695;1.947;12.588
-3.832;4.698;1.949;12.595
-3.831;4.701;1.950;12.602
-3.830;4.703;1.951;12.610
-3.829;4.706;1.952;12.617
-3.828;4.709;1.953;12.624
-3.828;4.712;1.954;12.632
-3.827;4.714;1.955;12.639
-3.826;4.717;1.956;12.647
-3.825;4.720;1.957;12.654
-3.824;4.723;1.959;12.661
-3.823;4.725;1.960;12.669
-3.822;4.728;1.961;12.676
-3.822;4.731;1.962;12.684
-3.821;4.734;1.963;12.691
-3.820;4.736;1.964;12.699
-3.819;4.739;1.965;12.706
-3.818;4.742;1.966;12.713
-3.818;4.745;1.967;12.721
-3.817;4.747;1.969;12.728
-3.816;4.750;1.970;12.736
-3.815;4.753;1.971;12.743
-3.814;4.756;1.972;12.751
-3.813;4.758;1.973;12.758
-3.812;4.761;1.974;12.766
-3.812;4.764;1.975;12.773
-3.811;4.767;1.976;12.781
-3.810;4.769;1.977;12.788
-3.809;4.772;1.979;12.796
-3.808;4.775;1.980;12.803
-3.807;4.778;1.981;12.811
-3.807;4.780;1.982;12.818
-3.806;4.783;1.983;12.826
-3.805;4.786;1.984;12.833
-3.804;4.789;1.985;12.841
-3.803;4.792;1.986;12.848
-3.803;4.794;1.988;12.856
-3.802;4.797;1.989;12.863
-3.801;4.800;1.990;12.871
-3.800;4.803;1.991;12.878
-3.799;4.805;1.992;12.886
-3.798;4.808;1.993;12.893
-3.797;4.811;1.994;12.901
-3.797;4.814;1.995;12.909
-3.796;4.817;1.997;12.916
-3.795;4.819;1.998;12.924
-3.794;4.822;1.999;12.931
-3.793;4.825;2.000;12.939
-3.793;4.828;2.001;12.946
-3.792;4.831;2.002;12.954
-3.791;4.833;2.003;12.962
-3.790;4.836;2.005;12.969
-3.789;4.839;2.006;12.977
-3.788;4.842;2.007;12.984
-3.787;4.845;2.008;12.992
-3.787;4.847;2.009;13.000
-3.786;4.850;2.010;13.007
-3.785;4.853;2.011;13.015
-3.784;4.856;2.013;13.022
-3.783;4.859;2.014;13.030
-3.783;4.861;2.015;13.038
-3.782;4.864;2.016;13.045
-3.781;4.867;2.017;13.053
-3.780;4.870;2.018;13.061
-3.779;4.873;2.019;13.068
-3.778;4.876;2.021;13.076
-3.777;4.878;2.022;13.084
-3.777;4.881;2.023;13.091
-3.776;4.884;2.024;13.099
-3.775;4.887;2.025;13.107
-3.774;4.890;2.026;13.114
-3.773;4.893;2.027;13.122
-3.772;4.895;2.029;13.130
-3.772;4.898;2.030;13.137
-3.771;4.901;2.031;13.145
-3.770;4.904;2.032;13.153
-3.769;4.907;2.033;13.160
-3.768;4.910;2.034;13.168
-3.768;4.913;2.035;13.176
-3.767;4.915;2.037;13.184
-3.766;4.918;2.038;13.191
-3.765;4.921;2.039;13.199
-3.764;4.924;2.040;13.207
-3.763;4.927;2.041;13.215
-3.763;4.930;2.042;13.222
-3.762;4.933;2.044;13.230
-3.761;4.935;2.045;13.238
-3.760;4.938;2.046;13.246
-3.759;4.941;2.047;13.253
-3.758;4.944;2.048;13.261
-3.758;4.947;2.049;13.269
-3.757;4.950;2.051;13.277
-3.756;4.953;2.052;13.284
-3.755;4.955;2.053;13.292
-3.754;4.958;2.054;13.300
-3.753;4.961;2.055;13.308
-3.752;4.964;2.056;13.316
-3.752;4.967;2.058;13.323
-3.751;4.970;2.059;13.331
-3.750;4.973;2.060;13.339
-3.749;4.976;2.061;13.347
-3.748;4.979;2.062;13.355
-3.748;4.981;2.063;13.362
-3.747;4.984;2.065;13.370
-3.746;4.987;2.066;13.378
-3.745;4.990;2.067;13.386
-3.744;4.993;2.068;13.394
-3.743;4.996;2.069;13.402
-3.742;4.999;2.070;13.409
-3.742;5.002;2.072;13.417
-3.741;5.005;2.073;13.425
-3.740;5.007;2.074;13.433
-3.739;5.010;2.075;13.441
-3.738;5.013;2.076;13.449
-3.737;5.016;2.077;13.457
-3.737;5.019;2.079;13.465
-3.736;5.022;2.080;13.472
-3.735;5.025;2.081;13.480
-3.734;5.028;2.082;13.488
-3.733;5.031;2.083;13.496
-3.732;5.034;2.085;13.504
-3.732;5.037;2.086;13.512
-3.731;5.040;2.087;13.520
-3.730;5.042;2.088;13.528
-3.729;5.045;2.089;13.536
-3.728;5.048;2.090;13.544
-3.728;5.051;2.092;13.552
-3.727;5.054;2.093;13.560
-3.726;5.057;2.094;13.567
-3.725;5.060;2.095;13.575
-3.724;5.063;2.096;13.583
-3.723;5.066;2.098;13.591
-3.723;5.069;2.099;13.599
-3.722;5.072;2.100;13.607
-3.721;5.075;2.101;13.615
-3.720;5.078;2.102;13.623
-3.719;5.081;2.104;13.631
-3.718;5.084;2.105;13.639
-3.717;5.087;2.106;13.647
-3.717;5.090;2.107;13.655
-3.716;5.092;2.108;13.663
-3.715;5.095;2.110;13.671
-3.714;5.098;2.111;13.679
-3.713;5.101;2.112;13.687
-3.713;5.104;2.113;13.695
-3.712;5.107;2.114;13.703
-3.711;5.110;2.116;13.711
-3.710;5.113;2.117;13.719
-3.709;5.116;2.118;13.727
-3.708;5.119;2.119;13.735
-3.707;5.122;2.120;13.743
-3.707;5.125;2.122;13.751
-3.706;5.128;2.123;13.760
-3.705;5.131;2.124;13.768
-3.704;5.134;2.125;13.776
-3.703;5.137;2.126;13.784
-3.703;5.140;2.128;13.792
-3.702;5.143;2.129;13.800
-3.701;5.146;2.130;13.808
-3.700;5.149;2.131;13.816
-3.699;5.152;2.132;13.824
-3.698;5.155;2.134;13.832
-3.697;5.158;2.135;13.840
-3.697;5.161;2.136;13.848
-3.696;5.164;2.137;13.857
-3.695;5.167;2.139;13.865
-3.694;5.170;2.140;13.873
-3.693;5.173;2.141;13.881
-3.693;5.176;2.142;13.889
-3.692;5.179;2.143;13.897
-3.691;5.182;2.145;13.905
-3.690;5.185;2.146;13.914
-3.689;5.188;2.147;13.922
-3.688;5.191;2.148;13.930
-3.688;5.194;2.149;13.938
-3.687;5.197;2.151;13.946
-3.686;5.200;2.152;13.954
-3.685;5.203;2.153;13.963
-3.684;5.206;2.154;13.971
-3.683;5.209;2.156;13.979
-3.682;5.212;2.157;13.987
-3.682;5.215;2.158;13.995
-3.681;5.218;2.159;14.004
-3.680;5.221;2.160;14.012
-3.679;5.224;2.162;14.020
-3.678;5.227;2.163;14.028
-3.678;5.230;2.164;14.036
-3.677;5.233;2.165;14.045
-3.676;5.236;2.167;14.053
-3.675;5.239;2.168;14.061
-3.674;5.242;2.169;14.069
-3.673;5.245;2.170;14.078
-3.672;5.249;2.172;14.086
-3.672;5.252;2.173;14.094
-3.671;5.255;2.174;14.102
-3.670;5.258;2.175;14.111
-3.669;5.261;2.177;14.119
-3.668;5.264;2.178;14.127
-3.668;5.267;2.179;14.135
-3.667;5.270;2.180;14.144
-3.666;5.273;2.181;14.152
-3.665;5.276;2.183;14.160
-3.664;5.279;2.184;14.169
-3.663;5.282;2.185;14.177
-3.662;5.285;2.186;14.185
-3.662;5.288;2.188;14.193
-3.661;5.291;2.189;14.202
-3.660;5.294;2.190;14.210
-3.659;5.298;2.191;14.218
-3.658;5.301;2.193;14.227
-3.658;5.304;2.194;14.235
-3.657;5.307;2.195;14.243
-3.656;5.310;2.196;14.252
-3.655;5.313;2.198;14.260
-3.654;5.316;2.199;14.269
-3.653;5.319;2.200;14.277
-3.652;5.322;2.201;14.285
-3.652;5.325;2.203;14.294
-3.651;5.328;2.204;14.302
-3.650;5.331;2.205;14.310
-3.649;5.335;2.206;14.319
-3.648;5.338;2.208;14.327
-3.647;5.341;2.209;14.336
-3.647;5.344;2.210;14.344
-3.646;5.347;2.211;14.352
-3.645;5.350;2.213;14.361
-3.644;5.353;2.214;14.369
-3.643;5.356;2.215;14.378
-3.643;5.359;2.216;14.386
-3.642;5.363;2.218;14.394
-3.641;5.366;2.219;14.403
-3.640;5.369;2.220;14.411
-3.639;5.372;2.222;14.420
-3.638;5.375;2.223;14.428
-3.638;5.378;2.224;14.437
-3.637;5.381;2.225;14.445
-3.636;5.384;2.227;14.454
-3.635;5.388;2.228;14.462
-3.634;5.391;2.229;14.471
-3.633;5.394;2.230;14.479
-3.633;5.397;2.232;14.488
-3.632;5.400;2.233;14.496
-3.631;5.403;2.234;14.505
-3.630;5.406;2.235;14.513
-3.629;5.409;2.237;14.522
-3.628;5.413;2.238;14.530
-3.627;5.416;2.239;14.539
-3.627;5.419;2.241;14.547
-3.626;5.422;2.242;14.556
-3.625;5.425;2.243;14.564
-3.624;5.428;2.244;14.573
-3.623;5.432;2.246;14.581
-3.623;5.435;2.247;14.590
-3.622;5.438;2.248;14.598
-3.621;5.441;2.250;14.607
-3.620;5.444;2.251;14.615
-3.619;5.447;2.252;14.624
-3.618;5.450;2.253;14.633
-3.617;5.454;2.255;14.641
-3.617;5.457;2.256;14.650
-3.616;5.460;2.257;14.658
-3.615;5.463;2.259;14.667
-3.614;5.466;2.260;14.676
-3.613;5.470;2.261;14.684
-3.612;5.473;2.262;14.693
-3.612;5.476;2.264;14.701
-3.611;5.479;2.265;14.710
-3.610;5.482;2.266;14.719
-3.609;5.485;2.268;14.727
-3.608;5.489;2.269;14.736
-3.607;5.492;2.270;14.744
-3.607;5.495;2.271;14.753
-3.606;5.498;2.273;14.762
-3.605;5.501;2.274;14.770
-3.604;5.505;2.275;14.779
-3.603;5.508;2.277;14.788
-3.603;5.511;2.278;14.796
-3.602;5.514;2.279;14.805
-3.601;5.517;2.280;14.814
-3.600;5.521;2.282;14.822
-3.599;5.524;2.283;14.831
-3.598;5.527;2.284;14.840
-3.598;5.530;2.286;14.849
-3.597;5.533;2.287;14.857
-3.596;5.537;2.288;14.866
-3.595;5.540;2.290;14.875
-3.594;5.543;2.291;14.883
-3.593;5.546;2.292;14.892
-3.592;5.550;2.294;14.901
-3.592;5.553;2.295;14.910
-3.591;5.556;2.296;14.918
-3.590;5.559;2.297;14.927
-3.589;5.562;2.299;14.936
-3.588;5.566;2.300;14.945
-3.588;5.569;2.301;14.953
-3.587;5.572;2.303;14.962
-3.586;5.575;2.304;14.971
-3.585;5.579;2.305;14.980
-3.584;5.582;2.307;14.988
-3.583;5.585;2.308;14.997
-3.582;5.588;2.309;15.006
-3.582;5.592;2.311;15.015
-3.581;5.595;2.312;15.024
-3.580;5.598;2.313;15.032
-3.579;5.601;2.315;15.041
-3.578;5.605;2.316;15.050
-3.578;5.608;2.317;15.059
-3.577;5.611;2.318;15.068
-3.576;5.614;2.320;15.076
-3.575;5.618;2.321;15.085
-3.574;5.621;2.322;15.094
-3.573;5.624;2.324;15.103
-3.572;5.627;2.325;15.112
-3.572;5.631;2.326;15.121
-3.571;5.634;2.328;15.130
-3.570;5.637;2.329;15.138
-3.569;5.641;2.330;15.147
-3.568;5.644;2.332;15.156
-3.568;5.647;2.333;15.165
-3.567;5.650;2.334;15.174
-3.566;5.654;2.336;15.183
-3.565;5.657;2.337;15.192
-3.564;5.660;2.338;15.201
-3.563;5.664;2.340;15.210
-3.562;5.667;2.341;15.218
-3.562;5.670;2.342;15.227
-3.561;5.673;2.344;15.236
-3.560;5.677;2.345;15.245
-3.559;5.680;2.346;15.254
-3.558;5.683;2.348;15.263
-3.557;5.687;2.349;15.272
-3.557;5.690;2.350;15.281
-3.556;5.693;2.352;15.290
-3.555;5.697;2.353;15.299
-3.554;5.700;2.354;15.308
-3.553;5.703;2.356;15.317
-3.553;5.707;2.357;15.326
-3.552;5.710;2.358;15.335
-3.551;5.713;2.360;15.344
-3.550;5.717;2.361;15.353
-3.549;5.720;2.362;15.362
-3.548;5.723;2.364;15.371
-3.547;5.726;2.365;15.380
-3.547;5.730;2.367;15.389
-3.546;5.733;2.368;15.398
-3.545;5.736;2.369;15.407
-3.544;5.740;2.371;15.416
-3.543;5.743;2.372;15.425
-3.543;5.747;2.373;15.434
-3.542;5.750;2.375;15.443
-3.541;5.753;2.376;15.452
-3.540;5.757;2.377;15.461
-3.539;5.760;2.379;15.470
-3.538;5.763;2.380;15.479
-3.537;5.767;2.381;15.488
-3.537;5.770;2.383;15.497
-3.536;5.773;2.384;15.507
-3.535;5.777;2.386;15.516
-3.534;5.780;2.387;15.525
-3.533;5.783;2.388;15.534
-3.533;5.787;2.390;15.543
-3.532;5.790;2.391;15.552
-3.531;5.793;2.392;15.561
-3.530;5.797;2.394;15.570
-3.529;5.800;2.395;15.579
-3.528;5.804;2.396;15.589
-3.527;5.807;2.398;15.598
-3.527;5.810;2.399;15.607
-3.526;5.814;2.401;15.616
-3.525;5.817;2.402;15.625
-3.524;5.820;2.403;15.634
-3.523;5.824;2.405;15.643
-3.522;5.827;2.406;15.653
-3.522;5.831;2.407;15.662
-3.521;5.834;2.409;15.671
-3.520;5.837;2.410;15.680
-3.519;5.841;2.411;15.689
-3.518;5.844;2.413;15.699
-3.518;5.848;2.414;15.708
-3.517;5.851;2.416;15.717
-3.516;5.854;2.417;15.726
-3.515;5.858;2.418;15.735
-3.514;5.861;2.420;15.745
-3.513;5.865;2.421;15.754
-3.513;5.868;2.423;15.763
-3.512;5.871;2.424;15.772
-3.511;5.875;2.425;15.782
-3.510;5.878;2.427;15.791
-3.509;5.882;2.428;15.800
-3.508;5.885;2.429;15.809
-3.508;5.889;2.431;15.819
-3.507;5.892;2.432;15.828
-3.506;5.895;2.434;15.837
-3.505;5.899;2.435;15.847
-3.504;5.902;2.436;15.856
-3.503;5.906;2.438;15.865
-3.502;5.909;2.439;15.874
-3.502;5.913;2.441;15.884
-3.501;5.916;2.442;15.893
-3.500;5.919;2.443;15.902
-3.499;5.923;2.445;15.912
-3.498;5.926;2.446;15.921
-3.498;5.930;2.448;15.930
-3.497;5.933;2.449;15.940
-3.496;5.937;2.450;15.949
-3.495;5.940;2.452;15.958
-3.494;5.944;2.453;15.968
-3.493;5.947;2.455;15.977
-3.492;5.951;2.456;15.986
-3.492;5.954;2.457;15.996
-3.491;5.957;2.459;16.005
-3.490;5.961;2.460;16.015
-3.489;5.964;2.462;16.024
-3.488;5.968;2.463;16.033
-3.487;5.971;2.464;16.043
-3.487;5.975;2.466;16.052
-3.486;5.978;2.467;16.062
-3.485;5.982;2.469;16.071
-3.484;5.985;2.470;16.080
-3.483;5.989;2.471;16.090
-3.482;5.992;2.473;16.099
-3.482;5.996;2.474;16.109
-3.481;5.999;2.476;16.118
-3.480;6.003;2.477;16.128
-3.479;6.006;2.478;16.137
-3.478;6.010;2.480;16.147
-3.478;6.013;2.481;16.156
-3.477;6.017;2.483;16.165
-3.476;6.020;2.484;16.175
-3.475;6.024;2.486;16.184
-3.474;6.027;2.487;16.194
-3.473;6.031;2.488;16.203
-3.473;6.034;2.490;16.213
-3.472;6.038;2.491;16.222
-3.471;6.041;2.493;16.232
-3.470;6.045;2.494;16.241
-3.469;6.048;2.496;16.251
-3.468;6.052;2.497;16.260
-3.467;6.055;2.498;16.270
-3.467;6.059;2.500;16.280
-3.466;6.062;2.501;16.289
-3.465;6.066;2.503;16.299
-3.464;6.069;2.504;16.308
-3.463;6.073;2.506;16.318
-3.463;6.076;2.507;16.327
-3.462;6.080;2.508;16.337
-3.461;6.084;2.510;16.346
-3.460;6.087;2.511;16.356
-3.459;6.091;2.513;16.366
-3.458;6.094;2.514;16.375
-3.457;6.098;2.516;16.385
-3.457;6.101;2.517;16.394
-3.456;6.105;2.518;16.404
-3.455;6.108;2.520;16.414
-3.454;6.112;2.521;16.423
-3.453;6.116;2.523;16.433
-3.453;6.119;2.524;16.443
-3.452;6.123;2.526;16.452
-3.451;6.126;2.527;16.462
-3.450;6.130;2.529;16.472
-3.449;6.133;2.530;16.481
-3.448;6.137;2.531;16.491
-3.447;6.140;2.533;16.501
-3.447;6.144;2.534;16.510
-3.446;6.148;2.536;16.520
-3.445;6.151;2.537;16.530
-3.444;6.155;2.539;16.539
-3.443;6.158;2.540;16.549
-3.443;6.162;2.542;16.559
-3.442;6.166;2.543;16.568
-3.441;6.169;2.544;16.578
-3.440;6.173;2.546;16.588
-3.439;6.176;2.547;16.598
-3.438;6.180;2.549;16.607
-3.438;6.184;2.550;16.617
-3.437;6.187;2.552;16.627
-3.436;6.191;2.553;16.636
-3.435;6.194;2.555;16.646
-3.434;6.198;2.556;16.656
-3.433;6.202;2.558;16.666
-3.432;6.205;2.559;16.676
-3.432;6.209;2.561;16.685
-3.431;6.212;2.562;16.695
-3.430;6.216;2.563;16.705
-3.429;6.220;2.565;16.715
-3.428;6.223;2.566;16.724
-3.428;6.227;2.568;16.734
-3.427;6.230;2.569;16.744
-3.426;6.234;2.571;16.754
-3.425;6.238;2.572;16.764
-3.424;6.241;2.574;16.774
-3.423;6.245;2.575;16.783
-3.422;6.249;2.577;16.793
-3.422;6.252;2.578;16.803
-3.421;6.256;2.580;16.813
-3.420;6.260;2.581;16.823
-3.419;6.263;2.583;16.833
-3.418;6.267;2.584;16.843
-3.418;6.270;2.586;16.852
-3.417;6.274;2.587;16.862
-3.416;6.278;2.589;16.872
-3.415;6.281;2.590;16.882
-3.414;6.285;2.591;16.892
-3.413;6.289;2.593;16.902
-3.412;6.292;2.594;16.912
-3.412;6.296;2.596;16.922
-3.411;6.300;2.597;16.932
-3.410;6.303;2.599;16.942
-3.409;6.307;2.600;16.951
-3.408;6.311;2.602;16.961
-3.408;6.314;2.603;16.971
-3.407;6.318;2.605;16.981
-3.406;6.322;2.606;16.991
-3.405;6.325;2.608;17.001
-3.404;6.329;2.609;17.011
-3.403;6.333;2.611;17.021
-3.402;6.337;2.612;17.031
-3.402;6.340;2.614;17.041
-3.401;6.344;2.615;17.051
-3.400;6.348;2.617;17.061
-3.399;6.351;2.618;17.071
-3.398;6.355;2.620;17.081
-3.397;6.359;2.621;17.091
-3.397;6.362;2.623;17.101
-3.396;6.366;2.624;17.111
-3.395;6.370;2.626;17.121
-3.394;6.374;2.627;17.131
-3.393;6.377;2.629;17.141
-3.393;6.381;2.630;17.151
-3.392;6.385;2.632;17.161
-3.391;6.388;2.633;17.171
-3.390;6.392;2.635;17.182
-3.389;6.396;2.636;17.192
-3.388;6.400;2.638;17.202
-3.388;6.403;2.639;17.212
-3.387;6.407;2.641;17.222
-3.386;6.411;2.642;17.232
-3.385;6.414;2.644;17.242
-3.384;6.418;2.645;17.252
-3.383;6.422;2.647;17.262
-3.383;6.426;2.648;17.272
-3.382;6.429;2.650;17.283
-3.381;6.433;2.651;17.293
-3.380;6.437;2.653;17.303
-3.379;6.441;2.654;17.313
-3.378;6.444;2.656;17.323
-3.377;6.448;2.658;17.333
-3.377;6.452;2.659;17.343
-3.376;6.456;2.661;17.354
-3.375;6.459;2.662;17.364
-3.374;6.463;2.664;17.374
-3.373;6.467;2.665;17.384
-3.373;6.471;2.667;17.394
-3.372;6.475;2.668;17.405
-3.371;6.478;2.670;17.415
-3.370;6.482;2.671;17.425
-3.369;6.486;2.673;17.435
-3.368;6.490;2.674;17.445
-3.367;6.493;2.676;17.456
-3.367;6.497;2.677;17.466
-3.366;6.501;2.679;17.476
-3.365;6.505;2.680;17.486
-3.364;6.509;2.682;17.497
-3.363;6.512;2.684;17.507
-3.362;6.516;2.685;17.517
-3.362;6.520;2.687;17.527
-3.361;6.524;2.688;17.538
-3.360;6.528;2.690;17.548
-3.359;6.531;2.691;17.558
-3.358;6.535;2.693;17.569
-3.357;6.539;2.694;17.579
-3.357;6.543;2.696;17.589
-3.356;6.547;2.697;17.600
-3.355;6.550;2.699;17.610
-3.354;6.554;2.700;17.620
-3.353;6.558;2.702;17.630
-3.353;6.562;2.704;17.641
-3.352;6.566;2.705;17.651
-3.351;6.569;2.707;17.662
-3.350;6.573;2.708;17.672
-3.349;6.577;2.710;17.682
-3.348;6.581;2.711;17.693
-3.348;6.585;2.713;17.703
-3.347;6.589;2.714;17.713
-3.346;6.592;2.716;17.724
-3.345;6.596;2.718;17.734
-3.344;6.600;2.719;17.745
-3.343;6.604;2.721;17.755
-3.342;6.608;2.722;17.765
-3.342;6.612;2.724;17.776
-3.341;6.616;2.725;17.786
-3.340;6.619;2.727;17.797
-3.339;6.623;2.728;17.807
-3.338;6.627;2.730;17.818
-3.338;6.631;2.732;17.828
-3.337;6.635;2.733;17.838
-3.336;6.639;2.735;17.849
-3.335;6.643;2.736;17.859
-3.334;6.646;2.738;17.870
-3.333;6.650;2.739;17.880
-3.333;6.654;2.741;17.891
-3.332;6.658;2.743;17.901
-3.331;6.662;2.744;17.912
-3.330;6.666;2.746;17.922
-3.329;6.670;2.747;17.933
-3.328;6.674;2.749;17.943
-3.328;6.677;2.750;17.954
-3.327;6.681;2.752;17.964
-3.326;6.685;2.754;17.975
-3.325;6.689;2.755;17.985
-3.324;6.693;2.757;17.996
-3.323;6.697;2.758;18.007
-3.322;6.701;2.760;18.017
-3.322;6.705;2.761;18.028
-3.321;6.709;2.763;18.038
-3.320;6.713;2.765;18.049
-3.319;6.717;2.766;18.059
-3.318;6.720;2.768;18.070
-3.318;6.724;2.769;18.081
-3.317;6.728;2.771;18.091
-3.316;6.732;2.773;18.102
-3.315;6.736;2.774;18.112
-3.314;6.740;2.776;18.123
-3.313;6.744;2.777;18.134
-3.312;6.748;2.779;18.144
-3.312;6.752;2.781;18.155
-3.311;6.756;2.782;18.166
-3.310;6.760;2.784;18.176
-3.309;6.764;2.785;18.187
-3.308;6.768;2.787;18.198
-3.307;6.772;2.789;18.208
-3.307;6.775;2.790;18.219
-3.306;6.779;2.792;18.230
-3.305;6.783;2.793;18.240
-3.304;6.787;2.795;18.251
-3.303;6.791;2.797;18.262
-3.303;6.795;2.798;18.272
-3.302;6.799;2.800;18.283
-3.301;6.803;2.801;18.294
-3.300;6.807;2.803;18.305
-3.299;6.811;2.805;18.315
-3.298;6.815;2.806;18.326
-3.297;6.819;2.808;18.337
-3.297;6.823;2.809;18.347
-3.296;6.827;2.811;18.358
-3.295;6.831;2.813;18.369
-3.294;6.835;2.814;18.380
-3.293;6.839;2.816;18.391
-3.292;6.843;2.817;18.401
-3.292;6.847;2.819;18.412
-3.291;6.851;2.821;18.423
-3.290;6.855;2.822;18.434
-3.289;6.859;2.824;18.445
-3.288;6.863;2.826;18.455
-3.287;6.867;2.827;18.466
-3.287;6.871;2.829;18.477
-3.286;6.875;2.830;18.488
-3.285;6.879;2.832;18.499
-3.284;6.883;2.834;18.510
-3.283;6.887;2.835;18.520
-3.282;6.891;2.837;18.531
-3.282;6.895;2.839;18.542
-3.281;6.899;2.840;18.553
-3.280;6.903;2.842;18.564
-3.279;6.907;2.843;18.575
-3.278;6.911;2.845;18.586
-3.278;6.915;2.847;18.597
-3.277;6.919;2.848;18.607
-3.276;6.923;2.850;18.618
-3.275;6.927;2.852;18.629
-3.274;6.931;2.853;18.640
-3.273;6.935;2.855;18.651
-3.273;6.939;2.856;18.662
-3.272;6.943;2.858;18.673
-3.271;6.947;2.860;18.684
-3.270;6.951;2.861;18.695
-3.269;6.955;2.863;18.706
-3.268;6.960;2.865;18.717
-3.268;6.964;2.866;18.728
-3.267;6.968;2.868;18.739
-3.266;6.972;2.870;18.750
-3.265;6.976;2.871;18.761
-3.264;6.980;2.873;18.772
-3.263;6.984;2.875;18.783
-3.263;6.988;2.876;18.794
-3.262;6.992;2.878;18.805
-3.261;6.996;2.880;18.816
-3.260;7.000;2.881;18.827
-3.259;7.004;2.883;18.838
-3.258;7.008;2.884;18.849
-3.258;7.012;2.886;18.860
-3.257;7.017;2.888;18.871
-3.256;7.021;2.889;18.882
-3.255;7.025;2.891;18.893
-3.254;7.029;2.893;18.904
-3.253;7.033;2.894;18.915
-3.252;7.037;2.896;18.926
-3.252;7.041;2.898;18.938
-3.251;7.045;2.899;18.949
-3.250;7.049;2.901;18.960
-3.249;7.053;2.903;18.971
-3.248;7.058;2.904;18.982
-3.248;7.062;2.906;18.993
-3.247;7.066;2.908;19.004
-3.246;7.070;2.909;19.015
-3.245;7.074;2.911;19.027
-3.244;7.078;2.913;19.038
-3.243;7.082;2.914;19.049
-3.242;7.086;2.916;19.060
-3.242;7.091;2.918;19.071
-3.241;7.095;2.919;19.082
-3.240;7.099;2.921;19.094
-3.239;7.103;2.923;19.105
-3.238;7.107;2.924;19.116
-3.237;7.111;2.926;19.127
-3.237;7.115;2.928;19.138
-3.236;7.120;2.930;19.150
-3.235;7.124;2.931;19.161
-3.234;7.128;2.933;19.172
-3.233;7.132;2.935;19.183
-3.232;7.136;2.936;19.195
-3.232;7.140;2.938;19.206
-3.231;7.144;2.940;19.217
-3.230;7.149;2.941;19.228
-3.229;7.153;2.943;19.240
-3.228;7.157;2.945;19.251
-3.227;7.161;2.946;19.262
-3.227;7.165;2.948;19.274
-3.226;7.170;2.950;19.285
-3.225;7.174;2.951;19.296
-3.224;7.178;2.953;19.308
-3.223;7.182;2.955;19.319
-3.222;7.186;2.957;19.330
-3.222;7.190;2.958;19.341
-3.221;7.195;2.960;19.353
-3.220;7.199;2.962;19.364
-3.219;7.203;2.963;19.376
-3.218;7.207;2.965;19.387
-3.218;7.211;2.967;19.398
-3.217;7.216;2.968;19.410
-3.216;7.220;2.970;19.421
-3.215;7.224;2.972;19.432
-3.214;7.228;2.974;19.444
-3.213;7.233;2.975;19.455
-3.213;7.237;2.977;19.467
-3.212;7.241;2.979;19.478
-3.211;7.245;2.980;19.489
-3.210;7.249;2.982;19.501
-3.209;7.254;2.984;19.512
-3.208;7.258;2.986;19.524
-3.208;7.262;2.987;19.535
-3.207;7.266;2.989;19.547
-3.206;7.271;2.991;19.558
-3.205;7.275;2.992;19.570
-3.204;7.279;2.994;19.581
-3.203;7.283;2.996;19.593
-3.203;7.288;2.998;19.604
-3.202;7.292;2.999;19.616
-3.201;7.296;3.001;19.627
-3.200;7.300;3.003;19.639
-3.199;7.305;3.004;19.650
-3.198;7.309;3.006;19.662
-3.197;7.313;3.008;19.673
-3.197;7.317;3.010;19.685
-3.196;7.322;3.011;19.696
-3.195;7.326;3.013;19.708
-3.194;7.330;3.015;19.719
-3.193;7.334;3.017;19.731
-3.193;7.339;3.018;19.742
-3.192;7.343;3.020;19.754
-3.191;7.347;3.022;19.766
-3.190;7.352;3.024;19.777
-3.189;7.356;3.025;19.789
-3.188;7.360;3.027;19.800
-3.188;7.364;3.029;19.812
-3.187;7.369;3.030;19.824
-3.186;7.373;3.032;19.835
-3.185;7.377;3.034;19.847
-3.184;7.382;3.036;19.859
-3.183;7.386;3.037;19.870
-3.182;7.390;3.039;19.882
-3.182;7.395;3.041;19.893
-3.181;7.399;3.043;19.905
-3.180;7.403;3.044;19.917
-3.179;7.408;3.046;19.928
-3.178;7.412;3.048;19.940
-3.178;7.416;3.050;19.952
-3.177;7.420;3.051;19.964
-3.176;7.425;3.053;19.975
-3.175;7.429;3.055;19.987
-3.174;7.433;3.057;19.999
-3.173;7.438;3.058;20.010
-3.172;7.442;3.060;20.022
-3.172;7.446;3.062;20.034
-3.171;7.451;3.064;20.046
-3.170;7.455;3.066;20.057
-3.169;7.460;3.067;20.069
-3.168;7.464;3.069;20.081
-3.167;7.468;3.071;20.093
-3.167;7.473;3.073;20.104
-3.166;7.477;3.074;20.116
-3.165;7.481;3.076;20.128
-3.164;7.486;3.078;20.140
-3.163;7.490;3.080;20.152
-3.162;7.494;3.081;20.163
-3.162;7.499;3.083;20.175
-3.161;7.503;3.085;20.187
-3.160;7.508;3.087;20.199
-3.159;7.512;3.089;20.211
-3.158;7.516;3.090;20.223
-3.157;7.521;3.092;20.235
-3.157;7.525;3.094;20.246
-3.156;7.529;3.096;20.258
-3.155;7.534;3.097;20.270
-3.154;7.538;3.099;20.282
-3.153;7.543;3.101;20.294
-3.153;7.547;3.103;20.306
-3.152;7.551;3.105;20.318
-3.151;7.556;3.106;20.330
-3.150;7.560;3.108;20.342
-3.149;7.565;3.110;20.353
-3.148;7.569;3.112;20.365
-3.148;7.574;3.113;20.377
-3.147;7.578;3.115;20.389
-3.146;7.582;3.117;20.401
-3.145;7.587;3.119;20.413
-3.144;7.591;3.121;20.425
-3.143;7.596;3.122;20.437
-3.143;7.600;3.124;20.449
-3.142;7.605;3.126;20.461
-3.141;7.609;3.128;20.473
-3.140;7.613;3.130;20.485
-3.139;7.618;3.131;20.497
-3.138;7.622;3.133;20.509
-3.138;7.627;3.135;20.521
-3.137;7.631;3.137;20.533
-3.136;7.636;3.139;20.545
-3.135;7.640;3.140;20.557
-3.134;7.645;3.142;20.569
-3.133;7.649;3.144;20.581
-3.133;7.653;3.146;20.594
-3.132;7.658;3.148;20.606
-3.131;7.662;3.149;20.618
-3.130;7.667;3.151;20.630
-3.129;7.671;3.153;20.642
-3.128;7.676;3.155;20.654
-3.127;7.680;3.157;20.666
-3.127;7.685;3.159;20.678
-3.126;7.689;3.160;20.690
-3.125;7.694;3.162;20.702
-3.124;7.698;3.164;20.715
-3.123;7.703;3.166;20.727
-3.123;7.707;3.168;20.739
-3.122;7.712;3.169;20.751
-3.121;7.716;3.171;20.763
-3.120;7.721;3.173;20.775
-3.119;7.725;3.175;20.788
-3.118;7.730;3.177;20.800
-3.117;7.734;3.179;20.812
-3.117;7.739;3.180;20.824
-3.116;7.743;3.182;20.836
-3.115;7.748;3.184;20.849
-3.114;7.752;3.186;20.861
-3.113;7.757;3.188;20.873
-3.112;7.761;3.190;20.885
-3.112;7.766;3.191;20.898
-3.111;7.770;3.193;20.910
-3.110;7.775;3.195;20.922
-3.109;7.780;3.197;20.934
-3.108;7.784;3.199;20.947
-3.107;7.789;3.201;20.959
-3.107;7.793;3.202;20.971
-3.106;7.798;3.204;20.983
-3.105;7.802;3.206;20.996
-3.104;7.807;3.208;21.008
-3.103;7.811;3.210;21.020
-3.102;7.816;3.212;21.033
-3.102;7.820;3.214;21.045
-3.101;7.825;3.215;21.057
-3.100;7.830;3.217;21.070
-3.099;7.834;3.219;21.082
-3.098;7.839;3.221;21.094
-3.097;7.843;3.223;21.107
-3.097;7.848;3.225;21.119
-3.096;7.852;3.227;21.132
-3.095;7.857;3.228;21.144
-3.094;7.862;3.230;21.156
-3.093;7.866;3.232;21.169
-3.093;7.871;3.234;21.181
-3.092;7.875;3.236;21.194
-3.091;7.880;3.238;21.206
-3.090;7.885;3.240;21.218
-3.089;7.889;3.241;21.231
-3.088;7.894;3.243;21.243
-3.088;7.898;3.245;21.256
-3.087;7.903;3.247;21.268
-3.086;7.908;3.249;21.281
-3.085;7.912;3.251;21.293
-3.084;7.917;3.253;21.306
-3.083;7.922;3.254;21.318
-3.083;7.926;3.256;21.331
-3.082;7.931;3.258;21.343
-3.081;7.935;3.260;21.356
-3.080;7.940;3.262;21.368
-3.079;7.945;3.264;21.381
-3.078;7.949;3.266;21.393
-3.078;7.954;3.268;21.406
-3.077;7.959;3.270;21.418
-3.076;7.963;3.271;21.431
-3.075;7.968;3.273;21.443
-3.074;7.973;3.275;21.456
-3.073;7.977;3.277;21.469
-3.072;7.982;3.279;21.481
-3.072;7.987;3.281;21.494
-3.071;7.991;3.283;21.506
-3.070;7.996;3.285;21.519
-3.069;8.001;3.286;21.532
-3.068;8.005;3.288;21.544
-3.068;8.010;3.290;21.557
-3.067;8.015;3.292;21.570
-3.066;8.019;3.294;21.582
-3.065;8.024;3.296;21.595
-3.064;8.029;3.298;21.607
-3.063;8.033;3.300;21.620
-3.062;8.038;3.302;21.633
-3.062;8.043;3.304;21.646
-3.061;8.047;3.305;21.658
-3.060;8.052;3.307;21.671
-3.059;8.057;3.309;21.684
-3.058;8.061;3.311;21.696
-3.057;8.066;3.313;21.709
-3.057;8.071;3.315;21.722
-3.056;8.076;3.317;21.735
-3.055;8.080;3.319;21.747
-3.054;8.085;3.321;21.760
-3.053;8.090;3.323;21.773
-3.053;8.094;3.325;21.786
-3.052;8.099;3.326;21.798
-3.051;8.104;3.328;21.811
-3.050;8.109;3.330;21.824
-3.049;8.113;3.332;21.837
-3.048;8.118;3.334;21.849
-3.047;8.123;3.336;21.862
-3.047;8.128;3.338;21.875
-3.046;8.132;3.340;21.888
-3.045;8.137;3.342;21.901
-3.044;8.142;3.344;21.914
-3.043;8.147;3.346;21.926
-3.042;8.151;3.348;21.939
-3.042;8.156;3.350;21.952
-3.041;8.161;3.351;21.965
-3.040;8.166;3.353;21.978
-3.039;8.170;3.355;21.991
-3.038;8.175;3.357;22.004
-3.037;8.180;3.359;22.017
-3.037;8.185;3.361;22.029
-3.036;8.190;3.363;22.042
-3.035;8.194;3.365;22.055
-3.034;8.199;3.367;22.068
-3.033;8.204;3.369;22.081
-3.032;8.209;3.371;22.094
-3.032;8.213;3.373;22.107
-3.031;8.218;3.375;22.120
-3.030;8.223;3.377;22.133
-3.029;8.228;3.379;22.146
-3.028;8.233;3.381;22.159
-3.028;8.237;3.383;22.172
-3.027;8.242;3.384;22.185
-3.026;8.247;3.386;22.198
-3.025;8.252;3.388;22.211
-3.024;8.257;3.390;22.224
-3.023;8.262;3.392;22.237
-3.023;8.266;3.394;22.250
-3.022;8.271;3.396;22.263
-3.021;8.276;3.398;22.276
-3.020;8.281;3.400;22.289
-3.019;8.286;3.402;22.302
-3.018;8.291;3.404;22.315
-3.018;8.295;3.406;22.328
-3.017;8.300;3.408;22.342
-3.016;8.305;3.410;22.355
-3.015;8.310;3.412;22.368
-3.014;8.315;3.414;22.381
-3.013;8.320;3.416;22.394
-3.013;8.325;3.418;22.407
-3.012;8.329;3.420;22.420
-3.011;8.334;3.422;22.433
-3.010;8.339;3.424;22.447
-3.009;8.344;3.426;22.460
-3.008;8.349;3.428;22.473
-3.008;8.354;3.430;22.486
-3.007;8.359;3.432;22.499
-3.006;8.363;3.434;22.512
-3.005;8.368;3.436;22.526
-3.004;8.373;3.438;22.539
-3.003;8.378;3.440;22.552
-3.002;8.383;3.442;22.565
-3.002;8.388;3.444;22.578
-3.001;8.393;3.445;22.592
-3.000;8.398;3.447;22.605
-2.999;8.403;3.449;22.618
-2.998;8.408;3.451;22.631
-2.998;8.412;3.453;22.645
-2.997;8.417;3.455;22.658
-2.996;8.422;3.457;22.671
-2.995;8.427;3.459;22.685
-2.994;8.432;3.461;22.698
-2.993;8.437;3.463;22.711
-2.992;8.442;3.465;22.724
-2.992;8.447;3.467;22.738
-2.991;8.452;3.469;22.751
-2.990;8.457;3.471;22.764
-2.989;8.462;3.473;22.778
-2.988;8.467;3.475;22.791
-2.987;8.472;3.477;22.804
-2.987;8.477;3.479;22.818
-2.986;8.482;3.481;22.831
-2.985;8.486;3.483;22.845
-2.984;8.491;3.485;22.858
-2.983;8.496;3.487;22.871
-2.982;8.501;3.489;22.885
-2.982;8.506;3.491;22.898
-2.981;8.511;3.494;22.912
-2.980;8.516;3.496;22.925
-2.979;8.521;3.498;22.938
-2.978;8.526;3.500;22.952
-2.977;8.531;3.502;22.965
-2.977;8.536;3.504;22.979
-2.976;8.541;3.506;22.992
-2.975;8.546;3.508;23.006
-2.974;8.551;3.510;23.019
-2.973;8.556;3.512;23.033
-2.972;8.561;3.514;23.046
-2.972;8.566;3.516;23.060
-2.971;8.571;3.518;23.073
-2.970;8.576;3.520;23.087
-2.969;8.581;3.522;23.100
-2.968;8.586;3.524;23.114
-2.968;8.591;3.526;23.127
-2.967;8.596;3.528;23.141
-2.966;8.601;3.530;23.155
-2.965;8.606;3.532;23.168
-2.964;8.611;3.534;23.182
-2.963;8.616;3.536;23.195
-2.963;8.621;3.538;23.209
-2.962;8.626;3.540;23.223
-2.961;8.631;3.542;23.236
-2.960;8.636;3.544;23.250
-2.959;8.642;3.546;23.263
-2.958;8.647;3.548;23.277
-2.958;8.652;3.550;23.291
-2.957;8.657;3.552;23.304
-2.956;8.662;3.554;23.318
-2.955;8.667;3.557;23.332
-2.954;8.672;3.559;23.345
-2.953;8.677;3.561;23.359
-2.953;8.682;3.563;23.373
-2.952;8.687;3.565;23.386
-2.951;8.692;3.567;23.400
-2.950;8.697;3.569;23.414
-2.949;8.702;3.571;23.427
-2.948;8.707;3.573;23.441
-2.947;8.712;3.575;23.455
-2.947;8.718;3.577;23.469
-2.946;8.723;3.579;23.482
-2.945;8.728;3.581;23.496
-2.944;8.733;3.583;23.510
-2.943;8.738;3.585;23.524
-2.943;8.743;3.587;23.538
-2.942;8.748;3.590;23.551
-2.941;8.753;3.592;23.565
-2.940;8.758;3.594;23.579
-2.939;8.764;3.596;23.593
-2.938;8.769;3.598;23.607
-2.938;8.774;3.600;23.620
-2.937;8.779;3.602;23.634
-2.936;8.784;3.604;23.648
-2.935;8.789;3.606;23.662
-2.934;8.794;3.608;23.676
-2.933;8.799;3.610;23.690
-2.932;8.805;3.612;23.704
-2.932;8.810;3.614;23.718
-2.931;8.815;3.617;23.731
-2.930;8.820;3.619;23.745
-2.929;8.825;3.621;23.759
-2.928;8.830;3.623;23.773
-2.928;8.836;3.625;23.787
-2.927;8.841;3.627;23.801
-2.926;8.846;3.629;23.815
-2.925;8.851;3.631;23.829
-2.924;8.856;3.633;23.843
-2.923;8.861;3.635;23.857
-2.922;8.867;3.637;23.871
-2.922;8.872;3.640;23.885
-2.921;8.877;3.642;23.899
-2.920;8.882;3.644;23.913
-2.919;8.887;3.646;23.927
-2.918;8.892;3.648;23.941
-2.917;8.898;3.650;23.955
-2.917;8.903;3.652;23.969
-2.916;8.908;3.654;23.983
-2.915;8.913;3.656;23.997
-2.914;8.918;3.659;24.011
-2.913;8.924;3.661;24.025
-2.912;8.929;3.663;24.039
-2.912;8.934;3.665;24.053
-2.911;8.939;3.667;24.067
-2.910;8.945;3.669;24.082
-2.909;8.950;3.671;24.096
-2.908;8.955;3.673;24.110
-2.907;8.960;3.675;24.124
-2.907;8.966;3.678;24.138
-2.906;8.971;3.680;24.152
-2.905;8.976;3.682;24.166
-2.904;8.981;3.684;24.180
-2.903;8.986;3.686;24.195
-2.903;8.992;3.688;24.209
-2.902;8.997;3.690;24.223
-2.901;9.002;3.693;24.237
-2.900;9.008;3.695;24.251
-2.899;9.013;3.697;24.266
-2.898;9.018;3.699;24.280
-2.898;9.023;3.701;24.294
-2.897;9.029;3.703;24.308
-2.896;9.034;3.705;24.323
-2.895;9.039;3.707;24.337
-2.894;9.044;3.710;24.351
-2.893;9.050;3.712;24.365
-2.893;9.055;3.714;24.380
-2.892;9.060;3.716;24.394
-2.891;9.066;3.718;24.408
-2.890;9.071;3.720;24.422
-2.889;9.076;3.722;24.437
-2.888;9.082;3.725;24.451
-2.888;9.087;3.727;24.465
-2.887;9.092;3.729;24.480
-2.886;9.097;3.731;24.494
-2.885;9.103;3.733;24.508
-2.884;9.108;3.735;24.523
-2.883;9.113;3.738;24.537
-2.883;9.119;3.740;24.552
-2.882;9.124;3.742;24.566
-2.881;9.129;3.744;24.580
-2.880;9.135;3.746;24.595
-2.879;9.140;3.748;24.609
-2.878;9.145;3.751;24.624
-2.877;9.151;3.753;24.638
-2.877;9.156;3.755;24.652
-2.876;9.161;3.757;24.667
-2.875;9.167;3.759;24.681
-2.874;9.172;3.761;24.696
-2.873;9.178;3.764;24.710
-2.873;9.183;3.766;24.725
-2.872;9.188;3.768;24.739
-2.871;9.194;3.770;24.754
-2.870;9.199;3.772;24.768
-2.869;9.204;3.774;24.783
-2.868;9.210;3.777;24.797
-2.867;9.215;3.779;24.812
-2.867;9.221;3.781;24.826
-2.866;9.226;3.783;24.841
-2.865;9.231;3.785;24.855
-2.864;9.237;3.788;24.870
-2.863;9.242;3.790;24.885
-2.862;9.248;3.792;24.899
-2.862;9.253;3.794;24.914
-2.861;9.258;3.796;24.928
-2.860;9.264;3.799;24.943
-2.859;9.269;3.801;24.958
-2.858;9.275;3.803;24.972
-2.857;9.280;3.805;24.987
-2.857;9.285;3.807;25.001
-2.856;9.291;3.810;25.016
-2.855;9.296;3.812;25.031
-2.854;9.302;3.814;25.045
-2.853;9.307;3.816;25.060
-2.852;9.313;3.818;25.075
-2.852;9.318;3.821;25.089
-2.851;9.324;3.823;25.104
-2.850;9.329;3.825;25.119
-2.849;9.334;3.827;25.134
-2.848;9.340;3.829;25.148
-2.847;9.345;3.832;25.163
-2.847;9.351;3.834;25.178
-2.846;9.356;3.836;25.192
-2.845;9.362;3.838;25.207
-2.844;9.367;3.840;25.222
-2.843;9.373;3.843;25.237
-2.843;9.378;3.845;25.252
-2.842;9.384;3.847;25.266
-2.841;9.389;3.849;25.281
-2.840;9.395;3.852;25.296
-2.839;9.400;3.854;25.311
-2.838;9.406;3.856;25.326
-2.838;9.411;3.858;25.340
-2.837;9.417;3.861;25.355
-2.836;9.422;3.863;25.370
-2.835;9.428;3.865;25.385
-2.834;9.433;3.867;25.400
-2.833;9.439;3.869;25.415
-2.833;9.444;3.872;25.430
-2.832;9.450;3.874;25.445
-2.831;9.455;3.876;25.459
-2.830;9.461;3.878;25.474
-2.829;9.466;3.881;25.489
-2.828;9.472;3.883;25.504
-2.828;9.477;3.885;25.519
-2.827;9.483;3.887;25.534
-2.826;9.488;3.890;25.549
-2.825;9.494;3.892;25.564
-2.824;9.500;3.894;25.579
-2.823;9.505;3.896;25.594
-2.822;9.511;3.899;25.609
-2.822;9.516;3.901;25.624
-2.821;9.522;3.903;25.639
-2.820;9.527;3.905;25.654
-2.819;9.533;3.908;25.669
-2.818;9.539;3.910;25.684
-2.818;9.544;3.912;25.699
-2.817;9.550;3.914;25.714
-2.816;9.555;3.917;25.729
-2.815;9.561;3.919;25.744
-2.814;9.566;3.921;25.759
-2.813;9.572;3.924;25.774
-2.812;9.578;3.926;25.789
-2.812;9.583;3.928;25.805
-2.811;9.589;3.930;25.820
-2.810;9.594;3.933;25.835
-2.809;9.600;3.935;25.850
-2.808;9.606;3.937;25.865
-2.807;9.611;3.939;25.880
-2.807;9.617;3.942;25.895
-2.806;9.623;3.944;25.911
-2.805;9.628;3.946;25.926
-2.804;9.634;3.949;25.941
-2.803;9.639;3.951;25.956
-2.803;9.645;3.953;25.971
-2.802;9.651;3.955;25.987
-2.801;9.656;3.958;26.002
-2.800;9.662;3.960;26.017
-2.799;9.668;3.962;26.032
-2.798;9.673;3.965;26.047
-2.797;9.679;3.967;26.063
-2.797;9.685;3.969;26.078
-2.796;9.690;3.971;26.093
-2.795;9.696;3.974;26.109
-2.794;9.702;3.976;26.124
-2.793;9.707;3.978;26.139
-2.792;9.713;3.981;26.154
-2.792;9.719;3.983;26.170
-2.791;9.724;3.985;26.185
-2.790;9.730;3.988;26.200
-2.789;9.736;3.990;26.216
-2.788;9.741;3.992;26.231
-2.787;9.747;3.995;26.246
-2.787;9.753;3.997;26.262
-2.786;9.759;3.999;26.277
-2.785;9.764;4.001;26.293
-2.784;9.770;4.004;26.308
-2.783;9.776;4.006;26.323
-2.782;9.781;4.008;26.339
-2.782;9.787;4.011;26.354
-2.781;9.793;4.013;26.370
-2.780;9.799;4.015;26.385
-2.779;9.804;4.018;26.401
-2.778;9.810;4.020;26.416
-2.778;9.816;4.022;26.431
-2.777;9.821;4.025;26.447
-2.776;9.827;4.027;26.462
-2.775;9.833;4.029;26.478
-2.774;9.839;4.032;26.493
-2.773;9.844;4.034;26.509
-2.773;9.850;4.036;26.524
-2.772;9.856;4.039;26.540
-2.771;9.862;4.041;26.556
-2.770;9.868;4.043;26.571
-2.769;9.873;4.046;26.587
-2.768;9.879;4.048;26.602
-2.768;9.885;4.050;26.618
-2.767;9.891;4.053;26.633
-2.766;9.896;4.055;26.649
-2.765;9.902;4.057;26.665
-2.764;9.908;4.060;26.680
-2.763;9.914;4.062;26.696
-2.763;9.920;4.065;26.711
-2.762;9.925;4.067;26.727
-2.761;9.931;4.069;26.743
-2.760;9.937;4.072;26.758
-2.759;9.943;4.074;26.774
-2.758;9.949;4.076;26.790
-2.758;9.954;4.079;26.805
-2.757;9.960;4.081;26.821
-2.756;9.966;4.083;26.837
-2.755;9.972;4.086;26.852
-2.754;9.978;4.088;26.868
-2.753;9.984;4.090;26.884
-2.752;9.989;4.093;26.900
-2.752;9.995;4.095;26.915
-2.751;10.001;4.098;26.931
-2.750;10.007;4.100;26.947
-2.749;10.013;4.102;26.963
-2.748;10.019;4.105;26.978
-2.748;10.025;4.107;26.994
-2.747;10.030;4.109;27.010
-2.746;10.036;4.112;27.026
-2.745;10.042;4.114;27.042
-2.744;10.048;4.117;27.058
-2.743;10.054;4.119;27.073
-2.742;10.060;4.121;27.089
-2.742;10.066;4.124;27.105
-2.741;10.072;4.126;27.121
-2.740;10.077;4.129;27.137
-2.739;10.083;4.131;27.153
-2.738;10.089;4.133;27.169
-2.737;10.095;4.136;27.184
-2.737;10.101;4.138;27.200
-2.736;10.107;4.141;27.216
-2.735;10.113;4.143;27.232
-2.734;10.119;4.145;27.248
-2.733;10.125;4.148;27.264
-2.732;10.131;4.150;27.280
-2.732;10.137;4.153;27.296
-2.731;10.143;4.155;27.312
-2.730;10.148;4.157;27.328
-2.729;10.154;4.160;27.344
-2.728;10.160;4.162;27.360
-2.727;10.166;4.165;27.376
-2.727;10.172;4.167;27.392
-2.726;10.178;4.169;27.408
-2.725;10.184;4.172;27.424
-2.724;10.190;4.174;27.440
-2.723;10.196;4.177;27.456
-2.722;10.202;4.179;27.472
-2.722;10.208;4.182;27.488
-2.721;10.214;4.184;27.504
-2.720;10.220;4.186;27.521
-2.719;10.226;4.189;27.537
-2.718;10.232;4.191;27.553
-2.718;10.238;4.194;27.569
-2.717;10.244;4.196;27.585
-2.716;10.250;4.198;27.601
-2.715;10.256;4.201;27.617
-2.714;10.262;4.203;27.634
-2.713;10.268;4.206;27.650
-2.713;10.274;4.208;27.666
-2.712;10.280;4.211;27.682
-2.711;10.286;4.213;27.698
-2.710;10.292;4.216;27.714
-2.709;10.298;4.218;27.731
-2.708;10.304;4.220;27.747
-2.708;10.310;4.223;27.763
-2.707;10.316;4.225;27.779
-2.706;10.322;4.228;27.796
-2.705;10.328;4.230;27.812
-2.704;10.334;4.233;27.828
-2.703;10.340;4.235;27.844
-2.703;10.346;4.238;27.861
-2.702;10.352;4.240;27.877
-2.701;10.358;4.243;27.893
-2.700;10.364;4.245;27.910
-2.699;10.371;4.247;27.926
-2.698;10.377;4.250;27.942
-2.697;10.383;4.252;27.959
-2.697;10.389;4.255;27.975
-2.696;10.395;4.257;27.991
-2.695;10.401;4.260;28.008
-2.694;10.407;4.262;28.024
-2.693;10.413;4.265;28.041
-2.693;10.419;4.267;28.057
-2.692;10.425;4.270;28.073
-2.691;10.431;4.272;28.090
-2.690;10.437;4.275;28.106
-2.689;10.444;4.277;28.123
-2.688;10.450;4.280;28.139
-2.688;10.456;4.282;28.156
-2.687;10.462;4.285;28.172
-2.686;10.468;4.287;28.189
-2.685;10.474;4.290;28.205
-2.684;10.480;4.292;28.222
-2.683;10.486;4.294;28.238
-2.682;10.493;4.297;28.255
-2.682;10.499;4.299;28.271
-2.681;10.505;4.302;28.288
-2.680;10.511;4.304;28.304
-2.679;10.517;4.307;28.321
-2.678;10.523;4.309;28.337
-2.678;10.529;4.312;28.354
-2.677;10.536;4.314;28.371
-2.676;10.542;4.317;28.387
-2.675;10.548;4.319;28.404
-2.674;10.554;4.322;28.420
-2.673;10.560;4.324;28.437
-2.672;10.567;4.327;28.454
-2.672;10.573;4.329;28.470
-2.671;10.579;4.332;28.487
-2.670;10.585;4.335;28.504
-2.669;10.591;4.337;28.520
-2.668;10.597;4.340;28.537
-2.667;10.604;4.342;28.554
-2.667;10.610;4.345;28.570
-2.666;10.616;4.347;28.587
-2.665;10.622;4.350;28.604
-2.664;10.629;4.352;28.620
-2.663;10.635;4.355;28.637
-2.662;10.641;4.357;28.654
-2.662;10.647;4.360;28.671
-2.661;10.653;4.362;28.688
-2.660;10.660;4.365;28.704
-2.659;10.666;4.367;28.721
-2.658;10.672;4.370;28.738
-2.657;10.678;4.372;28.755
-2.657;10.685;4.375;28.772
-2.656;10.691;4.377;28.788
-2.655;10.697;4.380;28.805
-2.654;10.703;4.383;28.822
-2.653;10.710;4.385;28.839
-2.653;10.716;4.388;28.856
-2.652;10.722;4.390;28.873
-2.651;10.729;4.393;28.889
-2.650;10.735;4.395;28.906
-2.649;10.741;4.398;28.923
-2.648;10.747;4.400;28.940
-2.648;10.754;4.403;28.957
-2.647;10.760;4.405;28.974
-2.646;10.766;4.408;28.991
-2.645;10.773;4.411;29.008
-2.644;10.779;4.413;29.025
-2.643;10.785;4.416;29.042
-2.643;10.791;4.418;29.059
-2.642;10.798;4.421;29.076
-2.641;10.804;4.423;29.093
-2.640;10.810;4.426;29.110
-2.639;10.817;4.429;29.127
-2.638;10.823;4.431;29.144
-2.638;10.829;4.434;29.161
-2.637;10.836;4.436;29.178
-2.636;10.842;4.439;29.195
-2.635;10.848;4.441;29.212
-2.634;10.855;4.444;29.229
-2.633;10.861;4.447;29.246
-2.633;10.868;4.449;29.263
-2.632;10.874;4.452;29.281
-2.631;10.880;4.454;29.298
-2.630;10.887;4.457;29.315
-2.629;10.893;4.459;29.332
-2.628;10.899;4.462;29.349
-2.627;10.906;4.465;29.366
-2.627;10.912;4.467;29.383
-2.626;10.919;4.470;29.401
-2.625;10.925;4.472;29.418
-2.624;10.931;4.475;29.435
-2.623;10.938;4.478;29.452
-2.623;10.944;4.480;29.469
-2.622;10.951;4.483;29.487
-2.621;10.957;4.485;29.504
-2.620;10.963;4.488;29.521
-2.619;10.970;4.491;29.538
-2.618;10.976;4.493;29.556
-2.617;10.983;4.496;29.573
-2.617;10.989;4.498;29.590
-2.616;10.995;4.501;29.608
-2.615;11.002;4.504;29.625
-2.614;11.008;4.506;29.642
-2.613;11.015;4.509;29.659
-2.612;11.021;4.512;29.677
-2.612;11.028;4.514;29.694
-2.611;11.034;4.517;29.712
-2.610;11.041;4.519;29.729
-2.609;11.047;4.522;29.746
-2.608;11.054;4.525;29.764
-2.607;11.060;4.527;29.781
-2.607;11.067;4.530;29.798
-2.606;11.073;4.533;29.816
-2.605;11.079;4.535;29.833
-2.604;11.086;4.538;29.851
-2.603;11.092;4.540;29.868
-2.602;11.099;4.543;29.886
-2.602;11.105;4.546;29.903
-2.601;11.112;4.548;29.921
-2.600;11.118;4.551;29.938
-2.599;11.125;4.554;29.956
-2.598;11.131;4.556;29.973
-2.597;11.138;4.559;29.991
-2.597;11.145;4.562;30.008
-2.596;11.151;4.564;30.026
-2.595;11.158;4.567;30.043
-2.594;11.164;4.570;30.061
-2.593;11.171;4.572;30.078
-2.593;11.177;4.575;30.096
-2.592;11.184;4.578;30.114
-2.591;11.190;4.580;30.131
-2.590;11.197;4.583;30.149
-2.589;11.203;4.586;30.166
-2.588;11.210;4.588;30.184
-2.588;11.217;4.591;30.202
-2.587;11.223;4.593;30.219
-2.586;11.230;4.596;30.237
-2.585;11.236;4.599;30.255
-2.584;11.243;4.602;30.272
-2.583;11.249;4.604;30.290
-2.583;11.256;4.607;30.308
-2.582;11.263;4.610;30.325
-2.581;11.269;4.612;30.343
-2.580;11.276;4.615;30.361
-2.579;11.282;4.618;30.379
-2.578;11.289;4.620;30.396
-2.578;11.296;4.623;30.414
-2.577;11.302;4.626;30.432
-2.576;11.309;4.628;30.450
-2.575;11.315;4.631;30.467
-2.574;11.322;4.634;30.485
-2.573;11.329;4.636;30.503
-2.572;11.335;4.639;30.521
-2.572;11.342;4.642;30.539
-2.571;11.349;4.644;30.557
-2.570;11.355;4.647;30.574
-2.569;11.362;4.650;30.592
-2.568;11.369;4.653;30.610
-2.568;11.375;4.655;30.628
-2.567;11.382;4.658;30.646
-2.566;11.389;4.661;30.664
-2.565;11.395;4.663;30.682
-2.564;11.402;4.666;30.700
-2.563;11.409;4.669;30.718
-2.562;11.415;4.672;30.735
-2.562;11.422;4.674;30.753
-2.561;11.429;4.677;30.771
-2.560;11.435;4.680;30.789
-2.559;11.442;4.682;30.807
-2.558;11.449;4.685;30.825
-2.557;11.455;4.688;30.843
-2.557;11.462;4.691;30.861
-2.556;11.469;4.693;30.879
-2.555;11.476;4.696;30.897
-2.554;11.482;4.699;30.915
-2.553;11.489;4.702;30.934
-2.553;11.496;4.704;30.952
-2.552;11.502;4.707;30.970
-2.551;11.509;4.710;30.988
-2.550;11.516;4.712;31.006
-2.549;11.523;4.715;31.024
-2.548;11.529;4.718;31.042
-2.547;11.536;4.721;31.060
-2.547;11.543;4.723;31.078
-2.546;11.550;4.726;31.097
-2.545;11.556;4.729;31.115
-2.544;11.563;4.732;31.133
-2.543;11.570;4.734;31.151
-2.542;11.577;4.737;31.169
-2.542;11.584;4.740;31.187
-2.541;11.590;4.743;31.206
-2.540;11.597;4.745;31.224
-2.539;11.604;4.748;31.242
-2.538;11.611;4.751;31.260
-2.537;11.618;4.754;31.279
-2.537;11.624;4.756;31.297
-2.536;11.631;4.759;31.315
-2.535;11.638;4.762;31.333
-2.534;11.645;4.765;31.352
-2.533;11.652;4.768;31.370
-2.532;11.658;4.770;31.388
-2.532;11.665;4.773;31.407
-2.531;11.672;4.776;31.425
-2.530;11.679;4.779;31.443
-2.529;11.686;4.781;31.462
-2.528;11.693;4.784;31.480
-2.528;11.699;4.787;31.498
-2.527;11.706;4.790;31.517
-2.526;11.713;4.793;31.535
-2.525;11.720;4.795;31.554
-2.524;11.727;4.798;31.572
-2.523;11.734;4.801;31.591
-2.523;11.741;4.804;31.609
-2.522;11.748;4.807;31.627
-2.521;11.754;4.809;31.646
-2.520;11.761;4.812;31.664
-2.519;11.768;4.815;31.683
-2.518;11.775;4.818;31.701
-2.518;11.782;4.821;31.720
-2.517;11.789;4.823;31.738
-2.516;11.796;4.826;31.757
-2.515;11.803;4.829;31.775
-2.514;11.810;4.832;31.794
-2.513;11.817;4.835;31.813
-2.513;11.823;4.837;31.831
-2.512;11.830;4.840;31.850
-2.511;11.837;4.843;31.868
-2.510;11.844;4.846;31.887
-2.509;11.851;4.849;31.905
-2.508;11.858;4.851;31.924
-2.508;11.865;4.854;31.943
-2.507;11.872;4.857;31.961
-2.506;11.879;4.860;31.980
-2.505;11.886;4.863;31.999
-2.504;11.893;4.866;32.017
-2.503;11.900;4.868;32.036
-2.502;11.907;4.871;32.055
-2.502;11.914;4.874;32.073
-2.501;11.921;4.877;32.092
-2.500;11.928;4.880;32.111
-2.499;11.935;4.883;32.130
-2.498;11.942;4.885;32.148
-2.498;11.949;4.888;32.167
-2.497;11.956;4.891;32.186
-2.496;11.963;4.894;32.205
-2.495;11.970;4.897;32.224
-2.494;11.977;4.900;32.242
-2.493;11.984;4.903;32.261
-2.492;11.991;4.905;32.280
-2.492;11.998;4.908;32.299
-2.491;12.005;4.911;32.318
-2.490;12.012;4.914;32.336
-2.489;12.019;4.917;32.355
-2.488;12.026;4.920;32.374
-2.487;12.033;4.923;32.393
-2.487;12.040;4.925;32.412
-2.486;12.047;4.928;32.431
-2.485;12.054;4.931;32.450
-2.484;12.061;4.934;32.469
-2.483;12.068;4.937;32.488
-2.482;12.075;4.940;32.507
-2.482;12.082;4.943;32.526
-2.481;12.090;4.946;32.545
-2.480;12.097;4.948;32.564
-2.479;12.104;4.951;32.583
-2.478;12.111;4.954;32.602
-2.477;12.118;4.957;32.621
-2.477;12.125;4.960;32.640
-2.476;12.132;4.963;32.659
-2.475;12.139;4.966;32.678
-2.474;12.146;4.969;32.697
-2.473;12.153;4.972;32.716
-2.472;12.161;4.974;32.735
-2.472;12.168;4.977;32.754
-2.471;12.175;4.980;32.773
-2.470;12.182;4.983;32.792
-2.469;12.189;4.986;32.811
-2.468;12.196;4.989;32.831
-2.468;12.203;4.992;32.850
-2.467;12.211;4.995;32.869
-2.466;12.218;4.998;32.888
-2.465;12.225;5.001;32.907
-2.464;12.232;5.003;32.926
-2.463;12.239;5.006;32.946
-2.463;12.246;5.009;32.965
-2.462;12.254;5.012;32.984
-2.461;12.261;5.015;33.003
-2.460;12.268;5.018;33.022
-2.459;12.275;5.021;33.042
-2.458;12.282;5.024;33.061
-2.458;12.290;5.027;33.080
-2.457;12.297;5.030;33.100
-2.456;12.304;5.033;33.119
-2.455;12.311;5.036;33.138
-2.454;12.318;5.039;33.158
-2.453;12.326;5.041;33.177
-2.453;12.333;5.044;33.196
-2.452;12.340;5.047;33.216
-2.451;12.347;5.050;33.235
-2.450;12.354;5.053;33.254
-2.449;12.362;5.056;33.274
-2.448;12.369;5.059;33.293
-2.447;12.376;5.062;33.312
-2.447;12.383;5.065;33.332
-2.446;12.391;5.068;33.351
-2.445;12.398;5.071;33.371
-2.444;12.405;5.074;33.390
-2.443;12.413;5.077;33.410
-2.443;12.420;5.080;33.429
-2.442;12.427;5.083;33.449
-2.441;12.434;5.086;33.468
-2.440;12.442;5.089;33.488
-2.439;12.449;5.092;33.507
-2.438;12.456;5.095;33.527
-2.438;12.464;5.098;33.546
-2.437;12.471;5.101;33.566
-2.436;12.478;5.104;33.585
-2.435;12.485;5.107;33.605
-2.434;12.493;5.109;33.625
-2.433;12.500;5.112;33.644
-2.432;12.507;5.115;33.664
-2.432;12.515;5.118;33.683
-2.431;12.522;5.121;33.703
-2.430;12.529;5.124;33.723
-2.429;12.537;5.127;33.742
-2.428;12.544;5.130;33.762
-2.428;12.551;5.133;33.782
-2.427;12.559;5.136;33.801
-2.426;12.566;5.139;33.821
-2.425;12.574;5.142;33.841
-2.424;12.581;5.145;33.860
-2.423;12.588;5.148;33.880
-2.422;12.596;5.151;33.900
-2.422;12.603;5.154;33.920
-2.421;12.610;5.157;33.939
-2.420;12.618;5.160;33.959
-2.419;12.625;5.163;33.979
-2.418;12.633;5.166;33.999
-2.417;12.640;5.169;34.019
-2.417;12.647;5.172;34.038
-2.416;12.655;5.175;34.058
-2.415;12.662;5.178;34.078
-2.414;12.670;5.181;34.098
-2.413;12.677;5.184;34.118
-2.412;12.685;5.187;34.138
-2.412;12.692;5.191;34.158
-2.411;12.699;5.194;34.177
-2.410;12.707;5.197;34.197
-2.409;12.714;5.200;34.217
-2.408;12.722;5.203;34.237
-2.407;12.729;5.206;34.257
-2.407;12.737;5.209;34.277
-2.406;12.744;5.212;34.297
-2.405;12.752;5.215;34.317
-2.404;12.759;5.218;34.337
-2.403;12.767;5.221;34.357
-2.403;12.774;5.224;34.377
-2.402;12.782;5.227;34.397
-2.401;12.789;5.230;34.417
-2.400;12.797;5.233;34.437
-2.399;12.804;5.236;34.457
-2.398;12.812;5.239;34.477
-2.398;12.819;5.242;34.497
-2.397;12.827;5.245;34.517
-2.396;12.834;5.248;34.538
-2.395;12.842;5.251;34.558
-2.394;12.849;5.254;34.578
-2.393;12.857;5.258;34.598
-2.393;12.864;5.261;34.618
-2.392;12.872;5.264;34.638
-2.391;12.879;5.267;34.658
-2.390;12.887;5.270;34.679
-2.389;12.894;5.273;34.699
-2.388;12.902;5.276;34.719
-2.388;12.910;5.279;34.739
-2.387;12.917;5.282;34.759
-2.386;12.925;5.285;34.780
-2.385;12.932;5.288;34.800
-2.384;12.940;5.291;34.820
-2.383;12.947;5.294;34.840
-2.383;12.955;5.298;34.861
-2.382;12.963;5.301;34.881
-2.381;12.970;5.304;34.901
-2.380;12.978;5.307;34.922
-2.379;12.985;5.310;34.942
-2.378;12.993;5.313;34.962
-2.377;13.001;5.316;34.983
-2.377;13.008;5.319;35.003
-2.376;13.016;5.322;35.023
-2.375;13.024;5.325;35.044
-2.374;13.031;5.329;35.064
-2.373;13.039;5.332;35.085
-2.373;13.046;5.335;35.105
-2.372;13.054;5.338;35.125
-2.371;13.062;5.341;35.146
-2.370;13.069;5.344;35.166
-2.369;13.077;5.347;35.187
-2.368;13.085;5.350;35.207
-2.367;13.092;5.353;35.228
-2.367;13.100;5.357;35.248
-2.366;13.108;5.360;35.269
-2.365;13.115;5.363;35.289
-2.364;13.123;5.366;35.310
-2.363;13.131;5.369;35.330
-2.362;13.139;5.372;35.351
-2.362;13.146;5.375;35.371
-2.361;13.154;5.379;35.392
-2.360;13.162;5.382;35.413
-2.359;13.169;5.385;35.433
-2.358;13.177;5.388;35.454
-2.357;13.185;5.391;35.475
-2.357;13.193;5.394;35.495
-2.356;13.200;5.397;35.516
-2.355;13.208;5.401;35.536
-2.354;13.216;5.404;35.557
-2.353;13.224;5.407;35.578
-2.352;13.231;5.410;35.599
-2.352;13.239;5.413;35.619
-2.351;13.247;5.416;35.640
-2.350;13.255;5.420;35.661
-2.349;13.262;5.423;35.681
-2.348;13.270;5.426;35.702
-2.347;13.278;5.429;35.723
-2.347;13.286;5.432;35.744
-2.346;13.294;5.435;35.764
-2.345;13.301;5.439;35.785
-2.344;13.309;5.442;35.806
-2.343;13.317;5.445;35.827
-2.343;13.325;5.448;35.848
-2.342;13.333;5.451;35.869
-2.341;13.340;5.454;35.889
-2.340;13.348;5.458;35.910
-2.339;13.356;5.461;35.931
-2.338;13.364;5.464;35.952
-2.338;13.372;5.467;35.973
-2.337;13.380;5.470;35.994
-2.336;13.387;5.474;36.015
-2.335;13.395;5.477;36.036
-2.334;13.403;5.480;36.057
-2.333;13.411;5.483;36.078
-2.333;13.419;5.486;36.099
-2.332;13.427;5.490;36.120
-2.331;13.435;5.493;36.141
-2.330;13.442;5.496;36.162
-2.329;13.450;5.499;36.183
-2.328;13.458;5.502;36.204
-2.328;13.466;5.506;36.225
-2.327;13.474;5.509;36.246
-2.326;13.482;5.512;36.267
-2.325;13.490;5.515;36.288
-2.324;13.498;5.519;36.309
-2.323;13.506;5.522;36.330
-2.322;13.514;5.525;36.351
-2.322;13.521;5.528;36.372
-2.321;13.529;5.531;36.394
-2.320;13.537;5.535;36.415
-2.319;13.545;5.538;36.436
-2.318;13.553;5.541;36.457
-2.318;13.561;5.544;36.478
-2.317;13.569;5.548;36.499
-2.316;13.577;5.551;36.521
-2.315;13.585;5.554;36.542
-2.314;13.593;5.557;36.563
-2.313;13.601;5.561;36.584
-2.312;13.609;5.564;36.606
-2.312;13.617;5.567;36.627
-2.311;13.625;5.570;36.648
-2.310;13.633;5.574;36.669
-2.309;13.641;5.577;36.691
-2.308;13.649;5.580;36.712
-2.307;13.657;5.583;36.733
-2.307;13.665;5.587;36.755
-2.306;13.673;5.590;36.776
-2.305;13.681;5.593;36.797
-2.304;13.689;5.597;36.819
-2.303;13.697;5.600;36.840
-2.303;13.705;5.603;36.862
-2.302;13.713;5.606;36.883
-2.301;13.721;5.610;36.904
-2.300;13.729;5.613;36.926
-2.299;13.737;5.616;36.947
-2.298;13.745;5.619;36.969
-2.297;13.753;5.623;36.990
-2.297;13.761;5.626;37.012
-2.296;13.769;5.629;37.033
-2.295;13.778;5.633;37.055
-2.294;13.786;5.636;37.076
-2.293;13.794;5.639;37.098
-2.292;13.802;5.643;37.119
-2.292;13.810;5.646;37.141
-2.291;13.818;5.649;37.162
-2.290;13.826;5.652;37.184
-2.289;13.834;5.656;37.206
-2.288;13.842;5.659;37.227
-2.287;13.850;5.662;37.249
-2.287;13.859;5.666;37.270
-2.286;13.867;5.669;37.292
-2.285;13.875;5.672;37.314
-2.284;13.883;5.676;37.335
-2.283;13.891;5.679;37.357
-2.282;13.899;5.682;37.379
-2.282;13.907;5.686;37.400
-2.281;13.916;5.689;37.422
-2.280;13.924;5.692;37.444
-2.279;13.932;5.696;37.466
-2.278;13.940;5.699;37.487
-2.278;13.948;5.702;37.509
-2.277;13.956;5.706;37.531
-2.276;13.965;5.709;37.553
-2.275;13.973;5.712;37.575
-2.274;13.981;5.716;37.596
-2.273;13.989;5.719;37.618
-2.273;13.997;5.722;37.640
-2.272;14.006;5.726;37.662
-2.271;14.014;5.729;37.684
-2.270;14.022;5.732;37.706
-2.269;14.030;5.736;37.727
-2.268;14.039;5.739;37.749
-2.268;14.047;5.742;37.771
-2.267;14.055;5.746;37.793
-2.266;14.063;5.749;37.815
-2.265;14.072;5.753;37.837
-2.264;14.080;5.756;37.859
-2.263;14.088;5.759;37.881
-2.263;14.096;5.763;37.903
-2.262;14.105;5.766;37.925
-2.261;14.113;5.769;37.947
-2.260;14.121;5.773;37.969
-2.259;14.129;5.776;37.991
-2.258;14.138;5.780;38.013
-2.258;14.146;5.783;38.035
-2.257;14.154;5.786;38.057
-2.256;14.163;5.790;38.079
-2.255;14.171;5.793;38.101
-2.254;14.179;5.796;38.123
-2.253;14.188;5.800;38.145
-2.252;14.196;5.803;38.168
-2.252;14.204;5.807;38.190
-2.251;14.213;5.810;38.212
-2.250;14.221;5.813;38.234
-2.249;14.229;5.817;38.256
-2.248;14.238;5.820;38.278
-2.248;14.246;5.824;38.301
-2.247;14.254;5.827;38.323
-2.246;14.263;5.831;38.345
-2.245;14.271;5.834;38.367
-2.244;14.279;5.837;38.389
-2.243;14.288;5.841;38.412
-2.242;14.296;5.844;38.434
-2.242;14.305;5.848;38.456
-2.241;14.313;5.851;38.479
-2.240;14.321;5.854;38.501
-2.239;14.330;5.858;38.523
-2.238;14.338;5.861;38.545
-2.237;14.347;5.865;38.568
-2.237;14.355;5.868;38.590
-2.236;14.363;5.872;38.613
-2.235;14.372;5.875;38.635
-2.234;14.380;5.879;38.657
-2.233;14.389;5.882;38.680
-2.232;14.397;5.885;38.702
-2.232;14.406;5.889;38.725
-2.231;14.414;5.892;38.747
-2.230;14.423;5.896;38.769
-2.229;14.431;5.899;38.792
-2.228;14.439;5.903;38.814
-2.227;14.448;5.906;38.837
-2.227;14.456;5.910;38.859
-2.226;14.465;5.913;38.882
-2.225;14.473;5.917;38.904
-2.224;14.482;5.920;38.927
-2.223;14.490;5.923;38.949
-2.222;14.499;5.927;38.972
-2.222;14.507;5.930;38.995
-2.221;14.516;5.934;39.017
-2.220;14.524;5.937;39.040
-2.219;14.533;5.941;39.062
-2.218;14.541;5.944;39.085
-2.218;14.550;5.948;39.108
-2.217;14.559;5.951;39.130
-2.216;14.567;5.955;39.153
-2.215;14.576;5.958;39.176
-2.214;14.584;5.962;39.198
-2.213;14.593;5.965;39.221
-2.213;14.601;5.969;39.244
-2.212;14.610;5.972;39.266
-2.211;14.618;5.976;39.289
-2.210;14.627;5.979;39.312
-2.209;14.636;5.983;39.335
-2.208;14.644;5.986;39.358
-2.208;14.653;5.990;39.380
-2.207;14.661;5.993;39.403
-2.206;14.670;5.997;39.426
-2.205;14.679;6.000;39.449
-2.204;14.687;6.004;39.472
-2.203;14.696;6.007;39.494
-2.203;14.705;6.011;39.517
-2.202;14.713;6.014;39.540
-2.201;14.722;6.018;39.563
-2.200;14.730;6.022;39.586
-2.199;14.739;6.025;39.609
-2.198;14.748;6.029;39.632
-2.197;14.756;6.032;39.655
-2.197;14.765;6.036;39.678
-2.196;14.774;6.039;39.701
-2.195;14.782;6.043;39.724
-2.194;14.791;6.046;39.747
-2.193;14.800;6.050;39.770
-2.193;14.808;6.053;39.793
-2.192;14.817;6.057;39.816
-2.191;14.826;6.061;39.839
-2.190;14.835;6.064;39.862
-2.189;14.843;6.068;39.885
-2.188;14.852;6.071;39.908
-2.188;14.861;6.075;39.931
-2.187;14.869;6.078;39.954
-2.186;14.878;6.082;39.977
-2.185;14.887;6.085;40.000
-2.184;14.896;6.089;40.023
-2.183;14.904;6.093;40.047
-2.182;14.913;6.096;40.070
-2.182;14.922;6.100;40.093
-2.181;14.931;6.103;40.116
-2.180;14.939;6.107;40.139
-2.179;14.948;6.111;40.162
-2.178;14.957;6.114;40.186
-2.178;14.966;6.118;40.209
-2.177;14.974;6.121;40.232
-2.176;14.983;6.125;40.255
-2.175;14.992;6.128;40.279
-2.174;15.001;6.132;40.302
-2.173;15.010;6.136;40.325
-2.172;15.018;6.139;40.349
-2.172;15.027;6.143;40.372
-2.171;15.036;6.147;40.395
-2.170;15.045;6.150;40.419
-2.169;15.054;6.154;40.442
-2.168;15.063;6.157;40.465
-2.167;15.071;6.161;40.489
-2.167;15.080;6.165;40.512
-2.166;15.089;6.168;40.536
-2.165;15.098;6.172;40.559
-2.164;15.107;6.175;40.582
-2.163;15.116;6.179;40.606
-2.162;15.125;6.183;40.629
-2.162;15.134;6.186;40.653
-2.161;15.142;6.190;40.676
-2.160;15.151;6.194;40.700
-2.159;15.160;6.197;40.723
-2.158;15.169;6.201;40.747
-2.157;15.178;6.205;40.770
-2.157;15.187;6.208;40.794
-2.156;15.196;6.212;40.817
-2.155;15.205;6.215;40.841
-2.154;15.214;6.219;40.865
-2.153;15.223;6.223;40.888
-2.153;15.232;6.226;40.912
-2.152;15.240;6.230;40.935
-2.151;15.249;6.234;40.959
-2.150;15.258;6.237;40.983
-2.149;15.267;6.241;41.006
-2.148;15.276;6.245;41.030
-2.148;15.285;6.248;41.054
-2.147;15.294;6.252;41.078
-2.146;15.303;6.256;41.101
-2.145;15.312;6.259;41.125
-2.144;15.321;6.263;41.149
-2.143;15.330;6.267;41.172
-2.143;15.339;6.271;41.196
-2.142;15.348;6.274;41.220
-2.141;15.357;6.278;41.244
-2.140;15.366;6.282;41.268
-2.139;15.375;6.285;41.291
-2.138;15.384;6.289;41.315
-2.138;15.393;6.293;41.339
-2.137;15.402;6.296;41.363
-2.136;15.411;6.300;41.387
-2.135;15.420;6.304;41.411
-2.134;15.430;6.308;41.435
-2.133;15.439;6.311;41.459
-2.133;15.448;6.315;41.482
-2.132;15.457;6.319;41.506
-2.131;15.466;6.322;41.530
-2.130;15.475;6.326;41.554
-2.129;15.484;6.330;41.578
-2.128;15.493;6.334;41.602
-2.127;15.502;6.337;41.626
-2.127;15.511;6.341;41.650
-2.126;15.520;6.345;41.674
-2.125;15.529;6.348;41.698
-2.124;15.539;6.352;41.722
-2.123;15.548;6.356;41.746
-2.123;15.557;6.360;41.771
-2.122;15.566;6.363;41.795
-2.121;15.575;6.367;41.819
-2.120;15.584;6.371;41.843
-2.119;15.593;6.375;41.867
-2.118;15.603;6.378;41.891
-2.117;15.612;6.382;41.915
-2.117;15.621;6.386;41.939
-2.116;15.630;6.390;41.964
-2.115;15.639;6.393;41.988
-2.114;15.648;6.397;42.012
-2.113;15.658;6.401;42.036
-2.112;15.667;6.405;42.060
-2.112;15.676;6.409;42.085
-2.111;15.685;6.412;42.109
-2.110;15.694;6.416;42.133
-2.109;15.704;6.420;42.158
-2.108;15.713;6.424;42.182
-2.107;15.722;6.427;42.206
-2.107;15.731;6.431;42.230
-2.106;15.741;6.435;42.255
-2.105;15.750;6.439;42.279
-2.104;15.759;6.443;42.303
-2.103;15.768;6.446;42.328
-2.102;15.778;6.450;42.352
-2.102;15.787;6.454;42.377
-2.101;15.796;6.458;42.401
-2.100;15.805;6.462;42.425
-2.099;15.815;6.465;42.450
-2.098;15.824;6.469;42.474
-2.097;15.833;6.473;42.499
-2.097;15.843;6.477;42.523
-2.096;15.852;6.481;42.548
-2.095;15.861;6.484;42.572
-2.094;15.871;6.488;42.597
-2.093;15.880;6.492;42.621
-2.093;15.889;6.496;42.646
-2.092;15.899;6.500;42.670
-2.091;15.908;6.504;42.695
-2.090;15.917;6.507;42.720
-2.089;15.927;6.511;42.744
-2.088;15.936;6.515;42.769
-2.088;15.945;6.519;42.793
-2.087;15.955;6.523;42.818
-2.086;15.964;6.527;42.843
-2.085;15.973;6.530;42.867
-2.084;15.983;6.534;42.892
-2.083;15.992;6.538;42.917
-2.083;16.002;6.542;42.941
-2.082;16.011;6.546;42.966
-2.081;16.020;6.550;42.991
-2.080;16.030;6.554;43.016
-2.079;16.039;6.557;43.040
-2.078;16.049;6.561;43.065
-2.078;16.058;6.565;43.090
-2.077;16.068;6.569;43.115
-2.076;16.077;6.573;43.139
-2.075;16.086;6.577;43.164
-2.074;16.096;6.581;43.189
-2.073;16.105;6.585;43.214
-2.072;16.115;6.588;43.239
-2.072;16.124;6.592;43.264
-2.071;16.134;6.596;43.289
-2.070;16.143;6.600;43.313
-2.069;16.153;6.604;43.338
-2.068;16.162;6.608;43.363
-2.068;16.172;6.612;43.388
-2.067;16.181;6.616;43.413
-2.066;16.191;6.620;43.438
-2.065;16.200;6.624;43.463
-2.064;16.210;6.627;43.488
-2.063;16.219;6.631;43.513
-2.062;16.229;6.635;43.538
-2.062;16.238;6.639;43.563
-2.061;16.248;6.643;43.588
-2.060;16.257;6.647;43.613
-2.059;16.267;6.651;43.638
-2.058;16.277;6.655;43.663
-2.057;16.286;6.659;43.688
-2.057;16.296;6.663;43.714
-2.056;16.305;6.667;43.739
-2.055;16.315;6.671;43.764
-2.054;16.324;6.675;43.789
-2.053;16.334;6.678;43.814
-2.053;16.344;6.682;43.839
-2.052;16.353;6.686;43.864
-2.051;16.363;6.690;43.890
-2.050;16.372;6.694;43.915
-2.049;16.382;6.698;43.940
-2.048;16.392;6.702;43.965
-2.047;16.401;6.706;43.991
-2.047;16.411;6.710;44.016
-2.046;16.421;6.714;44.041
-2.045;16.430;6.718;44.066
-2.044;16.440;6.722;44.092
-2.043;16.450;6.726;44.117
-2.042;16.459;6.730;44.142
-2.042;16.469;6.734;44.168
-2.041;16.479;6.738;44.193
-2.040;16.488;6.742;44.218
-2.039;16.498;6.746;44.244
-2.038;16.508;6.750;44.269
-2.037;16.517;6.754;44.295
-2.037;16.527;6.758;44.320
-2.036;16.537;6.762;44.346
-2.035;16.546;6.766;44.371
-2.034;16.556;6.770;44.396
-2.033;16.566;6.774;44.422
-2.032;16.576;6.778;44.447
-2.032;16.585;6.782;44.473
-2.031;16.595;6.786;44.498
-2.030;16.605;6.790;44.524
-2.029;16.615;6.794;44.549
-2.028;16.624;6.798;44.575
-2.028;16.634;6.802;44.601
-2.027;16.644;6.806;44.626
-2.026;16.654;6.810;44.652
-2.025;16.664;6.814;44.677
-2.024;16.673;6.818;44.703
-2.023;16.683;6.822;44.729
-2.023;16.693;6.826;44.754
-2.022;16.703;6.830;44.780
-2.021;16.713;6.834;44.806
-2.020;16.722;6.838;44.831
-2.019;16.732;6.842;44.857
-2.018;16.742;6.846;44.883
-2.018;16.752;6.850;44.908
-2.017;16.762;6.854;44.934
-2.016;16.772;6.858;44.960
-2.015;16.782;6.862;44.986
-2.014;16.791;6.867;45.011
-2.013;16.801;6.871;45.037
-2.013;16.811;6.875;45.063
-2.012;16.821;6.879;45.089
-2.011;16.831;6.883;45.115
-2.010;16.841;6.887;45.141
-2.009;16.851;6.891;45.166
-2.008;16.861;6.895;45.192
-2.008;16.871;6.899;45.218
-2.007;16.880;6.903;45.244
-2.006;16.890;6.907;45.270
-2.005;16.900;6.911;45.296
-2.004;16.910;6.915;45.322
-2.003;16.920;6.920;45.348
-2.002;16.930;6.924;45.374
-2.002;16.940;6.928;45.400
-2.001;16.950;6.932;45.426
-2.000;16.960;6.936;45.452
-1.999;16.970;6.940;45.478
-1.998;16.980;6.944;45.504
-1.998;16.990;6.948;45.530
-1.997;17.000;6.952;45.556
-1.996;17.010;6.957;45.582
-1.995;17.020;6.961;45.608
-1.994;17.030;6.965;45.634
-1.993;17.040;6.969;45.660
-1.992;17.050;6.973;45.686
-1.992;17.060;6.977;45.713
-1.991;17.070;6.981;45.739
-1.990;17.080;6.985;45.765
-1.989;17.090;6.990;45.791
-1.988;17.100;6.994;45.817
-1.987;17.110;6.998;45.843
-1.987;17.120;7.002;45.870
-1.986;17.130;7.006;45.896
-1.985;17.140;7.010;45.922
-1.984;17.150;7.014;45.948
-1.983;17.161;7.019;45.975
-1.982;17.171;7.023;46.001
-1.982;17.181;7.027;46.027
-1.981;17.191;7.031;46.054
-1.980;17.201;7.035;46.080
-1.979;17.211;7.039;46.106
-1.978;17.221;7.044;46.133
-1.977;17.231;7.048;46.159
-1.977;17.241;7.052;46.185
-1.976;17.252;7.056;46.212
-1.975;17.262;7.060;46.238
-1.974;17.272;7.064;46.265
-1.973;17.282;7.069;46.291
-1.972;17.292;7.073;46.317
-1.972;17.302;7.077;46.344
-1.971;17.313;7.081;46.370
-1.970;17.323;7.085;46.397
-1.969;17.333;7.090;46.423
-1.968;17.343;7.094;46.450
-1.968;17.353;7.098;46.476
-1.967;17.364;7.102;46.503
-1.966;17.374;7.107;46.530
-1.965;17.384;7.111;46.556
-1.964;17.394;7.115;46.583
-1.963;17.404;7.119;46.609
-1.963;17.415;7.123;46.636
-1.962;17.425;7.128;46.663
-1.961;17.435;7.132;46.689
-1.960;17.445;7.136;46.716
-1.959;17.456;7.140;46.742
-1.958;17.466;7.145;46.769
-1.958;17.476;7.149;46.796
-1.957;17.486;7.153;46.823
-1.956;17.497;7.157;46.849
-1.955;17.507;7.162;46.876
-1.954;17.517;7.166;46.903
-1.953;17.528;7.170;46.929
-1.953;17.538;7.174;46.956
-1.952;17.548;7.179;46.983
-1.951;17.559;7.183;47.010
-1.950;17.569;7.187;47.037
-1.949;17.579;7.191;47.063
-1.948;17.590;7.196;47.090
-1.947;17.600;7.200;47.117
-1.947;17.610;7.204;47.144
-1.946;17.621;7.208;47.171
-1.945;17.631;7.213;47.198
-1.944;17.641;7.217;47.225
-1.943;17.652;7.221;47.252
-1.943;17.662;7.226;47.279
-1.942;17.673;7.230;47.306
-1.941;17.683;7.234;47.332
-1.940;17.693;7.239;47.359
-1.939;17.704;7.243;47.386
-1.938;17.714;7.247;47.413
-1.938;17.725;7.251;47.440
-1.937;17.735;7.256;47.467
-1.936;17.745;7.260;47.495
-1.935;17.756;7.264;47.522
-1.934;17.766;7.269;47.549
-1.933;17.777;7.273;47.576
-1.932;17.787;7.277;47.603
-1.932;17.798;7.282;47.630
-1.931;17.808;7.286;47.657
-1.930;17.819;7.290;47.684
-1.929;17.829;7.295;47.711
-1.928;17.840;7.299;47.738
-1.928;17.850;7.303;47.766
-1.927;17.861;7.308;47.793
-1.926;17.871;7.312;47.820
-1.925;17.882;7.316;47.847
-1.924;17.892;7.321;47.874
-1.923;17.903;7.325;47.902
-1.922;17.913;7.329;47.929
-1.922;17.924;7.334;47.956
-1.921;17.934;7.338;47.984
-1.920;17.945;7.343;48.011
-1.919;17.955;7.347;48.038
-1.918;17.966;7.351;48.065
-1.917;17.977;7.356;48.093
-1.917;17.987;7.360;48.120
-1.916;17.998;7.364;48.148
-1.915;18.008;7.369;48.175
-1.914;18.019;7.373;48.202
-1.913;18.030;7.378;48.230
-1.912;18.040;7.382;48.257
-1.912;18.051;7.386;48.285
-1.911;18.061;7.391;48.312
-1.910;18.072;7.395;48.339
-1.909;18.083;7.400;48.367
-1.908;18.093;7.404;48.394
-1.907;18.104;7.408;48.422
-1.907;18.115;7.413;48.449
-1.906;18.125;7.417;48.477
-1.905;18.136;7.422;48.504
-1.904;18.147;7.426;48.532
-1.903;18.157;7.431;48.560
-1.903;18.168;7.435;48.587
-1.902;18.179;7.439;48.615
-1.901;18.189;7.444;48.642
-1.900;18.200;7.448;48.670
-1.899;18.211;7.453;48.698
-1.898;18.222;7.457;48.725
-1.898;18.232;7.462;48.753
-1.897;18.243;7.466;48.781
-1.896;18.254;7.470;48.808
-1.895;18.264;7.475;48.836
-1.894;18.275;7.479;48.864
-1.893;18.286;7.484;48.891
-1.893;18.297;7.488;48.919
-1.892;18.308;7.493;48.947
-1.891;18.318;7.497;48.975
-1.890;18.329;7.502;49.003
-1.889;18.340;7.506;49.030
-1.888;18.351;7.511;49.058
-1.888;18.361;7.515;49.086
-1.887;18.372;7.520;49.114
-1.886;18.383;7.524;49.142
-1.885;18.394;7.529;49.170
-1.884;18.405;7.533;49.197
-1.883;18.416;7.538;49.225
-1.883;18.426;7.542;49.253
-1.882;18.437;7.547;49.281
-1.881;18.448;7.551;49.309
-1.880;18.459;7.556;49.337
-1.879;18.470;7.560;49.365
-1.878;18.481;7.565;49.393
-1.877;18.492;7.569;49.421
-1.877;18.502;7.574;49.449
-1.876;18.513;7.578;49.477
-1.875;18.524;7.583;49.505
-1.874;18.535;7.587;49.533
-1.873;18.546;7.592;49.561
-1.873;18.557;7.596;49.589
-1.872;18.568;7.601;49.617
-1.871;18.579;7.605;49.645
-1.870;18.590;7.610;49.673
-1.869;18.601;7.614;49.702
-1.868;18.612;7.619;49.730
-1.867;18.623;7.624;49.758
-1.867;18.634;7.628;49.786
-1.866;18.645;7.633;49.814
-1.865;18.656;7.637;49.842
-1.864;18.667;7.642;49.871
-1.863;18.678;7.646;49.899
-1.862;18.689;7.651;49.927
-1.862;18.700;7.656;49.955
-1.861;18.711;7.660;49.983
-1.860;18.722;7.665;50.012
-1.859;18.733;7.669;50.040
-1.858;18.744;7.674;50.068
-1.857;18.755;7.678;50.097
-1.857;18.766;7.683;50.125
-1.856;18.777;7.688;50.153
-1.855;18.788;7.692;50.182
-1.854;18.799;7.697;50.210
-1.853;18.810;7.701;50.238
-1.852;18.821;7.706;50.267
-1.852;18.832;7.711;50.295
-1.851;18.843;7.715;50.324
-1.850;18.854;7.720;50.352
-1.849;18.865;7.725;50.380
-1.848;18.877;7.729;50.409
-1.847;18.888;7.734;50.437
-1.847;18.899;7.738;50.466
-1.846;18.910;7.743;50.494
-1.845;18.921;7.748;50.523
-1.844;18.932;7.752;50.551
-1.843;18.943;7.757;50.580
-1.843;18.955;7.762;50.609
-1.842;18.966;7.766;50.637
-1.841;18.977;7.771;50.666
-1.840;18.988;7.776;50.694
-1.839;18.999;7.780;50.723
-1.838;19.010;7.785;50.751
-1.838;19.022;7.790;50.780
-1.837;19.033;7.794;50.809
-1.836;19.044;7.799;50.837
-1.835;19.055;7.804;50.866
-1.834;19.067;7.808;50.895
-1.833;19.078;7.813;50.924
-1.833;19.089;7.818;50.952
-1.832;19.100;7.822;50.981
-1.831;19.111;7.827;51.010
-1.830;19.123;7.832;51.038
-1.829;19.134;7.836;51.067
-1.828;19.145;7.841;51.096
-1.828;19.157;7.846;51.125
-1.827;19.168;7.850;51.154
-1.826;19.179;7.855;51.182
-1.825;19.190;7.860;51.211
-1.824;19.202;7.865;51.240
-1.823;19.213;7.869;51.269
-1.822;19.224;7.874;51.298
-1.822;19.236;7.879;51.327
-1.821;19.247;7.883;51.356
-1.820;19.258;7.888;51.385
-1.819;19.270;7.893;51.413
-1.818;19.281;7.898;51.442
-1.818;19.292;7.902;51.471
-1.817;19.304;7.907;51.500
-1.816;19.315;7.912;51.529
-1.815;19.327;7.917;51.558
-1.814;19.338;7.921;51.587
-1.813;19.349;7.926;51.616
-1.812;19.361;7.931;51.645
-1.812;19.372;7.936;51.674
-1.811;19.384;7.940;51.704
-1.810;19.395;7.945;51.733
-1.809;19.406;7.950;51.762
-1.808;19.418;7.955;51.791
-1.807;19.429;7.960;51.820
-1.807;19.441;7.964;51.849
-1.806;19.452;7.969;51.878
-1.805;19.464;7.974;51.907
-1.804;19.475;7.979;51.937
-1.803;19.487;7.984;51.966
-1.803;19.498;7.988;51.995
-1.802;19.510;7.993;52.024
-1.801;19.521;7.998;52.053
-1.800;19.533;8.003;52.083
-1.799;19.544;8.008;52.112
-1.798;19.556;8.012;52.141
-1.797;19.567;8.017;52.170
-1.797;19.579;8.022;52.200
-1.796;19.590;8.027;52.229
-1.795;19.602;8.032;52.258
-1.794;19.613;8.036;52.288
-1.793;19.625;8.041;52.317
-1.792;19.637;8.046;52.346
-1.792;19.648;8.051;52.376
-1.791;19.660;8.056;52.405
-1.790;19.671;8.061;52.435
-1.789;19.683;8.066;52.464
-1.788;19.694;8.070;52.493
-1.787;19.706;8.075;52.523
-1.787;19.718;8.080;52.552
-1.786;19.729;8.085;52.582
-1.785;19.741;8.090;52.611
-1.784;19.753;8.095;52.641
-1.783;19.764;8.100;52.670
-1.782;19.776;8.104;52.700
-1.782;19.788;8.109;52.729
-1.781;19.799;8.114;52.759
-1.780;19.811;8.119;52.788
-1.779;19.823;8.124;52.818
-1.778;19.834;8.129;52.848
-1.778;19.846;8.134;52.877
-1.777;19.858;8.139;52.907
-1.776;19.869;8.144;52.936
-1.775;19.881;8.149;52.966
-1.774;19.893;8.153;52.996
-1.773;19.905;8.158;53.025
-1.773;19.916;8.163;53.055
-1.772;19.928;8.168;53.085
-1.771;19.940;8.173;53.114
-1.770;19.952;8.178;53.144
-1.769;19.963;8.183;53.174
-1.768;19.975;8.188;53.204
-1.768;19.987;8.193;53.233
-1.767;19.999;8.198;53.263
-1.766;20.010;8.203;53.293
-1.765;20.022;8.208;53.323
-1.764;20.034;8.213;53.353
-1.763;20.046;8.218;53.382
-1.763;20.058;8.223;53.412
-1.762;20.070;8.228;53.442
-1.761;20.081;8.233;53.472
-1.760;20.093;8.237;53.502
-1.759;20.105;8.242;53.532
-1.758;20.117;8.247;53.562
-1.758;20.129;8.252;53.591
-1.757;20.141;8.257;53.621
-1.756;20.153;8.262;53.651
-1.755;20.164;8.267;53.681
-1.754;20.176;8.272;53.711
-1.753;20.188;8.277;53.741
-1.752;20.200;8.282;53.771
-1.752;20.212;8.287;53.801
-1.751;20.224;8.292;53.831
-1.750;20.236;8.297;53.861
-1.749;20.248;8.302;53.891
-1.748;20.260;8.307;53.921
-1.748;20.272;8.312;53.952
-1.747;20.284;8.317;53.982
-1.746;20.296;8.323;54.012
-1.745;20.308;8.328;54.042
-1.744;20.320;8.333;54.072
-1.743;20.332;8.338;54.102
-1.742;20.344;8.343;54.132
-1.742;20.356;8.348;54.162
-1.741;20.368;8.353;54.193
-1.740;20.380;8.358;54.223
-1.739;20.392;8.363;54.253
-1.738;20.404;8.368;54.283
-1.737;20.416;8.373;54.313
-1.737;20.428;8.378;54.344
-1.736;20.440;8.383;54.374
-1.735;20.452;8.388;54.404
-1.734;20.464;8.393;54.435
-1.733;20.476;8.398;54.465
-1.732;20.488;8.403;54.495
-1.732;20.500;8.409;54.525
-1.731;20.512;8.414;54.556
-1.730;20.524;8.419;54.586
-1.729;20.537;8.424;54.617
-1.728;20.549;8.429;54.647
-1.727;20.561;8.434;54.677
-1.727;20.573;8.439;54.708
-1.726;20.585;8.444;54.738
-1.725;20.597;8.449;54.769
-1.724;20.609;8.455;54.799
-1.723;20.622;8.460;54.829
-1.722;20.634;8.465;54.860
-1.722;20.646;8.470;54.890
-1.721;20.658;8.475;54.921
-1.720;20.670;8.480;54.951
-1.719;20.682;8.485;54.982
-1.718;20.695;8.491;55.012
-1.718;20.707;8.496;55.043
-1.717;20.719;8.501;55.074
-1.716;20.731;8.506;55.104
-1.715;20.744;8.511;55.135
-1.714;20.756;8.516;55.165
-1.713;20.768;8.522;55.196
-1.713;20.780;8.527;55.227
-1.712;20.793;8.532;55.257
-1.711;20.805;8.537;55.288
-1.710;20.817;8.542;55.318
-1.709;20.829;8.547;55.349
-1.708;20.842;8.553;55.380
-1.708;20.854;8.558;55.411
-1.707;20.866;8.563;55.441
-1.706;20.879;8.568;55.472
-1.705;20.891;8.573;55.503
-1.704;20.903;8.579;55.533
-1.703;20.916;8.584;55.564
-1.703;20.928;8.589;55.595
-1.702;20.940;8.594;55.626
-1.701;20.953;8.600;55.657
-1.700;20.965;8.605;55.687
-1.699;20.978;8.610;55.718
-1.698;20.990;8.615;55.749
-1.697;21.002;8.620;55.780
-1.697;21.015;8.626;55.811
-1.696;21.027;8.631;55.842
-1.695;21.040;8.636;55.873
-1.694;21.052;8.641;55.903
-1.693;21.064;8.647;55.934
-1.693;21.077;8.652;55.965
-1.692;21.089;8.657;55.996
-1.691;21.102;8.663;56.027
-1.690;21.114;8.668;56.058
-1.689;21.127;8.673;56.089
-1.688;21.139;8.678;56.120
-1.688;21.152;8.684;56.151
-1.687;21.164;8.689;56.182
-1.686;21.177;8.694;56.213
-1.685;21.189;8.700;56.244
-1.684;21.202;8.705;56.275
-1.683;21.214;8.710;56.306
-1.682;21.227;8.715;56.337
-1.682;21.239;8.721;56.369
-1.681;21.252;8.726;56.400
-1.680;21.264;8.731;56.431
-1.679;21.277;8.737;56.462
-1.678;21.290;8.742;56.493
-1.678;21.302;8.747;56.524
-1.677;21.315;8.753;56.555
-1.676;21.327;8.758;56.587
-1.675;21.340;8.763;56.618
-1.674;21.352;8.769;56.649
-1.673;21.365;8.774;56.680
-1.672;21.378;8.780;56.711
-1.672;21.390;8.785;56.743
-1.671;21.403;8.790;56.774
-1.670;21.416;8.796;56.805
-1.669;21.428;8.801;56.836
-1.668;21.441;8.806;56.868
-1.667;21.454;8.812;56.899
-1.667;21.466;8.817;56.930
-1.666;21.479;8.823;56.962
-1.665;21.492;8.828;56.993
-1.664;21.504;8.833;57.024
-1.663;21.517;8.839;57.056
-1.662;21.530;8.844;57.087
-1.662;21.543;8.850;57.119
-1.661;21.555;8.855;57.150
-1.660;21.568;8.860;57.181
-1.659;21.581;8.866;57.213
-1.658;21.594;8.871;57.244
-1.657;21.606;8.877;57.276
-1.657;21.619;8.882;57.307
-1.656;21.632;8.887;57.339
-1.655;21.645;8.893;57.370
-1.654;21.657;8.898;57.402
-1.653;21.670;8.904;57.433
-1.653;21.683;8.909;57.465
-1.652;21.696;8.915;57.496
-1.651;21.709;8.920;57.528
-1.650;21.722;8.926;57.559
-1.649;21.734;8.931;57.591
-1.648;21.747;8.937;57.623
-1.648;21.760;8.942;57.654
-1.647;21.773;8.948;57.686
-1.646;21.786;8.953;57.717
-1.645;21.799;8.959;57.749
-1.644;21.812;8.964;57.781
-1.643;21.824;8.970;57.812
-1.643;21.837;8.975;57.844
-1.642;21.850;8.981;57.876
-1.641;21.863;8.986;57.908
-1.640;21.876;8.992;57.939
-1.639;21.889;8.997;57.971
-1.638;21.902;9.003;58.003
-1.638;21.915;9.008;58.034
-1.637;21.928;9.014;58.066
-1.636;21.941;9.019;58.098
-1.635;21.954;9.025;58.130
-1.634;21.967;9.030;58.162
-1.633;21.980;9.036;58.193
-1.633;21.993;9.041;58.225
-1.632;22.006;9.047;58.257
-1.631;22.019;9.052;58.289
-1.630;22.032;9.058;58.321
-1.629;22.045;9.064;58.353
-1.628;22.058;9.069;58.385
-1.627;22.071;9.075;58.416
-1.627;22.084;9.080;58.448
-1.626;22.097;9.086;58.480
-1.625;22.110;9.091;58.512
-1.624;22.123;9.097;58.544
-1.623;22.136;9.103;58.576
-1.623;22.150;9.108;58.608
-1.622;22.163;9.114;58.640
-1.621;22.176;9.119;58.672
-1.620;22.189;9.125;58.704
-1.619;22.202;9.131;58.736
-1.618;22.215;9.136;58.768
-1.617;22.228;9.142;58.800
-1.617;22.241;9.148;58.832
-1.616;22.255;9.153;58.864
-1.615;22.268;9.159;58.896
-1.614;22.281;9.165;58.928
-1.613;22.294;9.170;58.960
-1.612;22.307;9.176;58.993
-1.612;22.320;9.181;59.025
-1.611;22.334;9.187;59.057
-1.610;22.347;9.193;59.089
-1.609;22.360;9.198;59.121
-1.608;22.373;9.204;59.153
-1.607;22.387;9.210;59.185
-1.607;22.400;9.216;59.218
-1.606;22.413;9.221;59.250
-1.605;22.426;9.227;59.282
-1.604;22.440;9.233;59.314
-1.603;22.453;9.238;59.347
-1.602;22.466;9.244;59.379
-1.602;22.480;9.250;59.411
-1.601;22.493;9.255;59.443
-1.600;22.506;9.261;59.476
-1.599;22.520;9.267;59.508
-1.598;22.533;9.273;59.540
-1.597;22.546;9.278;59.573
-1.597;22.560;9.284;59.605
-1.596;22.573;9.290;59.637
-1.595;22.586;9.296;59.670
-1.594;22.600;9.301;59.702
-1.593;22.613;9.307;59.734
-1.593;22.626;9.313;59.767
-1.592;22.640;9.319;59.799
-1.591;22.653;9.324;59.831
-1.590;22.667;9.330;59.864
-1.589;22.680;9.336;59.896
-1.588;22.693;9.342;59.929
-1.588;22.707;9.347;59.961
-1.587;22.720;9.353;59.994
-1.586;22.734;9.359;60.026
-1.585;22.747;9.365;60.059
-1.584;22.761;9.371;60.091
-1.583;22.774;9.376;60.124
-1.583;22.788;9.382;60.156
-1.582;22.801;9.388;60.189
-1.581;22.815;9.394;60.221
-1.580;22.828;9.400;60.254
-1.579;22.842;9.405;60.286
-1.578;22.855;9.411;60.319
-1.578;22.869;9.417;60.352
-1.577;22.882;9.423;60.384
-1.576;22.896;9.429;60.417
-1.575;22.910;9.435;60.449
-1.574;22.923;9.441;60.482
-1.573;22.937;9.446;60.515
-1.572;22.950;9.452;60.547
-1.572;22.964;9.458;60.580
-1.571;22.977;9.464;60.613
-1.570;22.991;9.470;60.645
-1.569;23.005;9.476;60.678
-1.568;23.018;9.482;60.711
-1.568;23.032;9.488;60.744
-1.567;23.046;9.493;60.776
-1.566;23.059;9.499;60.809
-1.565;23.073;9.505;60.842
-1.564;23.087;9.511;60.875
-1.563;23.100;9.517;60.907
-1.562;23.114;9.523;60.940
-1.562;23.128;9.529;60.973
-1.561;23.141;9.535;61.006
-1.560;23.155;9.541;61.039
-1.559;23.169;9.547;61.071
-1.558;23.183;9.553;61.104
-1.557;23.196;9.559;61.137
-1.557;23.210;9.565;61.170
-1.556;23.224;9.571;61.203
-1.555;23.238;9.576;61.236
-1.554;23.251;9.582;61.269
-1.553;23.265;9.588;61.301
-1.553;23.279;9.594;61.334
-1.552;23.293;9.600;61.367
-1.551;23.307;9.606;61.400
-1.550;23.320;9.612;61.433
-1.549;23.334;9.618;61.466
-1.548;23.348;9.624;61.499
-1.547;23.362;9.630;61.532
-1.547;23.376;9.636;61.565
-1.546;23.390;9.642;61.598
-1.545;23.403;9.648;61.631
-1.544;23.417;9.654;61.664
-1.543;23.431;9.660;61.697
-1.542;23.445;9.666;61.730
-1.542;23.459;9.673;61.763
-1.541;23.473;9.679;61.796
-1.540;23.487;9.685;61.829
-1.539;23.501;9.691;61.863
-1.538;23.515;9.697;61.896
-1.537;23.529;9.703;61.929
-1.537;23.543;9.709;61.962
-1.536;23.557;9.715;61.995
-1.535;23.571;9.721;62.028
-1.534;23.585;9.727;62.061
-1.533;23.599;9.733;62.094
-1.532;23.613;9.739;62.128
-1.532;23.627;9.745;62.161
-1.531;23.641;9.751;62.194
-1.530;23.655;9.758;62.227
-1.529;23.669;9.764;62.260
-1.528;23.683;9.770;62.294
-1.528;23.697;9.776;62.327
-1.527;23.711;9.782;62.360
-1.526;23.725;9.788;62.393
-1.525;23.739;9.794;62.427
-1.524;23.753;9.800;62.460
-1.523;23.767;9.807;62.493
-1.523;23.781;9.813;62.526
-1.522;23.795;9.819;62.560
-1.521;23.810;9.825;62.593
-1.520;23.824;9.831;62.626
-1.519;23.838;9.837;62.660
-1.518;23.852;9.844;62.693
-1.518;23.866;9.850;62.726
-1.517;23.880;9.856;62.760
-1.516;23.894;9.862;62.793
-1.515;23.909;9.868;62.826
-1.514;23.923;9.875;62.860
-1.513;23.937;9.881;62.893
-1.513;23.951;9.887;62.927
-1.512;23.965;9.893;62.960
-1.511;23.980;9.899;62.993
-1.510;23.994;9.906;63.027
-1.509;24.008;9.912;63.060
-1.508;24.022;9.918;63.094
-1.508;24.037;9.924;63.127
-1.507;24.051;9.931;63.161
-1.506;24.065;9.937;63.194
-1.505;24.080;9.943;63.228
-1.504;24.094;9.949;63.261
-1.503;24.108;9.956;63.295
-1.502;24.122;9.962;63.328
-1.502;24.137;9.968;63.362
-1.501;24.151;9.974;63.395
-1.500;24.165;9.981;63.429
-1.499;24.180;9.987;63.462
-1.498;24.194;9.993;63.496
-1.498;24.209;10.000;63.530
-1.497;24.223;10.006;63.563
-1.496;24.237;10.012;63.597
-1.495;24.252;10.019;63.630
-1.494;24.266;10.025;63.664
-1.493;24.281;10.031;63.698
-1.492;24.295;10.038;63.731
-1.492;24.309;10.044;63.765
-1.491;24.324;10.050;63.799
-1.490;24.338;10.057;63.832
-1.489;24.353;10.063;63.866
-1.488;24.367;10.069;63.900
-1.487;24.382;10.076;63.933
-1.487;24.396;10.082;63.967
-1.486;24.411;10.088;64.001
-1.485;24.425;10.095;64.034
-1.484;24.440;10.101;64.068
-1.483;24.454;10.108;64.102
-1.482;24.469;10.114;64.136
-1.482;24.483;10.120;64.169
-1.481;24.498;10.127;64.203
-1.480;24.512;10.133;64.237
-1.479;24.527;10.140;64.271
-1.478;24.542;10.146;64.304
-1.477;24.556;10.153;64.338
-1.477;24.571;10.159;64.372
-1.476;24.585;10.165;64.406
-1.475;24.600;10.172;64.440
-1.474;24.615;10.178;64.473
-1.473;24.629;10.185;64.507
-1.472;24.644;10.191;64.541
-1.472;24.659;10.198;64.575
-1.471;24.673;10.204;64.609
-1.470;24.688;10.211;64.643
-1.469;24.703;10.217;64.677
-1.468;24.717;10.224;64.710
-1.468;24.732;10.230;64.744
-1.467;24.747;10.237;64.778
-1.466;24.761;10.243;64.812
-1.465;24.776;10.250;64.846
-1.464;24.791;10.256;64.880
-1.463;24.806;10.263;64.914
-1.463;24.820;10.269;64.948
-1.462;24.835;10.276;64.982
-1.461;24.850;10.282;65.016
-1.460;24.865;10.289;65.050
-1.459;24.880;10.295;65.084
-1.458;24.894;10.302;65.118
-1.458;24.909;10.309;65.152
-1.457;24.924;10.315;65.186
-1.456;24.939;10.322;65.220
-1.455;24.954;10.328;65.254
-1.454;24.969;10.335;65.288
-1.453;24.983;10.341;65.322
-1.453;24.998;10.348;65.356
-1.452;25.013;10.355;65.390
-1.451;25.028;10.361;65.424
-1.450;25.043;10.368;65.458
-1.449;25.058;10.374;65.492
-1.448;25.073;10.381;65.526
-1.447;25.088;10.388;65.560
-1.447;25.103;10.394;65.594
-1.446;25.118;10.401;65.629
-1.445;25.133;10.408;65.663
-1.444;25.148;10.414;65.697
-1.443;25.162;10.421;65.731
-1.443;25.177;10.428;65.765
-1.442;25.192;10.434;65.799
-1.441;25.207;10.441;65.833
-1.440;25.222;10.448;65.868
-1.439;25.237;10.454;65.902
-1.438;25.253;10.461;65.936
-1.438;25.268;10.468;65.970
-1.437;25.283;10.474;66.004
-1.436;25.298;10.481;66.038
-1.435;25.313;10.488;66.073
-1.434;25.328;10.495;66.107
-1.433;25.343;10.501;66.141
-1.432;25.358;10.508;66.175
-1.432;25.373;10.515;66.210
-1.431;25.388;10.522;66.244
-1.430;25.403;10.528;66.278
-1.429;25.419;10.535;66.312
-1.428;25.434;10.542;66.347
-1.428;25.449;10.549;66.381
-1.427;25.464;10.555;66.415
-1.426;25.479;10.562;66.449
-1.425;25.494;10.569;66.484
-1.424;25.510;10.576;66.518
-1.423;25.525;10.583;66.552
-1.422;25.540;10.589;66.587
-1.422;25.555;10.596;66.621
-1.421;25.570;10.603;66.655
-1.420;25.586;10.610;66.690
-1.419;25.601;10.617;66.724
-1.418;25.616;10.624;66.758
-1.417;25.631;10.630;66.793
-1.417;25.647;10.637;66.827
-1.416;25.662;10.644;66.861
-1.415;25.677;10.651;66.896
-1.414;25.693;10.658;66.930
-1.413;25.708;10.664;66.964
-1.412;25.723;10.671;66.999
-1.412;25.739;10.678;67.033
-1.411;25.754;10.685;67.068
-1.410;25.769;10.692;67.102
-1.409;25.785;10.699;67.136
-1.408;25.800;10.705;67.171
-1.407;25.815;10.712;67.205
-1.407;25.831;10.719;67.240
-1.406;25.846;10.726;67.274
-1.405;25.862;10.733;67.309
-1.404;25.877;10.740;67.343
-1.403;25.893;10.747;67.378
-1.403;25.908;10.754;67.412
-1.402;25.923;10.760;67.446
-1.401;25.939;10.767;67.481
-1.400;25.954;10.774;67.515
-1.399;25.970;10.781;67.550
-1.398;25.985;10.788;67.584
-1.398;26.001;10.795;67.619
-1.397;26.016;10.802;67.653
-1.396;26.032;10.809;67.688
-1.395;26.048;10.816;67.722
-1.394;26.063;10.823;67.757
-1.393;26.079;10.830;67.791
-1.393;26.094;10.837;67.826
-1.392;26.110;10.844;67.861
-1.391;26.125;10.851;67.895
-1.390;26.141;10.858;67.930
-1.389;26.157;10.865;67.964
-1.388;26.172;10.872;67.999
-1.388;26.188;10.879;68.033
-1.387;26.203;10.886;68.068
-1.386;26.219;10.893;68.102
-1.385;26.235;10.900;68.137
-1.384;26.250;10.907;68.172
-1.383;26.266;10.914;68.206
-1.383;26.282;10.921;68.241
-1.382;26.297;10.928;68.275
-1.381;26.313;10.935;68.310
-1.380;26.329;10.942;68.345
-1.379;26.345;10.949;68.379
-1.378;26.360;10.956;68.414
-1.377;26.376;10.963;68.449
-1.377;26.392;10.971;68.483
-1.376;26.408;10.978;68.518
-1.375;26.423;10.985;68.552
-1.374;26.439;10.992;68.587
-1.373;26.455;10.999;68.622
-1.373;26.471;11.006;68.656
-1.372;26.487;11.013;68.691
-1.371;26.503;11.020;68.726
-1.370;26.518;11.027;68.760
-1.369;26.534;11.035;68.795
-1.368;26.550;11.042;68.830
-1.367;26.566;11.049;68.864
-1.367;26.582;11.056;68.899
-1.366;26.598;11.063;68.934
-1.365;26.614;11.070;68.969
-1.364;26.630;11.078;69.003
-1.363;26.645;11.085;69.038
-1.362;26.661;11.092;69.073
-1.362;26.677;11.099;69.107
-1.361;26.693;11.107;69.142
-1.360;26.709;11.114;69.177
-1.359;26.725;11.121;69.212
-1.358;26.741;11.128;69.246
-1.357;26.757;11.135;69.281
-1.357;26.773;11.143;69.316
-1.356;26.789;11.150;69.350
-1.355;26.805;11.157;69.385
-1.354;26.821;11.164;69.420
-1.353;26.837;11.172;69.455
-1.352;26.853;11.179;69.489
-1.352;26.869;11.186;69.524
-1.351;26.886;11.194;69.559
-1.350;26.902;11.201;69.594
-1.349;26.918;11.208;69.629
-1.348;26.934;11.216;69.663
-1.347;26.950;11.223;69.698
-1.347;26.966;11.230;69.733
-1.346;26.982;11.238;69.768
-1.345;26.998;11.245;69.802
-1.344;27.015;11.252;69.837
-1.343;27.031;11.260;69.872
-1.343;27.047;11.267;69.907
-1.342;27.063;11.274;69.942
-1.341;27.079;11.282;69.976
-1.340;27.096;11.289;70.011
-1.339;27.112;11.296;70.046
-1.338;27.128;11.304;70.081
-1.338;27.144;11.311;70.116
-1.337;27.161;11.319;70.151
-1.336;27.177;11.326;70.185
-1.335;27.193;11.334;70.220
-1.334;27.209;11.341;70.255
-1.333;27.226;11.348;70.290
-1.333;27.242;11.356;70.325
-1.332;27.258;11.363;70.360
-1.331;27.275;11.371;70.394
-1.330;27.291;11.378;70.429
-1.329;27.307;11.386;70.464
-1.328;27.324;11.393;70.499
-1.328;27.340;11.401;70.534
-1.327;27.356;11.408;70.569
-1.326;27.373;11.416;70.603
-1.325;27.389;11.423;70.638
-1.324;27.406;11.431;70.673
-1.323;27.422;11.438;70.708
-1.322;27.439;11.446;70.743
-1.322;27.455;11.453;70.778
-1.321;27.471;11.461;70.813
-1.320;27.488;11.468;70.847
-1.319;27.504;11.476;70.882
-1.318;27.521;11.484;70.917
-1.318;27.537;11.491;70.952
-1.317;27.554;11.499;70.987
-1.316;27.570;11.506;71.022
-1.315;27.587;11.514;71.057
-1.314;27.604;11.521;71.092
-1.313;27.620;11.529;71.127
-1.312;27.637;11.537;71.161
-1.312;27.653;11.544;71.196
-1.311;27.670;11.552;71.231
-1.310;27.686;11.560;71.266
-1.309;27.703;11.567;71.301
-1.308;27.720;11.575;71.336
-1.307;27.736;11.583;71.371
-1.307;27.753;11.590;71.406
-1.306;27.770;11.598;71.441
-1.305;27.786;11.606;71.475
-1.304;27.803;11.613;71.510
-1.303;27.820;11.621;71.545
-1.303;27.836;11.629;71.580
-1.302;27.853;11.636;71.615
-1.301;27.870;11.644;71.650
-1.300;27.887;11.652;71.685
-1.299;27.903;11.660;71.720
-1.298;27.920;11.667;71.755
-1.297;27.937;11.675;71.790
-1.297;27.954;11.683;71.824
-1.296;27.970;11.691;71.859
-1.295;27.987;11.698;71.894
-1.294;28.004;11.706;71.929
-1.293;28.021;11.714;71.964
-1.292;28.038;11.722;71.999
-1.292;28.055;11.730;72.034
-1.291;28.071;11.737;72.069
-1.290;28.088;11.745;72.104
-1.289;28.105;11.753;72.139
-1.288;28.122;11.761;72.174
-1.287;28.139;11.769;72.208
-1.287;28.156;11.777;72.243
-1.286;28.173;11.784;72.278
-1.285;28.190;11.792;72.313
-1.284;28.207;11.800;72.348
-1.283;28.224;11.808;72.383
-1.282;28.241;11.816;72.418
-1.282;28.258;11.824;72.453
-1.281;28.275;11.832;72.488
-1.280;28.292;11.840;72.523
-1.279;28.309;11.848;72.558
-1.278;28.326;11.856;72.592
-1.278;28.343;11.864;72.627
-1.277;28.360;11.871;72.662
-1.276;28.377;11.879;72.697
-1.275;28.394;11.887;72.732
-1.274;28.411;11.895;72.767
-1.273;28.428;11.903;72.802
-1.273;28.445;11.911;72.837
-1.272;28.462;11.919;72.872
-1.271;28.479;11.927;72.907
-1.270;28.497;11.935;72.941
-1.269;28.514;11.943;72.976
-1.268;28.531;11.951;73.011
-1.268;28.548;11.959;73.046
-1.267;28.565;11.967;73.081
-1.266;28.582;11.976;73.116
-1.265;28.600;11.984;73.151
-1.264;28.617;11.992;73.186
-1.263;28.634;12.000;73.221
-1.263;28.651;12.008;73.255
-1.262;28.669;12.016;73.290
-1.261;28.686;12.024;73.325
-1.260;28.703;12.032;73.360
-1.259;28.720;12.040;73.395
-1.258;28.738;12.048;73.430
-1.258;28.755;12.057;73.465
-1.257;28.772;12.065;73.500
-1.256;28.790;12.073;73.534
-1.255;28.807;12.081;73.569
-1.254;28.824;12.090;73.604
-1.253;28.842;12.098;73.639
-1.252;28.859;12.106;73.674
-1.252;28.877;12.114;73.709
-1.251;28.894;12.123;73.744
-1.250;28.911;12.131;73.779
-1.249;28.929;12.139;73.813
-1.248;28.946;12.148;73.848
-1.248;28.964;12.156;73.883
-1.247;28.981;12.164;73.918
-1.246;28.999;12.173;73.953
-1.245;29.016;12.181;73.988
-1.244;29.034;12.189;74.022
-1.243;29.051;12.198;74.057
-1.242;29.069;12.206;74.092
-1.242;29.086;12.215;74.127
-1.241;29.104;12.223;74.162
-1.240;29.121;12.231;74.197
-1.239;29.139;12.240;74.231
-1.238;29.157;12.248;74.266
-1.237;29.174;12.257;74.301
-1.237;29.192;12.265;74.336
-1.236;29.209;12.274;74.371
-1.235;29.227;12.282;74.405
-1.234;29.245;12.291;74.440
-1.233;29.262;12.299;74.475
-1.232;29.280;12.308;74.510
-1.232;29.298;12.316;74.545
-1.231;29.315;12.325;74.579
-1.230;29.333;12.333;74.614
-1.229;29.351;12.342;74.649
-1.228;29.369;12.350;74.684
-1.227;29.386;12.359;74.718
-1.227;29.404;12.367;74.753
-1.226;29.422;12.376;74.788
-1.225;29.440;12.384;74.823
-1.224;29.457;12.393;74.857
-1.223;29.475;12.402;74.892
-1.222;29.493;12.410;74.927
-1.222;29.511;12.419;74.962
-1.221;29.529;12.427;74.996
-1.220;29.546;12.436;75.031
-1.219;29.564;12.445;75.066
-1.218;29.582;12.453;75.101
-1.218;29.600;12.462;75.135
-1.217;29.618;12.471;75.170
-1.216;29.636;12.479;75.205
-1.215;29.654;12.488;75.239
-1.214;29.672;12.497;75.274
-1.213;29.690;12.505;75.309
-1.213;29.708;12.514;75.343
-1.212;29.726;12.523;75.378
-1.211;29.744;12.532;75.413
-1.210;29.762;12.540;75.447
-1.209;29.780;12.549;75.482
-1.208;29.798;12.558;75.517
-1.208;29.816;12.567;75.551
-1.207;29.834;12.576;75.586
-1.206;29.852;12.584;75.621
-1.205;29.870;12.593;75.655
-1.204;29.888;12.602;75.690
-1.203;29.906;12.611;75.725
-1.203;29.924;12.620;75.759
-1.202;29.942;12.628;75.794
-1.201;29.960;12.637;75.828
-1.200;29.979;12.646;75.863
-1.199;29.997;12.655;75.898
-1.198;30.015;12.664;75.932
-1.197;30.033;12.673;75.967
-1.197;30.051;12.682;76.001
-1.196;30.070;12.691;76.036
-1.195;30.088;12.700;76.070
-1.194;30.106;12.709;76.105
-1.193;30.124;12.717;76.139
-1.193;30.143;12.726;76.174
-1.192;30.161;12.735;76.209
-1.191;30.179;12.744;76.243
-1.190;30.197;12.753;76.278
-1.189;30.216;12.762;76.312
-1.188;30.234;12.771;76.347
-1.188;30.252;12.780;76.381
-1.187;30.271;12.789;76.416
-1.186;30.289;12.798;76.450
-1.185;30.307;12.808;76.485
-1.184;30.326;12.817;76.519
-1.183;30.344;12.826;76.553
-1.182;30.363;12.835;76.588
-1.182;30.381;12.844;76.622
-1.181;30.399;12.853;76.657
-1.180;30.418;12.862;76.691
-1.179;30.436;12.871;76.726
-1.178;30.455;12.880;76.760
-1.178;30.473;12.889;76.794
-1.177;30.492;12.899;76.829
-1.176;30.510;12.908;76.863
-1.175;30.529;12.917;76.898
-1.174;30.547;12.926;76.932
-1.173;30.566;12.935;76.966
-1.172;30.585;12.945;77.001
-1.172;30.603;12.954;77.035
-1.171;30.622;12.963;77.069
-1.170;30.640;12.972;77.104
-1.169;30.659;12.982;77.138
-1.168;30.678;12.991;77.172
-1.167;30.696;13.000;77.207
-1.167;30.715;13.009;77.241
-1.166;30.734;13.019;77.275
-1.165;30.752;13.028;77.309
-1.164;30.771;13.037;77.344
-1.163;30.790;13.047;77.378
-1.162;30.808;13.056;77.412
-1.162;30.827;13.065;77.446
-1.161;30.846;13.075;77.481
-1.160;30.865;13.084;77.515
-1.159;30.883;13.093;77.549
-1.158;30.902;13.103;77.583
-1.157;30.921;13.112;77.617
-1.157;30.940;13.122;77.652
-1.156;30.959;13.131;77.686
-1.155;30.978;13.141;77.720
-1.154;30.996;13.150;77.754
-1.153;31.015;13.160;77.788
-1.153;31.034;13.169;77.822
-1.152;31.053;13.178;77.856
-1.151;31.072;13.188;77.890
-1.150;31.091;13.197;77.925
-1.149;31.110;13.207;77.959
-1.148;31.129;13.217;77.993
-1.148;31.148;13.226;78.027
-1.147;31.167;13.236;78.061
-1.146;31.186;13.245;78.095
-1.145;31.205;13.255;78.129
-1.144;31.224;13.264;78.163
-1.143;31.243;13.274;78.197
-1.143;31.262;13.284;78.231
-1.142;31.281;13.293;78.265
-1.141;31.300;13.303;78.299
-1.140;31.319;13.313;78.333
-1.139;31.338;13.322;78.367
-1.138;31.357;13.332;78.401
-1.138;31.376;13.342;78.435
-1.137;31.395;13.351;78.469
-1.136;31.415;13.361;78.502
-1.135;31.434;13.371;78.536
-1.134;31.453;13.380;78.570
-1.133;31.472;13.390;78.604
-1.133;31.491;13.400;78.638
-1.132;31.511;13.410;78.672
-1.131;31.530;13.419;78.706
-1.130;31.549;13.429;78.739
-1.129;31.568;13.439;78.773
-1.128;31.588;13.449;78.807
-1.127;31.607;13.459;78.841
-1.127;31.626;13.469;78.875
-1.126;31.646;13.478;78.908
-1.125;31.665;13.488;78.942
-1.124;31.684;13.498;78.976
-1.123;31.704;13.508;79.010
-1.123;31.723;13.518;79.043
-1.122;31.742;13.528;79.077
-1.121;31.762;13.538;79.111
-1.120;31.781;13.548;79.144
-1.119;31.801;13.558;79.178
-1.118;31.820;13.568;79.212
-1.117;31.840;13.578;79.245
-1.117;31.859;13.588;79.279
-1.116;31.878;13.598;79.312
-1.115;31.898;13.608;79.346
-1.114;31.917;13.618;79.380
-1.113;31.937;13.628;79.413
-1.112;31.957;13.638;79.447
-1.112;31.976;13.648;79.480
-1.111;31.996;13.658;79.514
-1.110;32.015;13.668;79.547
-1.109;32.035;13.678;79.581
-1.108;32.054;13.688;79.614
-1.107;32.074;13.698;79.648
-1.107;32.094;13.709;79.681
-1.106;32.113;13.719;79.714
-1.105;32.133;13.729;79.748
-1.104;32.153;13.739;79.781
-1.103;32.172;13.749;79.815
-1.102;32.192;13.759;79.848
-1.102;32.212;13.769;79.881
-1.101;32.232;13.779;79.915
-1.100;32.251;13.789;79.948
-1.099;32.271;13.800;79.981
-1.098;32.291;13.810;80.015
-1.097;32.311;13.820;80.048
-1.097;32.331;13.830;80.081
-1.096;32.350;13.840;80.114
-1.095;32.370;13.851;80.148
-1.094;32.390;13.861;80.181
-1.093;32.410;13.871;80.214
-1.093;32.430;13.881;80.247
-1.092;32.450;13.892;80.280
-1.091;32.470;13.902;80.314
-1.090;32.490;13.912;80.347
-1.089;32.510;13.923;80.380
-1.088;32.529;13.933;80.413
-1.088;32.549;13.943;80.446
-1.087;32.569;13.954;80.479
-1.086;32.589;13.964;80.512
-1.085;32.609;13.974;80.545
-1.084;32.629;13.985;80.578
-1.083;32.650;13.995;80.611
-1.083;32.670;14.006;80.644
-1.082;32.690;14.016;80.677
-1.081;32.710;14.027;80.710
-1.080;32.730;14.037;80.743
-1.079;32.750;14.048;80.776
-1.078;32.770;14.058;80.809
-1.078;32.790;14.069;80.842
-1.077;32.810;14.079;80.875
-1.076;32.831;14.090;80.907
-1.075;32.851;14.100;80.940
-1.074;32.871;14.111;80.973
-1.073;32.891;14.121;81.006
-1.072;32.911;14.132;81.039
-1.072;32.932;14.142;81.071
-1.071;32.952;14.153;81.104
-1.070;32.972;14.164;81.137
-1.069;32.993;14.174;81.170
-1.068;33.013;14.185;81.202
-1.068;33.033;14.196;81.235
-1.067;33.054;14.206;81.268
-1.066;33.074;14.217;81.300
-1.065;33.094;14.228;81.333
-1.064;33.115;14.239;81.366
-1.063;33.135;14.249;81.398
-1.062;33.156;14.260;81.431
-1.062;33.176;14.271;81.463
-1.061;33.196;14.282;81.496
-1.060;33.217;14.292;81.528
-1.059;33.237;14.303;81.561
-1.058;33.258;14.314;81.593
-1.057;33.278;14.325;81.626
-1.057;33.299;14.336;81.658
-1.056;33.319;14.347;81.690
-1.055;33.340;14.358;81.723
-1.054;33.361;14.368;81.755
-1.053;33.381;14.379;81.788
-1.053;33.402;14.390;81.820
-1.052;33.422;14.401;81.852
-1.051;33.443;14.412;81.885
-1.050;33.464;14.423;81.917
-1.049;33.484;14.434;81.949
-1.048;33.505;14.445;81.981
-1.047;33.526;14.456;82.014
-1.047;33.546;14.467;82.046
-1.046;33.567;14.478;82.078
-1.045;33.588;14.489;82.110
-1.044;33.609;14.500;82.142
-1.043;33.629;14.512;82.174
-1.042;33.650;14.523;82.206
-1.042;33.671;14.534;82.238
-1.041;33.692;14.545;82.270
-1.040;33.713;14.556;82.303
-1.039;33.734;14.567;82.335
-1.038;33.754;14.578;82.366
-1.037;33.775;14.590;82.398
-1.037;33.796;14.601;82.430
-1.036;33.817;14.612;82.462
-1.035;33.838;14.623;82.494
-1.034;33.859;14.635;82.526
-1.033;33.880;14.646;82.558
-1.032;33.901;14.657;82.590
-1.032;33.922;14.668;82.622
-1.031;33.943;14.680;82.653
-1.030;33.964;14.691;82.685
-1.029;33.985;14.702;82.717
-1.028;34.006;14.714;82.749
-1.028;34.027;14.725;82.780
-1.027;34.048;14.737;82.812
-1.026;34.069;14.748;82.844
-1.025;34.091;14.760;82.875
-1.024;34.112;14.771;82.907
-1.023;34.133;14.782;82.939
-1.023;34.154;14.794;82.970
-1.022;34.175;14.805;83.002
-1.021;34.197;14.817;83.033
-1.020;34.218;14.828;83.065
-1.019;34.239;14.840;83.096
-1.018;34.260;14.852;83.128
-1.018;34.282;14.863;83.159
-1.017;34.303;14.875;83.190
-1.016;34.324;14.886;83.222
-1.015;34.346;14.898;83.253
-1.014;34.367;14.910;83.285
-1.013;34.388;14.921;83.316
-1.013;34.410;14.933;83.347
-1.012;34.431;14.945;83.378
-1.011;34.453;14.956;83.410
-1.010;34.474;14.968;83.441
-1.009;34.496;14.980;83.472
-1.008;34.517;14.992;83.503
-1.008;34.539;15.003;83.534
-1.007;34.560;15.015;83.566
-1.006;34.582;15.027;83.597
-1.005;34.603;15.039;83.628
-1.004;34.625;15.051;83.659
-1.003;34.646;15.063;83.690
-1.002;34.668;15.074;83.721
-1.002;34.689;15.086;83.752
-1.001;34.711;15.098;83.783
-1.000;34.733;15.110;83.814
-999;34.754;15.122;83.845
-998;34.776;15.134;83.876
-998;34.798;15.146;83.906
-997;34.820;15.158;83.937
-996;34.841;15.170;83.968
-995;34.863;15.182;83.999
-994;34.885;15.194;84.030
-993;34.907;15.206;84.060
-992;34.928;15.218;84.091
-992;34.950;15.230;84.122
-991;34.972;15.243;84.152
-990;34.994;15.255;84.183
-989;35.016;15.267;84.214
-988;35.038;15.279;84.244
-987;35.060;15.291;84.275
-987;35.081;15.303;84.305
-986;35.103;15.316;84.336
-985;35.125;15.328;84.366
-984;35.147;15.340;84.397
-983;35.169;15.352;84.427
-982;35.191;15.365;84.458
-982;35.213;15.377;84.488
-981;35.235;15.389;84.518
-980;35.257;15.402;84.549
-979;35.280;15.414;84.579
-978;35.302;15.427;84.609
-977;35.324;15.439;84.639
-977;35.346;15.451;84.670
-976;35.368;15.464;84.700
-975;35.390;15.476;84.730
-974;35.412;15.489;84.760
-973;35.435;15.501;84.790
-972;35.457;15.514;84.820
-972;35.479;15.526;84.850
-971;35.501;15.539;84.880
-970;35.524;15.551;84.910
-969;35.546;15.564;84.940
-968;35.568;15.577;84.970
-968;35.591;15.589;85.000
-967;35.613;15.602;85.030
-966;35.635;15.615;85.060
-965;35.658;15.627;85.090
-964;35.680;15.640;85.119
-963;35.702;15.653;85.149
-963;35.725;15.665;85.179
-962;35.747;15.678;85.209
-961;35.770;15.691;85.238
-960;35.792;15.704;85.268
-959;35.815;15.717;85.298
-958;35.837;15.729;85.327
-958;35.860;15.742;85.357
-957;35.882;15.755;85.386
-956;35.905;15.768;85.416
-955;35.928;15.781;85.445
-954;35.950;15.794;85.475
-953;35.973;15.807;85.504
-953;35.996;15.820;85.534
-952;36.018;15.833;85.563
-951;36.041;15.846;85.592
-950;36.064;15.859;85.622
-949;36.086;15.872;85.651
-948;36.109;15.885;85.680
-947;36.132;15.898;85.710
-947;36.155;15.911;85.739
-946;36.177;15.925;85.768
-945;36.200;15.938;85.797
-944;36.223;15.951;85.826
-943;36.246;15.964;85.855
-943;36.269;15.977;85.884
-942;36.292;15.991;85.913
-941;36.315;16.004;85.942
-940;36.338;16.017;85.971
-939;36.361;16.030;86.000
-938;36.384;16.044;86.029
-938;36.407;16.057;86.058
-937;36.430;16.070;86.087
-936;36.453;16.084;86.116
-935;36.476;16.097;86.144
-934;36.499;16.111;86.173
-933;36.522;16.124;86.202
-932;36.545;16.138;86.231
-932;36.568;16.151;86.259
-931;36.591;16.165;86.288
-930;36.614;16.178;86.317
-929;36.638;16.192;86.345
-928;36.661;16.205;86.374
-928;36.684;16.219;86.402
-927;36.707;16.232;86.431
-926;36.730;16.246;86.459
-925;36.754;16.260;86.487
-924;36.777;16.273;86.516
-923;36.800;16.287;86.544
-922;36.824;16.301;86.573
-922;36.847;16.315;86.601
-921;36.870;16.328;86.629
-920;36.894;16.342;86.657
-919;36.917;16.356;86.685
-918;36.941;16.370;86.714
-917;36.964;16.384;86.742
-917;36.988;16.398;86.770
-916;37.011;16.412;86.798
-915;37.035;16.425;86.826
-914;37.058;16.439;86.854
-913;37.082;16.453;86.882
-912;37.105;16.467;86.910
-912;37.129;16.481;86.938
-911;37.153;16.495;86.966
-910;37.176;16.509;86.994
-909;37.200;16.524;87.021
-908;37.223;16.538;87.049
-907;37.247;16.552;87.077
-907;37.271;16.566;87.105
-906;37.295;16.580;87.132
-905;37.318;16.594;87.160
-904;37.342;16.609;87.188
-903;37.366;16.623;87.215
-903;37.390;16.637;87.243
-902;37.414;16.651;87.270
-901;37.437;16.666;87.298
-900;37.461;16.680;87.325
-899;37.485;16.694;87.353
-898;37.509;16.709;87.380
-898;37.533;16.723;87.407
-897;37.557;16.738;87.435
-896;37.581;16.752;87.462
-895;37.605;16.767;87.489
-894;37.629;16.781;87.516
-893;37.653;16.796;87.544
-893;37.677;16.810;87.571
-892;37.701;16.825;87.598
-891;37.725;16.839;87.625
-890;37.749;16.854;87.652
-889;37.774;16.869;87.679
-888;37.798;16.883;87.706
-888;37.822;16.898;87.733
-887;37.846;16.913;87.760
-886;37.870;16.927;87.787
-885;37.895;16.942;87.814
-884;37.919;16.957;87.840
-883;37.943;16.972;87.867
-883;37.967;16.987;87.894
-882;37.992;17.002;87.921
-881;38.016;17.016;87.947
-880;38.041;17.031;87.974
-879;38.065;17.046;88.001
-878;38.089;17.061;88.027
-877;38.114;17.076;88.054
-877;38.138;17.091;88.080
-876;38.163;17.106;88.107
-875;38.187;17.121;88.133
-874;38.212;17.137;88.160
-873;38.236;17.152;88.186
-873;38.261;17.167;88.212
-872;38.285;17.182;88.239
-871;38.310;17.197;88.265
-870;38.335;17.212;88.291
-869;38.359;17.228;88.317
-868;38.384;17.243;88.343
-867;38.409;17.258;88.370
-867;38.433;17.274;88.396
-866;38.458;17.289;88.422
-865;38.483;17.304;88.448
-864;38.508;17.320;88.474
-863;38.533;17.335;88.500
-862;38.557;17.351;88.526
-862;38.582;17.366;88.552
-861;38.607;17.382;88.577
-860;38.632;17.397;88.603
-859;38.657;17.413;88.629
-858;38.682;17.428;88.655
-857;38.707;17.444;88.680
-857;38.732;17.460;88.706
-856;38.757;17.475;88.732
-855;38.782;17.491;88.757
-854;38.807;17.507;88.783
-853;38.832;17.522;88.808
-852;38.857;17.538;88.834
-852;38.882;17.554;88.859
-851;38.907;17.570;88.885
-850;38.932;17.586;88.910
-849;38.958;17.602;88.936
-848;38.983;17.618;88.961
-847;39.008;17.633;88.986
-847;39.033;17.649;89.011
-846;39.059;17.665;89.037
-845;39.084;17.681;89.062
-844;39.109;17.698;89.087
-843;39.135;17.714;89.112
-843;39.160;17.730;89.137
-842;39.185;17.746;89.162
-841;39.211;17.762;89.187
-840;39.236;17.778;89.212
-839;39.262;17.794;89.237
-838;39.287;17.811;89.262
-838;39.313;17.827;89.287
-837;39.338;17.843;89.311
-836;39.364;17.860;89.336
-835;39.389;17.876;89.361
-834;39.415;17.892;89.386
-833;39.440;17.909;89.410
-833;39.466;17.925;89.435
-832;39.492;17.942;89.460
-831;39.517;17.958;89.484
-830;39.543;17.975;89.509
-829;39.569;17.992;89.533
-828;39.595;18.008;89.558
-828;39.620;18.025;89.582
-827;39.646;18.041;89.606
-826;39.672;18.058;89.631
-825;39.698;18.075;89.655
-824;39.724;18.092;89.679
-823;39.750;18.108;89.703
-822;39.776;18.125;89.728
-822;39.802;18.142;89.752
-821;39.828;18.159;89.776
-820;39.854;18.176;89.800
-819;39.880;18.193;89.824
-818;39.906;18.210;89.848
-818;39.932;18.227;89.872
-817;39.958;18.244;89.896
-816;39.984;18.261;89.920
-815;40.010;18.278;89.944
-814;40.036;18.295;89.967
-813;40.062;18.312;89.991
-812;40.089;18.329;90.015
-812;40.115;18.347;90.039
-811;40.141;18.364;90.062
-810;40.167;18.381;90.086
-809;40.194;18.399;90.110
-808;40.220;18.416;90.133
-807;40.246;18.433;90.157
-807;40.273;18.451;90.180
-806;40.299;18.468;90.204
-805;40.326;18.486;90.227
-804;40.352;18.503;90.250
-803;40.379;18.521;90.274
-803;40.405;18.538;90.297
-802;40.432;18.556;90.320
-801;40.458;18.573;90.343
-800;40.485;18.591;90.367
-799;40.511;18.609;90.390
-798;40.538;18.627;90.413
-797;40.565;18.644;90.436
-797;40.591;18.662;90.459
-796;40.618;18.680;90.482
-795;40.645;18.698;90.505
-794;40.672;18.716;90.528
-793;40.698;18.734;90.551
-792;40.725;18.752;90.573
-792;40.752;18.770;90.596
-791;40.779;18.788;90.619
-790;40.806;18.806;90.642
-789;40.833;18.824;90.664
-788;40.860;18.842;90.687
-787;40.887;18.860;90.710
-787;40.914;18.878;90.732
-786;40.941;18.896;90.755
-785;40.968;18.915;90.777
-784;40.995;18.933;90.800
-783;41.022;18.951;90.822
-782;41.049;18.970;90.844
-782;41.076;18.988;90.867
-781;41.103;19.007;90.889
-780;41.131;19.025;90.911
-779;41.158;19.044;90.934
-778;41.185;19.062;90.956
-778;41.212;19.081;90.978
-777;41.240;19.099;91.000
-776;41.267;19.118;91.022
-775;41.294;19.137;91.044
-774;41.322;19.155;91.066
-773;41.349;19.174;91.088
-773;41.377;19.193;91.110
-772;41.404;19.212;91.132
-771;41.432;19.231;91.154
-770;41.459;19.250;91.176
-769;41.487;19.269;91.197
-768;41.514;19.288;91.219
-768;41.542;19.307;91.241
-767;41.569;19.326;91.262
-766;41.597;19.345;91.284
-765;41.625;19.364;91.306
-764;41.653;19.383;91.327
-763;41.680;19.402;91.349
-763;41.708;19.421;91.370
-762;41.736;19.441;91.392
-761;41.764;19.460;91.413
-760;41.792;19.479;91.434
-759;41.819;19.499;91.456
-758;41.847;19.518;91.477
-758;41.875;19.538;91.498
-757;41.903;19.557;91.519
-756;41.931;19.577;91.540
-755;41.959;19.596;91.562
-754;41.987;19.616;91.583
-753;42.015;19.635;91.604
-752;42.043;19.655;91.625
-752;42.072;19.675;91.646
-751;42.100;19.695;91.667
-750;42.128;19.714;91.687
-749;42.156;19.734;91.708
-748;42.184;19.754;91.729
-748;42.213;19.774;91.750
-747;42.241;19.794;91.771
-746;42.269;19.814;91.791
-745;42.298;19.834;91.812
-744;42.326;19.854;91.833
-743;42.354;19.874;91.853
-742;42.383;19.894;91.874
-742;42.411;19.915;91.894
-741;42.440;19.935;91.915
-740;42.468;19.955;91.935
-739;42.497;19.975;91.955
-738;42.525;19.996;91.976
-737;42.554;20.016;91.996
-737;42.583;20.037;92.016
-736;42.611;20.057;92.037
-735;42.640;20.078;92.057
-734;42.669;20.098;92.077
-733;42.698;20.119;92.097
-732;42.726;20.139;92.117
-732;42.755;20.160;92.137
-731;42.784;20.181;92.157
-730;42.813;20.202;92.177
-729;42.842;20.222;92.197
-728;42.871;20.243;92.217
-727;42.900;20.264;92.237
-727;42.929;20.285;92.257
-726;42.958;20.306;92.276
-725;42.987;20.327;92.296
-724;43.016;20.348;92.316
-723;43.045;20.369;92.335
-722;43.074;20.390;92.355
-722;43.103;20.412;92.375
-721;43.132;20.433;92.394
-720;43.162;20.454;92.414
-719;43.191;20.475;92.433
-718;43.220;20.497;92.453
-718;43.250;20.518;92.472
-717;43.279;20.540;92.491
-716;43.308;20.561;92.511
-715;43.338;20.583;92.530
-714;43.367;20.604;92.549
-713;43.397;20.626;92.568
-713;43.426;20.647;92.587
-712;43.456;20.669;92.607
-711;43.485;20.691;92.626
-710;43.515;20.713;92.645
-709;43.545;20.735;92.664
-708;43.574;20.756;92.683
-708;43.604;20.778;92.702
-707;43.634;20.800;92.720
-706;43.663;20.822;92.739
-705;43.693;20.844;92.758
-704;43.723;20.867;92.777
-703;43.753;20.889;92.796
-703;43.783;20.911;92.814
-702;43.813;20.933;92.833
-701;43.843;20.956;92.852
-700;43.873;20.978;92.870
-699;43.903;21.000;92.889
-698;43.933;21.023;92.907
-697;43.963;21.045;92.926
-697;43.993;21.068;92.944
-696;44.023;21.090;92.963
-695;44.053;21.113;92.981
-694;44.083;21.136;92.999
-693;44.114;21.158;93.018
-693;44.144;21.181;93.036
-692;44.174;21.204;93.054
-691;44.205;21.227;93.072
-690;44.235;21.250;93.090
-689;44.265;21.273;93.108
-688;44.296;21.296;93.126
-688;44.326;21.319;93.144
-687;44.357;21.342;93.162
-686;44.387;21.365;93.180
-685;44.418;21.388;93.198
-684;44.448;21.411;93.216
-683;44.479;21.435;93.234
-682;44.510;21.458;93.252
-682;44.540;21.481;93.269
-681;44.571;21.505;93.287
-680;44.602;21.528;93.305
-679;44.632;21.552;93.322
-678;44.663;21.575;93.340
-678;44.694;21.599;93.358
-677;44.725;21.623;93.375
-676;44.755;21.647;93.393
-675;44.786;21.670;93.410
-674;44.817;21.694;93.427
-673;44.848;21.718;93.445
-672;44.879;21.742;93.462
-672;44.910;21.766;93.479
-671;44.941;21.790;93.497
-670;44.972;21.814;93.514
-669;45.003;21.838;93.531
-668;45.034;21.862;93.548
-667;45.065;21.887;93.565
-667;45.097;21.911;93.582
-666;45.128;21.935;93.599
-665;45.159;21.960;93.616
-664;45.190;21.984;93.633
-663;45.222;22.009;93.650
-662;45.253;22.033;93.667
-662;45.284;22.058;93.684
-661;45.316;22.083;93.701
-660;45.347;22.108;93.718
-659;45.379;22.132;93.734
-658;45.410;22.157;93.751
-657;45.442;22.182;93.768
-657;45.473;22.207;93.784
-656;45.505;22.232;93.801
-655;45.537;22.257;93.817
-654;45.568;22.282;93.834
-653;45.600;22.307;93.850
-653;45.632;22.333;93.867
-652;45.664;22.358;93.883
-651;45.696;22.383;93.900
-650;45.728;22.409;93.916
-649;45.759;22.434;93.932
-648;45.791;22.460;93.949
-648;45.823;22.485;93.965
-647;45.855;22.511;93.981
-646;45.887;22.536;93.997
-645;45.920;22.562;94.013
-644;45.952;22.588;94.029
-643;45.984;22.614;94.045
-643;46.016;22.640;94.061
-642;46.048;22.666;94.077
-641;46.081;22.692;94.093
-640;46.113;22.718;94.109
-639;46.145;22.744;94.125
-638;46.178;22.770;94.141
-638;46.210;22.796;94.157
-637;46.243;22.823;94.172
-636;46.275;22.849;94.188
-635;46.308;22.875;94.204
-634;46.340;22.902;94.219
-633;46.373;22.928;94.235
-633;46.405;22.955;94.250
-632;46.438;22.982;94.266
-631;46.471;23.008;94.281
-630;46.504;23.035;94.297
-629;46.536;23.062;94.312
-628;46.569;23.089;94.328
-627;46.602;23.116;94.343
-627;46.635;23.143;94.358
-626;46.668;23.170;94.374
-625;46.701;23.197;94.389
-624;46.734;23.224;94.404
-623;46.767;23.251;94.419
-623;46.800;23.279;94.434
-622;46.833;23.306;94.449
-621;46.867;23.334;94.465
-620;46.900;23.361;94.480
-619;46.933;23.389;94.495
-618;46.966;23.416;94.509
-617;47.000;23.444;94.524
-617;47.033;23.472;94.539
-616;47.066;23.499;94.554
-615;47.100;23.527;94.569
-614;47.133;23.555;94.584
-613;47.167;23.583;94.598
-612;47.200;23.611;94.613
-612;47.234;23.639;94.628
-611;47.268;23.668;94.642
-610;47.301;23.696;94.657
-609;47.335;23.724;94.672
-608;47.369;23.753;94.686
-607;47.403;23.781;94.701
-607;47.437;23.809;94.715
-606;47.471;23.838;94.729
-605;47.504;23.867;94.744
-604;47.538;23.895;94.758
-603;47.572;23.924;94.773
-602;47.606;23.953;94.787
-602;47.641;23.982;94.801
-601;47.675;24.011;94.815
-600;47.709;24.040;94.829
-599;47.743;24.069;94.844
-598;47.777;24.098;94.858
-597;47.812;24.127;94.872
-597;47.846;24.157;94.886
-596;47.880;24.186;94.900
-595;47.915;24.215;94.914
-594;47.949;24.245;94.928
-593;47.984;24.275;94.942
-593;48.018;24.304;94.955
-592;48.053;24.334;94.969
-591;48.088;24.364;94.983
-590;48.122;24.393;94.997
-589;48.157;24.423;95.011
-588;48.192;24.453;95.024
-588;48.227;24.483;95.038
-587;48.261;24.514;95.052
-586;48.296;24.544;95.065
-585;48.331;24.574;95.079
-584;48.366;24.604;95.092
-583;48.401;24.635;95.106
-583;48.436;24.665;95.119
-582;48.471;24.696;95.133
-581;48.506;24.726;95.146
-580;48.542;24.757;95.159
-579;48.577;24.788;95.173
-578;48.612;24.819;95.186
-578;48.647;24.849;95.199
-577;48.683;24.880;95.212
-576;48.718;24.911;95.226
-575;48.754;24.943;95.239
-574;48.789;24.974;95.252
-573;48.825;25.005;95.265
-572;48.860;25.036;95.278
-572;48.896;25.068;95.291
-571;48.932;25.099;95.304
-570;48.967;25.131;95.317
-569;49.003;25.162;95.330
-568;49.039;25.194;95.343
-568;49.075;25.226;95.356
-567;49.112;25.258;95.368
-566;49.148;25.290;95.381
-565;49.184;25.322;95.394
-564;49.221;25.354;95.407
-563;49.257;25.386;95.419
-562;49.293;25.418;95.432
-562;49.330;25.450;95.445
-561;49.366;25.483;95.457
-560;49.403;25.515;95.470
-559;49.440;25.548;95.482
-558;49.476;25.580;95.495
-557;49.513;25.613;95.507
-557;49.550;25.646;95.520
-556;49.587;25.679;95.532
-555;49.623;25.712;95.545
-554;49.660;25.745;95.557
-553;49.697;25.778;95.569
-553;49.734;25.811;95.581
-552;49.771;25.844;95.594
-551;49.808;25.877;95.606
-550;49.845;25.911;95.618
-549;49.881;25.944;95.630
-548;49.918;25.978;95.642
-547;49.955;26.011;95.654
-547;49.992;26.045;95.666
-546;50.029;26.079;95.678
-545;50.066;26.113;95.690
-544;50.104;26.147;95.702
-543;50.141;26.181;95.714
-542;50.178;26.215;95.726
-542;50.215;26.249;95.738
-541;50.252;26.284;95.750
-540;50.290;26.318;95.762
-539;50.327;26.352;95.773
-538;50.365;26.387;95.785
-537;50.402;26.421;95.797
-537;50.440;26.456;95.808
-536;50.477;26.491;95.820
-535;50.515;26.526;95.832
-534;50.553;26.561;95.843
-533;50.591;26.596;95.855
-532;50.628;26.631;95.866
-532;50.666;26.666;95.878
-531;50.704;26.701;95.889
-530;50.742;26.737;95.901
-529;50.780;26.772;95.912
-528;50.818;26.808;95.923
-528;50.856;26.844;95.935
-527;50.894;26.879;95.946
-526;50.933;26.915;95.957
-525;50.971;26.951;95.968
-524;51.009;26.987;95.980
-523;51.048;27.023;95.991
-523;51.086;27.059;96.002
-522;51.124;27.095;96.013
-521;51.163;27.132;96.024
-520;51.202;27.168;96.035
-519;51.240;27.205;96.046
-518;51.279;27.241;96.057
-518;51.318;27.278;96.068
-517;51.356;27.315;96.079
-516;51.395;27.352;96.090
-515;51.434;27.389;96.101
-514;51.473;27.426;96.112
-513;51.512;27.463;96.122
-513;51.551;27.500;96.133
-512;51.590;27.537;96.144
-511;51.629;27.575;96.155
-510;51.668;27.612;96.165
-509;51.708;27.650;96.176
-508;51.747;27.688;96.187
-508;51.786;27.726;96.197
-507;51.826;27.763;96.208
-506;51.865;27.801;96.218
-505;51.905;27.839;96.229
-504;51.944;27.878;96.239
-503;51.984;27.916;96.250
-502;52.024;27.954;96.260
-502;52.063;27.993;96.271
-501;52.103;28.031;96.281
-500;52.143;28.070;96.291
-499;52.183;28.109;96.302
-498;52.223;28.148;96.312
-498;52.263;28.186;96.322
-497;52.303;28.226;96.332
-496;52.343;28.265;96.343
-495;52.383;28.304;96.353
-494;52.423;28.343;96.363
-493;52.464;28.383;96.373
-492;52.504;28.422;96.383
-492;52.544;28.462;96.393
-491;52.585;28.502;96.403
-490;52.625;28.541;96.413
-489;52.666;28.581;96.423
-488;52.707;28.621;96.433
-487;52.747;28.661;96.443
-487;52.788;28.702;96.453
-486;52.829;28.742;96.463
-485;52.870;28.782;96.473
-484;52.910;28.823;96.482
-483;52.951;28.864;96.492
-482;52.992;28.904;96.502
-482;53.034;28.945;96.512
-481;53.075;28.986;96.521
-480;53.116;29.027;96.531
-479;53.157;29.068;96.541
-478;53.198;29.110;96.550
-477;53.240;29.151;96.560
-477;53.281;29.192;96.569
-476;53.323;29.234;96.579
-475;53.364;29.276;96.588
-474;53.406;29.317;96.598
-473;53.448;29.359;96.607
-472;53.489;29.401;96.617
-472;53.531;29.443;96.626
-471;53.573;29.486;96.636
-470;53.615;29.528;96.645
-469;53.657;29.570;96.654
-468;53.699;29.613;96.664
-468;53.741;29.655;96.673
-467;53.783;29.698;96.682
-466;53.825;29.741;96.691
-465;53.867;29.784;96.700
-464;53.910;29.827;96.710
-463;53.952;29.870;96.719
-463;53.995;29.914;96.728
-462;54.037;29.957;96.737
-461;54.080;30.000;96.746
-460;54.122;30.044;96.755
-459;54.165;30.088;96.764
-458;54.208;30.132;96.773
-458;54.251;30.176;96.782
-457;54.294;30.220;96.791
-456;54.336;30.264;96.800
-455;54.379;30.306;96.808
-454;54.423;30.348;96.817
-453;54.466;30.390;96.826
-453;54.509;30.432;96.835
-452;54.552;30.474;96.844
-451;54.595;30.516;96.852
-450;54.639;30.558;96.861
-449;54.682;30.600;96.870
-448;54.726;30.643;96.879
-447;54.769;30.685;96.887
-447;54.813;30.728;96.896
-446;54.857;30.771;96.904
-445;54.901;30.814;96.913
-444;54.944;30.857;96.921
-443;54.988;30.900;96.930
-443;55.032;30.943;96.938
-442;55.076;30.986;96.947
-441;55.120;31.030;96.955
-440;55.165;31.073;96.964
-439;55.209;31.117;96.972
-438;55.253;31.160;96.981
-438;55.298;31.204;96.989
-437;55.342;31.248;96.997
-436;55.386;31.292;97.005
-435;55.431;31.336;97.014
-434;55.476;31.381;97.022
-433;55.520;31.425;97.030
-432;55.565;31.470;97.038
-432;55.610;31.516;97.047
-431;55.655;31.564;97.055
-430;55.700;31.612;97.063
-429;55.745;31.661;97.071
-428;55.790;31.709;97.079
-428;55.835;31.758;97.087
-427;55.880;31.807;97.095
-426;55.926;31.856;97.103
-425;55.971;31.905;97.111
-424;56.017;31.954;97.119
-423;56.062;32.003;97.127
-422;56.108;32.052;97.135
-422;56.153;32.102;97.143
-421;56.199;32.152;97.151
-420;56.245;32.201;97.159
-419;56.291;32.251;97.166
-418;56.337;32.301;97.174
-417;56.383;32.352;97.182
-417;56.429;32.402;97.190
-416;56.475;32.452;97.197
-415;56.521;32.503;97.205
-414;56.568;32.554;97.213
-413;56.614;32.605;97.221
-412;56.660;32.656;97.228
-412;56.707;32.707;97.236
-411;56.754;32.758;97.243
-410;56.800;32.809;97.251
-409;56.847;32.861;97.258
-408;56.894;32.913;97.266
-407;56.942;32.964;97.274
-407;56.989;33.016;97.281
-406;57.037;33.069;97.288
-405;57.085;33.121;97.296
-404;57.132;33.173;97.303
-403;57.180;33.226;97.311
-403;57.228;33.278;97.318
-402;57.276;33.331;97.325
-401;57.324;33.384;97.333
-400;57.372;33.437;97.340
-399;57.421;33.490;97.347
-398;57.469;33.544;97.355
-398;57.517;33.597;97.362
-397;57.566;33.651;97.369
-396;57.614;33.705;97.376
-395;57.663;33.759;97.384
-394;57.712;33.813;97.391
-393;57.761;33.867;97.398
-393;57.809;33.919;97.405
-392;57.858;33.971;97.412
-391;57.907;34.024;97.419
-390;57.956;34.076;97.426
-389;58.006;34.128;97.433
-388;58.055;34.181;97.440
-388;58.104;34.233;97.447
-387;58.154;34.286;97.454
-386;58.203;34.339;97.461
-385;58.253;34.392;97.468
-384;58.302;34.446;97.475
-383;58.352;34.499;97.482
-383;58.402;34.553;97.489
-382;58.452;34.606;97.496
-381;58.502;34.660;97.503
-380;58.552;34.714;97.509
-379;58.602;34.768;97.516
-378;58.653;34.822;97.523
-377;58.703;34.877;97.530
-377;58.753;34.931;97.537
-376;58.804;34.986;97.543
-375;58.854;35.041;97.550
-374;58.905;35.096;97.557
-373;58.956;35.151;97.563
-373;59.006;35.206;97.570
-372;59.057;35.262;97.577
-371;59.107;35.317;97.583
-370;59.158;35.373;97.590
-369;59.208;35.429;97.596
-368;59.259;35.485;97.603
-367;59.310;35.541;97.609
-367;59.361;35.597;97.616
-366;59.412;35.654;97.622
-365;59.463;35.711;97.629
-364;59.514;35.767;97.635
-363;59.566;35.824;97.642
-362;59.617;35.881;97.648
-362;59.668;35.939;97.655
-361;59.720;35.996;97.661
-360;59.772;36.053;97.667
-359;59.823;36.111;97.674
-358;59.875;36.169;97.680
-357;59.927;36.227;97.686
-357;59.979;36.285;97.693
-356;60.031;36.344;97.699
-355;60.083;36.402;97.705
-354;60.136;36.461;97.712
-353;60.188;36.519;97.718
-352;60.240;36.578;97.724
-352;60.293;36.638;97.730
-351;60.345;36.697;97.736
-350;60.398;36.757;97.743
-349;60.451;36.816;97.749
-348;60.504;36.876;97.755
-347;60.557;36.936;97.761
-347;60.610;36.996;97.767
-346;60.663;37.057;97.773
-345;60.716;37.117;97.779
-344;60.770;37.178;97.785
-343;60.823;37.239;97.791
-343;60.877;37.300;97.797
-342;60.930;37.361;97.803
-341;60.984;37.423;97.809
-340;61.038;37.484;97.815
-339;61.092;37.546;97.821
-338;61.146;37.608;97.827
-338;61.200;37.670;97.833
-337;61.254;37.732;97.839
-336;61.308;37.794;97.845
-335;61.363;37.857;97.851
-334;61.417;37.920;97.856
-333;61.472;37.982;97.862
-333;61.526;38.046;97.868
-332;61.581;38.109;97.874
-331;61.636;38.172;97.880
-330;61.691;38.236;97.885
-329;61.746;38.300;97.891
-328;61.801;38.363;97.897
-328;61.856;38.428;97.903
-327;61.912;38.492;97.908
-326;61.967;38.556;97.914
-325;62.023;38.621;97.920
-324;62.078;38.686;97.925
-323;62.134;38.751;97.931
-322;62.190;38.816;97.937
-322;62.246;38.881;97.942
-321;62.302;38.947;97.948
-320;62.358;39.013;97.954
-319;62.414;39.079;97.959
-318;62.470;39.145;97.965
-318;62.527;39.211;97.970
-317;62.583;39.277;97.976
-316;62.640;39.344;97.981
-315;62.697;39.411;97.987
-314;62.754;39.478;97.992
-313;62.811;39.545;97.998
-312;62.868;39.612;98.003
-312;62.925;39.680;98.009
-311;62.982;39.748;98.014
-310;63.039;39.816;98.020
-309;63.097;39.884;98.025
-308;63.154;39.952;98.030
-307;63.212;40.021;98.036
-307;63.270;40.089;98.041
-306;63.328;40.158;98.047
-305;63.386;40.227;98.052
-304;63.444;40.297;98.057
-303;63.502;40.366;98.063
-303;63.560;40.436;98.068
-302;63.619;40.506;98.073
-301;63.677;40.576;98.079
-300;63.736;40.646;98.084
-299;63.795;40.716;98.089
-298;63.854;40.787;98.094
-297;63.913;40.858;98.100
-297;63.972;40.929;98.105
-296;64.031;41.000;98.110
-295;64.090;41.072;98.115
-294;64.150;41.143;98.120
-293;64.209;41.215;98.126
-292;64.269;41.287;98.131
-292;64.329;41.359;98.136
-291;64.388;41.432;98.141
-290;64.448;41.504;98.146
-289;64.509;41.577;98.151
-288;64.569;41.654;98.156
-287;64.629;41.731;98.162
-287;64.689;41.808;98.167
-286;64.750;41.886;98.172
-285;64.811;41.964;98.177
-284;64.871;42.042;98.182
-283;64.932;42.121;98.187
-282;64.993;42.199;98.192
-282;65.054;42.278;98.197
-281;65.116;42.357;98.202
-280;65.177;42.436;98.207
-279;65.239;42.516;98.212
-278;65.300;42.596;98.217
-278;65.362;42.676;98.222
-277;65.424;42.756;98.227
-276;65.486;42.836;98.232
-275;65.548;42.917;98.237
-274;65.610;42.998;98.242
-273;65.672;43.079;98.247
-273;65.735;43.161;98.252
-272;65.797;43.243;98.256
-271;65.860;43.325;98.261
-270;65.923;43.407;98.266
-269;65.984;43.490;98.271
-268;66.046;43.572;98.276
-268;66.108;43.655;98.281
-267;66.170;43.739;98.286
-266;66.232;43.822;98.290
-265;66.294;43.906;98.295
-264;66.356;43.990;98.300
-263;66.419;44.074;98.305
-263;66.481;44.159;98.310
-262;66.544;44.243;98.315
-261;66.607;44.328;98.319
-260;66.669;44.413;98.324
-259;66.732;44.499;98.329
-258;66.795;44.585;98.334
-258;66.859;44.671;98.338
-257;66.922;44.757;98.343
-256;66.986;44.843;98.348
-255;67.049;44.930;98.353
-254;67.113;45.020;98.357
-253;67.177;45.110;98.362
-252;67.241;45.201;98.367
-252;67.305;45.291;98.372
-251;67.369;45.382;98.376
-250;67.433;45.474;98.381
-249;67.498;45.565;98.386
-248;67.563;45.657;98.390
-248;67.627;45.749;98.395
-247;67.692;45.841;98.400
-246;67.757;45.934;98.404
-245;67.822;46.027;98.409
-244;67.888;46.120;98.414
-243;67.953;46.214;98.418
-242;68.018;46.307;98.423
-242;68.084;46.401;98.427
-241;68.150;46.496;98.432
-240;68.216;46.590;98.437
-239;68.282;46.685;98.441
-238;68.348;46.780;98.446
-237;68.414;46.876;98.450
-237;68.481;46.971;98.455
-236;68.547;47.067;98.460
-235;68.614;47.164;98.464
-234;68.681;47.260;98.469
-233;68.748;47.357;98.473
-232;68.815;47.454;98.478
-232;68.882;47.552;98.482
-231;68.950;47.650;98.487
-230;69.017;47.748;98.492
-229;69.085;47.846;98.496
-228;69.153;47.944;98.501
-227;69.221;48.043;98.505
-227;69.289;48.143;98.510
-226;69.357;48.242;98.514
-225;69.425;48.342;98.519
-224;69.494;48.442;98.523
-223;69.563;48.542;98.528
-222;69.631;48.643;98.532
-222;69.700;48.744;98.537
-221;69.769;48.845;98.541
-220;69.839;48.947;98.546
-219;69.908;49.049;98.550
-218;69.977;49.151;98.555
-218;70.048;49.254;98.559
-217;70.119;49.357;98.564
-216;70.190;49.460;98.568
-215;70.262;49.563;98.573
-214;70.334;49.667;98.577
-213;70.405;49.771;98.581
-213;70.477;49.875;98.586
-212;70.550;49.980;98.590
-211;70.622;50.085;98.595
-210;70.694;50.191;98.599
-209;70.767;50.296;98.604
-208;70.840;50.402;98.608
-208;70.913;50.498;98.613
-207;70.986;50.589;98.617
-206;71.059;50.681;98.622
-205;71.133;50.772;98.626
-204;71.206;50.864;98.630
-203;71.280;50.957;98.635
-203;71.354;51.049;98.639
-202;71.428;51.142;98.644
-201;71.502;51.235;98.648
-200;71.578;51.328;98.653
-199;71.654;51.422;98.657
-198;71.730;51.516;98.661
-197;71.807;51.610;98.666
-197;71.882;51.719;98.670
-196;71.957;51.830;98.675
-195;72.032;51.940;98.679
-194;72.107;52.051;98.684
-193;72.184;52.163;98.688
-193;72.261;52.275;98.692
-192;72.338;52.387;98.697
-191;72.415;52.500;98.701
-190;72.492;52.613;98.706
-189;72.569;52.726;98.710
-188;72.647;52.840;98.714
-188;72.725;52.954;98.719
-187;72.803;53.068;98.723
-186;72.881;53.183;98.728
-185;72.959;53.298;98.732
-184;73.038;53.413;98.737
-183;73.117;53.529;98.741
-182;73.195;53.645;98.745
-182;73.273;53.761;98.750
-181;73.351;53.878;98.754
-180;73.429;53.995;98.759
-179;73.507;54.113;98.763
-178;73.585;54.231;98.767
-178;73.664;54.349;98.772
-177;73.742;54.468;98.776
-176;73.821;54.587;98.781
-175;73.900;54.706;98.785
-174;73.980;54.826;98.790
-173;74.059;54.946;98.794
-172;74.139;55.066;98.798
-172;74.218;55.187;98.803
-171;74.298;55.308;98.807
-170;74.379;55.430;98.812
-169;74.459;55.552;98.816
-168;74.540;55.674;98.821
-167;74.624;55.792;98.825
-167;74.707;55.909;98.830
-166;74.791;56.027;98.834
-165;74.876;56.145;98.838
-164;74.960;56.263;98.843
-163;75.044;56.381;98.847
-162;75.129;56.500;98.852
-162;75.214;56.619;98.856
-161;75.299;56.739;98.861
-160;75.385;56.859;98.865
-159;75.470;56.979;98.870
-158;75.556;57.100;98.874
-157;75.642;57.221;98.879
-157;75.729;57.342;98.883
-156;75.815;57.464;98.888
-155;75.902;57.586;98.892
-154;75.989;57.709;98.897
-153;76.076;57.831;98.901
-153;76.163;57.955;98.906
-152;76.246;58.078;98.910
-151;76.329;58.202;98.915
-150;76.412;58.327;98.919
-149;76.499;58.452;98.924
-148;76.587;58.577;98.928
-148;76.675;58.702;98.933
-147;76.764;58.828;98.937
-146;76.852;58.955;98.942
-145;76.941;59.081;98.946
-144;77.031;59.209;98.951
-143;77.120;59.336;98.956
-143;77.210;59.464;98.960
-142;77.299;59.592;98.965
-141;77.389;59.721;98.969
-140;77.480;59.850;98.974
-139;77.570;59.979;98.978
-138;77.661;60.109;98.983
-138;77.752;60.240;98.988
-137;77.843;60.370;98.992
-136;77.934;60.501;98.997
-135;78.025;60.633;99.002
-134;78.116;60.765;99.006
-133;78.207;60.897;99.011
-133;78.299;61.030;99.015
-132;78.390;61.154;99.020
-131;78.483;61.277;99.025
-130;78.575;61.401;99.029
-129;78.667;61.524;99.034
-128;78.760;61.649;99.039
-127;78.853;61.773;99.043
-127;78.946;61.898;99.048
-126;79.040;62.030;99.053
-125;79.134;62.168;99.058
-124;79.228;62.307;99.062
-123;79.322;62.446;99.067
-123;79.417;62.586;99.072
-122;79.512;62.726;99.076
-121;79.607;62.866;99.081
-120;79.702;62.993;99.086
-119;79.797;63.120;99.091
-118;79.893;63.248;99.096
-117;79.989;63.376;99.100
-117;80.086;63.504;99.105
-116;80.182;63.633;99.110
-115;80.279;63.762;99.115
-114;80.377;63.891;99.120
-113;80.474;64.021;99.124
-112;80.573;64.151;99.129
-112;80.673;64.282;99.134
-111;80.773;64.413;99.139
-110;80.874;64.544;99.144
-109;80.974;64.676;99.149
-108;81.075;64.808;99.154
-107;81.177;64.941;99.158
-107;81.278;65.074;99.163
-106;81.380;65.208;99.168
-105;81.483;65.342;99.173
-104;81.585;65.476;99.178
-103;81.688;65.611;99.183
-102;81.789;65.746;99.188
-102;81.889;65.881;99.193
-101;81.990;66.017;99.198
-100;82.091;66.153;99.203
-99;82.193;66.290;99.208
-98;82.294;66.427;99.213
-97;82.396;66.565;99.218
-97;82.497;66.703;99.223
-96;82.601;66.842;99.228
-95;82.704;66.980;99.233
-94;82.807;67.120;99.238
-93;82.910;67.260;99.243
-93;83.014;67.400;99.248
-92;83.118;67.540;99.254
-91;83.222;67.681;99.259
-90;83.327;67.823;99.264
-89;83.433;67.965;99.269
-88;83.542;68.107;99.274
-88;83.651;68.250;99.279
-87;83.761;68.393;99.284
-86;83.870;68.537;99.290
-85;83.976;68.681;99.295
-84;84.082;68.826;99.300
-83;84.189;68.982;99.305
-83;84.296;69.151;99.311
-82;84.403;69.319;99.316
-81;84.511;69.489;99.321
-80;84.619;69.658;99.326
-79;84.727;69.829;99.331
-78;84.836;70.000;99.336
-78;84.945;70.171;99.341
-77;85.054;70.343;99.346
-76;85.163;70.516;99.352
-75;85.261;70.689;99.357
-74;85.366;70.863;99.362
-73;85.476;71.037;99.367
-72;85.587;71.212;99.372
-72;85.698;71.387;99.378
-71;85.812;71.563;99.383
-70;85.927;71.740;99.388
-69;86.042;71.917;99.393
-68;86.158;72.095;99.399
-68;86.277;72.273;99.404
-67;86.396;72.452;99.409
-66;86.516;72.631;99.415
-65;86.636;72.811;99.420
-64;86.757;72.992;99.425
-63;86.878;73.173;99.431
-62;86.998;73.355;99.436
-62;87.117;73.538;99.442
-61;87.228;73.721;99.447
-60;87.337;73.905;99.452
-59;87.445;74.089;99.458
-58;87.558;74.274;99.463
-57;87.671;74.459;99.469
-57;87.784;74.645;99.474
-56;87.897;74.832;99.480
-55;88.011;75.020;99.485
-54;88.126;75.208;99.491
-53;88.249;75.393;99.497
-53;88.372;75.558;99.502
-52;88.495;75.725;99.508
-51;88.619;75.892;99.513
-50;88.743;76.059;99.519
-49;88.868;76.227;99.525
-48;88.993;76.396;99.530
-47;89.118;76.565;99.536
-47;89.244;76.735;99.542
-46;89.375;76.906;99.547
-45;89.503;77.077;99.553
-44;89.628;77.249;99.559
-43;89.748;77.422;99.565
-42;89.872;77.595;99.570
-42;89.989;77.768;99.576
-41;90.121;77.942;99.582
-40;90.249;78.117;99.588
-39;90.364;78.292;99.594
-38;90.493;78.468;99.600
-37;90.623;78.645;99.605
-37;90.752;78.822;99.611
-36;90.883;78.999;99.617
-35;91.013;79.177;99.623
-34;91.144;79.356;99.629
-33;91.274;79.536;99.635
-32;91.403;79.715;99.641
-32;91.541;79.896;99.647
-31;91.683;80.077;99.653
-30;91.818;80.259;99.659
-29;91.954;80.441;99.665
-28;92.085;80.624;99.671
-28;92.225;80.807;99.677
-27;92.354;80.991;99.684
-26;92.491;81.176;99.690
-25;92.632;81.361;99.696
-24;92.758;81.547;99.702
-23;92.902;81.734;99.708
-23;93.048;81.921;99.715
-22;93.189;82.109;99.721
-21;93.329;82.297;99.727
-20;93.463;82.486;99.733
-19;93.600;82.676;99.740
-18;93.736;82.866;99.746
-18;93.880;83.057;99.752
-17;94.014;83.248;99.759
-16;94.154;83.461;99.765
-15;94.291;83.679;99.771
-14;94.434;83.898;99.778
-13;94.578;84.118;99.785
-13;94.710;84.338;99.795
-12;94.833;84.559;99.804
-11;94.970;84.781;99.814
-10;95.114;85.003;99.824
-9;95.261;85.227;99.834
-8;95.405;85.433;99.843
-8;95.557;85.630;99.850
-7;95.697;85.827;99.857
-6;95.857;86.024;99.864
-5;96.001;86.223;99.871
-4;96.138;86.422;99.878
-3;96.283;86.622;99.885
-2;96.422;86.822;99.893
-2;96.574;87.023;99.902
-1;96.727;87.225;99.911
0;96.886;87.427;99.920
1;97.045;87.630;99.929
2;97.171;87.828;99.935
2;97.286;88.021;99.940
3;97.389;88.207;99.944
4;97.483;88.387;99.946
5;97.565;88.560;99.948
6;97.638;88.728;99.950
7;97.700;88.890;99.951
8;97.761;89.046;99.952
8;97.818;89.198;99.953
9;97.867;89.344;99.954
10;97.913;89.485;99.955
11;97.952;89.622;99.955
12;97.987;89.754;99.956
13;98.020;89.882;99.956
13;98.053;90.006;99.956
14;98.084;90.126;99.957
15;98.114;90.243;99.957
16;98.142;90.356;99.958
17;98.169;90.465;99.958
18;98.191;90.571;99.959
18;98.211;90.675;99.959
19;98.232;90.775;99.959
20;98.249;90.872;99.960
21;98.265;90.967;99.960
22;98.279;91.059;99.961
23;98.293;91.149;99.961
23;98.302;91.236;99.961
24;98.311;91.321;99.962
25;98.327;91.403;99.962
26;98.342;91.484;99.962
27;98.356;91.562;99.962
28;98.369;91.639;99.963
28;98.378;91.713;99.963
29;98.387;91.786;99.963
30;98.396;91.857;99.963
31;98.404;91.926;99.963
32;98.412;91.993;99.963
32;98.419;92.059;99.964
33;98.426;92.123;99.964
34;98.431;92.186;99.964
35;98.439;92.247;99.964
36;98.446;92.307;99.964
37;98.458;92.364;99.964
37;98.467;92.421;99.964
38;98.475;92.476;99.965
39;98.484;92.521;99.965
40;98.489;92.559;99.965
41;98.494;92.595;99.965
42;98.499;92.631;99.965
42;98.502;92.666;99.965
43;98.506;92.700;99.965
44;98.509;92.733;99.965
45;98.513;92.765;99.965
46;98.516;92.796;99.965
47;98.519;92.826;99.966
47;98.522;92.856;99.966
48;98.526;92.885;99.966
49;98.530;92.921;99.966
50;98.534;92.963;99.966
51;98.537;93.003;99.966
52;98.540;93.043;99.966
53;98.542;93.082;99.966
53;98.545;93.120;99.966
54;98.547;93.157;99.966
55;98.550;93.194;99.966
56;98.552;93.230;99.966
57;98.554;93.266;99.966
57;98.557;93.300;99.967
58;98.560;93.334;99.967
59;98.564;93.368;99.967
60;98.569;93.401;99.967
61;98.571;93.433;99.967
62;98.572;93.465;99.967
62;98.574;93.496;99.967
63;98.576;93.527;99.967
64;98.578;93.557;99.967
65;98.581;93.586;99.967
66;98.583;93.615;99.967
67;98.583;93.644;99.967
68;98.584;93.672;99.967
68;98.585;93.699;99.967
69;98.585;93.727;99.967
70;98.585;93.753;99.967
71;98.585;93.779;99.967
72;98.585;93.805;99.967
72;98.585;93.831;99.967
73;98.586;93.842;99.967
74;98.588;93.850;99.967
75;98.594;93.857;99.967
76;98.598;93.865;99.968
77;98.602;93.872;99.968
78;98.603;93.879;99.968
78;98.604;93.886;99.968
79;98.605;93.893;99.968
80;98.606;93.899;99.968
81;98.607;93.906;99.968
82;98.608;93.912;99.968
83;98.608;93.918;99.968
83;98.609;93.924;99.968
84;98.611;93.929;99.968
85;98.613;93.935;99.968
86;98.613;93.940;99.968
87;98.614;93.946;99.968
88;98.614;93.951;99.968
88;98.616;93.956;99.968
89;98.616;93.960;99.968
90;98.615;93.965;99.968
91;98.617;93.969;99.968
92;98.619;93.974;99.968
93;98.620;93.979;99.968
93;98.620;93.983;99.968
94;98.620;93.987;99.968
95;98.621;93.992;99.968
96;98.621;93.996;99.968
97;98.621;94.000;99.968
97;98.621;94.004;99.968
98;98.623;94.007;99.968
99;98.625;94.011;99.968
100;98.627;94.014;99.968
101;98.628;94.018;99.968
102;98.628;94.021;99.968
102;98.629;94.024;99.968
103;98.629;94.027;99.968
104;98.629;94.030;99.968
105;98.629;94.040;99.968
106;98.630;94.056;99.968
107;98.630;94.073;99.968
107;98.630;94.089;99.968
108;98.632;94.105;99.968
109;98.633;94.121;99.968
110;98.634;94.137;99.968
111;98.634;94.152;99.968
112;98.634;94.168;99.968
112;98.634;94.183;99.968
113;98.634;94.198;99.968
114;98.634;94.212;99.968
115;98.634;94.227;99.968
116;98.634;94.241;99.968
117;98.634;94.255;99.968
117;98.633;94.269;99.968
118;98.633;94.283;99.968
119;98.633;94.297;99.968
120;98.632;94.311;99.968
121;98.632;94.324;99.968
122;98.631;94.337;99.968
123;98.631;94.351;99.968
123;98.631;94.364;99.968
124;98.630;94.377;99.968
125;98.630;94.389;99.968
126;98.630;94.402;99.968
127;98.630;94.415;99.968
127;98.630;94.427;99.968
128;98.630;94.439;99.968
129;98.631;94.451;99.968
130;98.631;94.463;99.968
131;98.632;94.475;99.968
132;98.632;94.486;99.968
133;98.632;94.498;99.968
133;98.633;94.509;99.968
134;98.633;94.520;99.967
135;98.633;94.531;99.967
136;98.633;94.542;99.967
137;98.632;94.553;99.967
138;98.632;94.564;99.967
138;98.631;94.574;99.967
139;98.631;94.585;99.967
140;98.630;94.595;99.967
141;98.630;94.605;99.967
142;98.630;94.615;99.967
143;98.631;94.625;99.967
143;98.631;94.635;99.967
144;98.631;94.645;99.967
145;98.631;94.655;99.967
146;98.631;94.664;99.967
147;98.631;94.674;99.967
148;98.631;94.683;99.967
148;98.631;94.692;99.967
149;98.631;94.701;99.967
150;98.632;94.710;99.967
151;98.632;94.719;99.967
152;98.632;94.728;99.967
153;98.632;94.737;99.967
153;98.633;94.746;99.967
154;98.632;94.752;99.967
155;98.632;94.750;99.967
156;98.632;94.748;99.967
157;98.631;94.746;99.967
157;98.631;94.744;99.967
158;98.630;94.742;99.967
159;98.630;94.740;99.967
160;98.629;94.738;99.967
161;98.629;94.736;99.967
162;98.629;94.734;99.967
162;98.629;94.732;99.967
163;98.629;94.730;99.967
164;98.628;94.728;99.967
165;98.628;94.726;99.967
166;98.628;94.724;99.967
167;98.628;94.722;99.967
167;98.628;94.719;99.967
168;98.628;94.717;99.967
169;98.627;94.715;99.967
170;98.627;94.713;99.966
171;98.627;94.710;99.966
172;98.626;94.708;99.966
172;98.626;94.706;99.966
173;98.626;94.703;99.966
174;98.625;94.701;99.966
175;98.625;94.699;99.966
176;98.624;94.696;99.966
177;98.624;94.694;99.966
178;98.623;94.691;99.966
178;98.623;94.689;99.966
179;98.623;94.687;99.966
180;98.622;94.684;99.966
181;98.622;94.682;99.966
182;98.622;94.679;99.966
182;98.622;94.677;99.966
183;98.621;94.674;99.966
184;98.621;94.671;99.966
185;98.621;94.669;99.966
186;98.620;94.666;99.966
187;98.619;94.664;99.966
188;98.619;94.661;99.966
188;98.618;94.658;99.966
189;98.618;94.656;99.966
190;98.617;94.653;99.966
191;98.617;94.651;99.966
192;98.616;94.648;99.966
193;98.615;94.645;99.966
193;98.615;94.642;99.966
194;98.614;94.640;99.966
195;98.614;94.637;99.966
196;98.613;94.638;99.966
197;98.612;94.641;99.966
197;98.612;94.645;99.966
198;98.611;94.648;99.966
199;98.612;94.652;99.966
200;98.612;94.655;99.966
201;98.612;94.659;99.966
202;98.613;94.662;99.966
203;98.614;94.665;99.966
203;98.615;94.668;99.966
204;98.615;94.671;99.966
205;98.616;94.675;99.966
206;98.616;94.678;99.966
207;98.616;94.681;99.966
208;98.616;94.684;99.966
208;98.615;94.686;99.966
209;98.615;94.689;99.966
210;98.615;94.692;99.966
211;98.615;94.695;99.966
212;98.614;94.696;99.966
213;98.613;94.692;99.966
213;98.613;94.688;99.966
214;98.612;94.685;99.966
215;98.611;94.681;99.966
216;98.611;94.678;99.966
217;98.610;94.674;99.966
218;98.609;94.671;99.966
218;98.608;94.667;99.966
219;98.608;94.663;99.966
220;98.607;94.660;99.966
221;98.606;94.656;99.966
222;98.605;94.652;99.966
222;98.605;94.649;99.966
223;98.604;94.645;99.966
224;98.603;94.641;99.965
225;98.602;94.638;99.965
226;98.601;94.634;99.965
227;98.600;94.630;99.965
227;98.599;94.626;99.965
228;98.598;94.623;99.965
229;98.597;94.619;99.965
230;98.596;94.615;99.965
231;98.594;94.611;99.965
232;98.593;94.607;99.965
232;98.592;94.603;99.965
233;98.591;94.599;99.965
234;98.590;94.596;99.965
235;98.588;94.592;99.965
236;98.587;94.588;99.965
237;98.586;94.584;99.965
237;98.586;94.582;99.965
238;98.585;94.582;99.965
239;98.584;94.581;99.965
240;98.583;94.581;99.965
241;98.583;94.581;99.965
242;98.582;94.581;99.965
242;98.581;94.581;99.965
243;98.581;94.580;99.965
244;98.580;94.580;99.965
245;98.579;94.580;99.965
246;98.578;94.579;99.965
247;98.577;94.579;99.965
248;98.576;94.579;99.965
248;98.575;94.578;99.965
249;98.575;94.578;99.965
250;98.574;94.577;99.965
251;98.573;94.577;99.965
252;98.572;94.576;99.965
252;98.571;94.576;99.965
253;98.570;94.575;99.965
254;98.570;94.575;99.965
255;98.569;94.574;99.965
256;98.569;94.574;99.965
257;98.568;94.573;99.965
258;98.568;94.572;99.965
258;98.567;94.572;99.965
259;98.566;94.571;99.965
260;98.565;94.570;99.965
261;98.565;94.570;99.965
262;98.564;94.569;99.965
263;98.564;94.568;99.965
263;98.563;94.567;99.965
264;98.564;94.566;99.965
265;98.564;94.566;99.965
266;98.563;94.565;99.965
267;98.563;94.564;99.965
268;98.562;94.563;99.965
268;98.562;94.562;99.965
269;98.561;94.561;99.965
270;98.561;94.560;99.965
271;98.560;94.559;99.965
272;98.560;94.558;99.965
273;98.559;94.557;99.964
273;98.559;94.556;99.964
274;98.558;94.555;99.964
275;98.558;94.553;99.964
276;98.557;94.552;99.964
277;98.556;94.551;99.964
278;98.556;94.550;99.964
278;98.555;94.549;99.964
279;98.555;94.547;99.964
280;98.554;94.546;99.964
281;98.553;94.545;99.964
282;98.553;94.543;99.964
282;98.552;94.542;99.964
283;98.552;94.541;99.964
284;98.551;94.539;99.964
285;98.550;94.538;99.964
286;98.549;94.537;99.964
287;98.549;94.535;99.964
287;98.548;94.534;99.964
288;98.547;94.532;99.964
289;98.546;94.531;99.964
290;98.545;94.529;99.964
291;98.545;94.528;99.964
292;98.544;94.526;99.964
292;98.543;94.525;99.964
293;98.542;94.523;99.964
294;98.541;94.521;99.964
295;98.540;94.520;99.964
296;98.539;94.518;99.964
297;98.538;94.516;99.964
297;98.537;94.515;99.964
298;98.536;94.513;99.964
299;98.535;94.513;99.964
300;98.534;94.512;99.964
301;98.533;94.511;99.964
302;98.532;94.510;99.964
303;98.531;94.510;99.964
303;98.530;94.509;99.964
304;98.528;94.508;99.964
305;98.527;94.507;99.964
306;98.526;94.506;99.964
307;98.525;94.506;99.964
307;98.524;94.505;99.963
308;98.522;94.504;99.963
309;98.521;94.503;99.963
310;98.520;94.502;99.963
311;98.519;94.501;99.963
312;98.518;94.500;99.963
312;98.516;94.500;99.963
313;98.515;94.496;99.963
314;98.514;94.492;99.963
315;98.513;94.488;99.963
316;98.512;94.484;99.963
317;98.510;94.480;99.963
318;98.509;94.475;99.963
318;98.508;94.471;99.963
319;98.507;94.467;99.963
320;98.506;94.463;99.963
321;98.504;94.460;99.963
322;98.503;94.458;99.963
322;98.502;94.456;99.963
323;98.501;94.453;99.963
324;98.499;94.451;99.963
325;98.498;94.449;99.963
326;98.497;94.446;99.963
327;98.496;94.444;99.963
328;98.495;94.442;99.963
328;98.493;94.439;99.963
329;98.492;94.437;99.963
330;98.491;94.435;99.963
331;98.490;94.432;99.963
332;98.489;94.430;99.963
333;98.487;94.428;99.963
333;98.486;94.425;99.963
334;98.485;94.423;99.963
335;98.484;94.420;99.963
336;98.482;94.418;99.963
337;98.481;94.415;99.962
338;98.480;94.413;99.962
338;98.479;94.410;99.962
339;98.477;94.408;99.962
340;98.476;94.405;99.962
341;98.475;94.403;99.962
342;98.473;94.401;99.962
343;98.472;94.398;99.962
343;98.471;94.396;99.962
344;98.469;94.393;99.962
345;98.468;94.391;99.962
346;98.467;94.388;99.962
347;98.465;94.386;99.962
347;98.464;94.383;99.962
348;98.463;94.381;99.962
349;98.461;94.378;99.962
350;98.460;94.376;99.962
351;98.459;94.373;99.962
352;98.457;94.371;99.962
352;98.456;94.368;99.962
353;98.455;94.366;99.962
354;98.453;94.363;99.962
355;98.452;94.360;99.962
356;98.451;94.358;99.962
357;98.449;94.358;99.962
357;98.448;94.358;99.962
358;98.447;94.357;99.962
359;98.446;94.357;99.962
360;98.444;94.357;99.962
361;98.443;94.357;99.962
362;98.442;94.357;99.962
362;98.441;94.357;99.962
363;98.440;94.357;99.962
364;98.439;94.355;99.962
365;98.437;94.352;99.961
366;98.436;94.349;99.961
367;98.435;94.346;99.961
367;98.434;94.343;99.961
368;98.433;94.340;99.961
369;98.432;94.337;99.961
370;98.431;94.333;99.961
371;98.430;94.330;99.961
372;98.429;94.327;99.961
373;98.428;94.324;99.961
373;98.427;94.321;99.961
374;98.426;94.318;99.961
375;98.425;94.315;99.961
376;98.424;94.312;99.961
377;98.422;94.309;99.961
377;98.421;94.305;99.961
378;98.419;94.302;99.961
379;98.418;94.299;99.961
380;98.417;94.296;99.961
381;98.416;94.293;99.961
382;98.416;94.290;99.961
383;98.415;94.287;99.961
383;98.414;94.284;99.961
384;98.413;94.281;99.961
385;98.412;94.277;99.961
386;98.411;94.274;99.961
387;98.410;94.271;99.961
388;98.409;94.268;99.961
388;98.408;94.265;99.961
389;98.407;94.262;99.961
390;98.405;94.259;99.961
391;98.404;94.256;99.961
392;98.403;94.253;99.960
393;98.402;94.250;99.960
393;98.401;94.249;99.960
394;98.400;94.249;99.960
395;98.399;94.249;99.960
396;98.397;94.248;99.960
397;98.396;94.248;99.960
398;98.395;94.247;99.960
398;98.394;94.247;99.960
399;98.393;94.244;99.960
400;98.391;94.241;99.960
401;98.390;94.237;99.960
402;98.389;94.233;99.960
403;98.388;94.230;99.960
403;98.386;94.226;99.960
404;98.385;94.223;99.960
405;98.384;94.219;99.960
406;98.383;94.216;99.960
407;98.382;94.212;99.960
407;98.380;94.208;99.960
408;98.379;94.205;99.960
409;98.378;94.201;99.960
410;98.377;94.198;99.960
411;98.375;94.194;99.960
412;98.374;94.191;99.960
412;98.372;94.187;99.960
413;98.371;94.183;99.960
414;98.369;94.180;99.960
415;98.368;94.176;99.960
416;98.367;94.173;99.960
417;98.365;94.169;99.960
417;98.364;94.166;99.960
418;98.363;94.162;99.959
419;98.362;94.158;99.959
420;98.360;94.155;99.959
421;98.359;94.151;99.959
422;98.358;94.148;99.959
422;98.356;94.144;99.959
423;98.355;94.141;99.959
424;98.354;94.137;99.959
425;98.353;94.134;99.959
426;98.351;94.130;99.959
427;98.350;94.127;99.959
428;98.349;94.123;99.959
428;98.347;94.120;99.959
429;98.346;94.116;99.959
430;98.345;94.113;99.959
431;98.344;94.109;99.959
432;98.342;94.106;99.959
432;98.341;94.103;99.959
433;98.340;94.100;99.959
434;98.338;94.097;99.959
435;98.337;94.094;99.959
436;98.336;94.091;99.959
437;98.335;94.088;99.959
438;98.333;94.085;99.959
438;98.332;94.082;99.959
439;98.330;94.079;99.959
440;98.329;94.076;99.959
441;98.327;94.073;99.959
442;98.326;94.070;99.959
443;98.324;94.067;99.959
443;98.323;94.064;99.959
444;98.322;94.061;99.959
445;98.320;94.058;99.959
446;98.319;94.055;99.958
447;98.317;94.052;99.958
447;98.316;94.049;99.958
448;98.314;94.046;99.958
449;98.313;94.043;99.958
450;98.312;94.040;99.958
451;98.310;94.037;99.958
452;98.309;94.034;99.958
453;98.308;94.032;99.958
453;98.307;94.029;99.958
454;98.305;94.026;99.958
455;98.304;94.023;99.958
456;98.303;94.020;99.958
457;98.302;94.017;99.958
458;98.301;94.014;99.958
458;98.300;94.011;99.958
459;98.299;94.008;99.958
460;98.298;94.006;99.958
461;98.297;94.003;99.958
462;98.296;94.000;99.958
463;98.295;93.997;99.958
463;98.293;93.994;99.958
464;98.292;93.991;99.958
465;98.291;93.989;99.958
466;98.289;93.986;99.958
467;98.288;93.983;99.958
468;98.287;93.980;99.958
468;98.285;93.977;99.958
469;98.284;93.975;99.958
470;98.283;93.972;99.958
471;98.281;93.969;99.958
472;98.280;93.966;99.958
472;98.279;93.963;99.957
473;98.278;93.960;99.957
474;98.277;93.956;99.957
475;98.277;93.953;99.957
476;98.276;93.949;99.957
477;98.275;93.946;99.957
477;98.275;93.942;99.957
478;98.274;93.939;99.957
479;98.273;93.935;99.957
480;98.273;93.932;99.957
481;98.272;93.928;99.957
482;98.271;93.925;99.957
482;98.271;93.921;99.957
483;98.270;93.918;99.957
484;98.269;93.915;99.957
485;98.268;93.911;99.957
486;98.267;93.908;99.957
487;98.266;93.904;99.957
487;98.265;93.901;99.957
488;98.264;93.898;99.957
489;98.263;93.894;99.957
490;98.262;93.891;99.957
491;98.262;93.887;99.957
492;98.261;93.884;99.957
492;98.260;93.881;99.957
493;98.260;93.877;99.957
494;98.259;93.874;99.957
495;98.257;93.871;99.957
496;98.256;93.867;99.957
497;98.255;93.864;99.957
498;98.254;93.861;99.957
498;98.253;93.857;99.957
499;98.252;93.854;99.957
500;98.251;93.851;99.956
501;98.250;93.847;99.956
502;98.249;93.844;99.956
502;98.247;93.841;99.956
503;98.246;93.838;99.956
504;98.245;93.834;99.956
505;98.244;93.831;99.956
506;98.243;93.828;99.956
507;98.242;93.824;99.956
508;98.241;93.821;99.956
508;98.240;93.818;99.956
509;98.239;93.815;99.956
510;98.238;93.812;99.956
511;98.237;93.808;99.956
512;98.235;93.805;99.956
513;98.234;93.802;99.956
513;98.233;93.799;99.956
514;98.232;93.796;99.956
515;98.231;93.792;99.956
516;98.230;93.789;99.956
517;98.229;93.786;99.956
518;98.228;93.783;99.956
518;98.227;93.780;99.956
519;98.226;93.777;99.956
520;98.225;93.774;99.956
521;98.224;93.770;99.956
522;98.223;93.767;99.956
523;98.222;93.764;99.956
523;98.221;93.761;99.956
524;98.220;93.758;99.956
525;98.219;93.755;99.956
526;98.218;93.752;99.956
527;98.216;93.749;99.956
528;98.215;93.746;99.956
528;98.214;93.743;99.956
529;98.213;93.740;99.955
530;98.212;93.737;99.955
531;98.211;93.734;99.955
532;98.210;93.731;99.955
532;98.209;93.728;99.955
533;98.208;93.725;99.955
534;98.207;93.722;99.955
535;98.206;93.719;99.955
536;98.205;93.716;99.955
537;98.204;93.714;99.955
537;98.203;93.711;99.955
538;98.202;93.709;99.955
539;98.201;93.706;99.955
540;98.200;93.704;99.955
541;98.199;93.701;99.955
542;98.198;93.699;99.955
542;98.197;93.696;99.955
543;98.197;93.694;99.955
544;98.196;93.691;99.955
545;98.195;93.689;99.955
546;98.194;93.686;99.955
547;98.193;93.684;99.955
547;98.193;93.681;99.955
548;98.192;93.679;99.955
549;98.191;93.677;99.955
550;98.190;93.674;99.955
551;98.190;93.672;99.955
552;98.189;93.670;99.955
553;98.188;93.667;99.955
553;98.187;93.665;99.955
554;98.187;93.663;99.955
555;98.186;93.660;99.955
556;98.185;93.658;99.955
557;98.185;93.656;99.955
557;98.184;93.654;99.955
558;98.183;93.651;99.955
559;98.182;93.649;99.954
560;98.182;93.647;99.954
561;98.181;93.645;99.954
562;98.180;93.642;99.954
562;98.179;93.640;99.954
563;98.178;93.638;99.954
564;98.177;93.636;99.954
565;98.176;93.634;99.954
566;98.175;93.632;99.954
567;98.174;93.630;99.954
568;98.173;93.627;99.954
568;98.172;93.625;99.954
569;98.171;93.623;99.954
570;98.170;93.621;99.954
571;98.169;93.619;99.954
572;98.168;93.617;99.954
572;98.167;93.615;99.954
573;98.166;93.613;99.954
574;98.165;93.611;99.954
575;98.164;93.609;99.954
576;98.163;93.607;99.954
577;98.162;93.605;99.954
578;98.161;93.603;99.954
578;98.160;93.601;99.954
579;98.159;93.599;99.954
580;98.158;93.597;99.954
581;98.157;93.596;99.954
582;98.157;93.594;99.954
583;98.156;93.592;99.954
583;98.155;93.590;99.954
584;98.154;93.588;99.954
585;98.154;93.586;99.954
586;98.153;93.585;99.954
587;98.152;93.583;99.954
588;98.152;93.581;99.954
588;98.151;93.579;99.954
589;98.150;93.578;99.954
590;98.149;93.576;99.954
591;98.149;93.574;99.954
592;98.148;93.572;99.953
593;98.147;93.571;99.953
593;98.147;93.569;99.953
594;98.146;93.567;99.953
595;98.145;93.566;99.953
596;98.145;93.564;99.953
597;98.144;93.562;99.953
597;98.143;93.561;99.953
598;98.143;93.559;99.953
599;98.142;93.558;99.953
600;98.141;93.556;99.953
601;98.140;93.555;99.953
602;98.139;93.553;99.953
602;98.139;93.552;99.953
603;98.138;93.550;99.953
604;98.138;93.549;99.953
605;98.137;93.547;99.953
606;98.137;93.546;99.953
607;98.136;93.544;99.953
607;98.135;93.543;99.953
608;98.134;93.542;99.953
609;98.133;93.540;99.953
610;98.132;93.539;99.953
611;98.131;93.537;99.953
612;98.131;93.536;99.953
612;98.130;93.535;99.953
613;98.129;93.533;99.953
614;98.128;93.532;99.953
615;98.128;93.531;99.953
616;98.127;93.530;99.953
617;98.127;93.528;99.953
617;98.126;93.527;99.953
618;98.126;93.526;99.953
619;98.125;93.525;99.953
620;98.125;93.524;99.953
621;98.124;93.522;99.953
622;98.124;93.521;99.953
623;98.123;93.520;99.953
623;98.123;93.519;99.953
624;98.123;93.518;99.953
625;98.122;93.517;99.953
626;98.122;93.516;99.953
627;98.121;93.515;99.953
627;98.121;93.514;99.953
628;98.120;93.513;99.953
629;98.120;93.512;99.953
630;98.120;93.511;99.952
631;98.119;93.510;99.952
632;98.119;93.509;99.952
633;98.118;93.508;99.952
633;98.118;93.507;99.952
634;98.117;93.506;99.952
635;98.116;93.505;99.952
636;98.116;93.504;99.952
637;98.115;93.503;99.952
638;98.114;93.503;99.952
638;98.113;93.502;99.952
639;98.113;93.501;99.952
640;98.112;93.500;99.952
641;98.111;93.497;99.952
642;98.111;93.495;99.952
643;98.110;93.493;99.952
643;98.109;93.490;99.952
644;98.109;93.488;99.952
645;98.108;93.485;99.952
646;98.107;93.483;99.952
647;98.106;93.481;99.952
648;98.105;93.478;99.952
648;98.105;93.476;99.952
649;98.104;93.474;99.952
650;98.103;93.471;99.952
651;98.102;93.469;99.952
652;98.101;93.467;99.952
653;98.101;93.465;99.952
653;98.100;93.465;99.952
654;98.099;93.465;99.952
655;98.099;93.466;99.952
656;98.098;93.467;99.952
657;98.098;93.467;99.952
657;98.097;93.468;99.952
658;98.096;93.468;99.952
659;98.096;93.469;99.952
660;98.095;93.470;99.952
661;98.095;93.470;99.952
662;98.094;93.471;99.952
662;98.094;93.472;99.952
663;98.093;93.472;99.952
664;98.093;93.473;99.952
665;98.092;93.474;99.952
666;98.092;93.475;99.952
667;98.092;93.475;99.952
667;98.092;93.476;99.952
668;98.092;93.477;99.952
669;98.092;93.478;99.952
670;98.092;93.479;99.952
671;98.092;93.480;99.952
672;98.091;93.480;99.952
672;98.091;93.481;99.952
673;98.091;93.481;99.952
674;98.091;93.481;99.952
675;98.091;93.481;99.952
676;98.091;93.481;99.952
677;98.090;93.481;99.952
678;98.090;93.481;99.952
678;98.090;93.481;99.952
679;98.090;93.481;99.952
680;98.090;93.481;99.951
681;98.090;93.481;99.951
682;98.090;93.481;99.951
682;98.090;93.481;99.951
683;98.090;93.481;99.951
684;98.090;93.481;99.951
685;98.090;93.481;99.951
686;98.090;93.481;99.951
687;98.090;93.481;99.951
688;98.090;93.482;99.951
688;98.090;93.482;99.951
689;98.090;93.482;99.951
690;98.090;93.482;99.951
691;98.090;93.483;99.951
692;98.090;93.483;99.951
693;98.090;93.483;99.951
693;98.090;93.483;99.951
694;98.090;93.484;99.951
695;98.090;93.484;99.951
696;98.090;93.485;99.951
697;98.090;93.485;99.951
697;98.090;93.485;99.951
698;98.090;93.486;99.951
699;98.090;93.486;99.951
700;98.090;93.487;99.951
701;98.090;93.487;99.951
702;98.090;93.488;99.951
703;98.090;93.488;99.951
703;98.090;93.489;99.951
704;98.090;93.489;99.951
705;98.090;93.490;99.951
706;98.090;93.491;99.951
707;98.090;93.491;99.951
708;98.090;93.492;99.951
708;98.090;93.493;99.951
709;98.090;93.493;99.951
710;98.090;93.494;99.951
711;98.090;93.495;99.951
712;98.090;93.496;99.951
713;98.090;93.496;99.951
713;98.090;93.497;99.951
714;98.090;93.498;99.951
715;98.090;93.499;99.951
716;98.089;93.500;99.951
717;98.089;93.500;99.951
718;98.089;93.501;99.951
718;98.089;93.502;99.951
719;98.089;93.503;99.951
720;98.089;93.504;99.951
721;98.089;93.505;99.951
722;98.089;93.506;99.951
722;98.089;93.507;99.951
723;98.089;93.508;99.951
724;98.089;93.509;99.951
725;98.089;93.510;99.951
726;98.089;93.511;99.951
727;98.089;93.512;99.951
727;98.089;93.514;99.951
728;98.089;93.515;99.951
729;98.089;93.516;99.951
730;98.089;93.517;99.951
731;98.089;93.518;99.951
732;98.089;93.519;99.951
732;98.090;93.521;99.951
733;98.090;93.522;99.951
734;98.090;93.523;99.951
735;98.090;93.525;99.951
736;98.090;93.526;99.951
737;98.090;93.527;99.951
737;98.090;93.529;99.951
738;98.091;93.530;99.951
739;98.091;93.531;99.951
740;98.092;93.533;99.951
741;98.092;93.534;99.951
742;98.092;93.536;99.951
742;98.093;93.537;99.951
743;98.093;93.539;99.951
744;98.094;93.540;99.951
745;98.094;93.542;99.951
746;98.095;93.543;99.951
747;98.095;93.545;99.951
748;98.096;93.547;99.951
748;98.096;93.548;99.951
749;98.097;93.550;99.951
750;98.097;93.552;99.951
751;98.098;93.553;99.951
752;98.098;93.555;99.951
752;98.099;93.557;99.951
753;98.099;93.559;99.951
754;98.100;93.560;99.951
755;98.100;93.562;99.951
756;98.101;93.564;99.951
757;98.101;93.566;99.951
758;98.102;93.568;99.951
758;98.103;93.570;99.951
759;98.103;93.572;99.951
760;98.104;93.574;99.951
761;98.104;93.575;99.951
762;98.105;93.577;99.951
763;98.106;93.579;99.951
763;98.106;93.581;99.951
764;98.107;93.584;99.951
765;98.107;93.586;99.951
766;98.108;93.588;99.951
767;98.109;93.590;99.951
768;98.109;93.592;99.951
768;98.110;93.594;99.951
769;98.111;93.596;99.951
770;98.111;93.598;99.951
771;98.112;93.601;99.951
772;98.113;93.603;99.951
773;98.114;93.605;99.951
773;98.114;93.607;99.951
774;98.115;93.610;99.951
775;98.116;93.612;99.951
776;98.116;93.614;99.951
777;98.117;93.617;99.951
778;98.118;93.619;99.951
778;98.118;93.622;99.951
779;98.119;93.624;99.951
780;98.120;93.627;99.951
781;98.120;93.629;99.951
782;98.121;93.632;99.951
782;98.122;93.634;99.951
783;98.123;93.637;99.951
784;98.123;93.639;99.951
785;98.124;93.642;99.951
786;98.125;93.642;99.951
787;98.126;93.642;99.951
787;98.126;93.643;99.951
788;98.127;93.643;99.951
789;98.128;93.643;99.951
790;98.129;93.644;99.951
791;98.130;93.644;99.951
792;98.131;93.645;99.951
792;98.132;93.645;99.951
793;98.132;93.646;99.951
794;98.133;93.647;99.951
795;98.134;93.647;99.951
796;98.135;93.648;99.951
797;98.136;93.649;99.951
797;98.137;93.649;99.951
798;98.138;93.650;99.951
799;98.139;93.651;99.951
800;98.140;93.652;99.951
801;98.141;93.653;99.951
802;98.142;93.654;99.951
803;98.143;93.654;99.951
803;98.144;93.655;99.952
804;98.145;93.657;99.952
805;98.146;93.658;99.952
806;98.148;93.659;99.952
807;98.149;93.660;99.952
807;98.150;93.661;99.952
808;98.151;93.662;99.952
809;98.152;93.664;99.952
810;98.153;93.665;99.952
811;98.154;93.666;99.952
812;98.155;93.668;99.952
812;98.156;93.669;99.952
813;98.157;93.670;99.952
814;98.158;93.672;99.952
815;98.160;93.673;99.952
816;98.161;93.675;99.952
817;98.162;93.677;99.952
818;98.163;93.678;99.952
818;98.164;93.680;99.952
819;98.165;93.682;99.952
820;98.166;93.684;99.952
821;98.167;93.685;99.952
822;98.168;93.687;99.952
822;98.170;93.689;99.952
823;98.170;93.691;99.952
824;98.171;93.693;99.952
825;98.172;93.695;99.952
826;98.173;93.697;99.952
827;98.175;93.699;99.952
828;98.176;93.701;99.952
828;98.177;93.704;99.952
829;98.179;93.706;99.952
830;98.180;93.708;99.952
831;98.182;93.710;99.952
832;98.183;93.713;99.952
833;98.185;93.715;99.952
833;98.187;93.718;99.952
834;98.188;93.720;99.952
835;98.190;93.723;99.952
836;98.191;93.725;99.952
837;98.193;93.728;99.952
838;98.194;93.731;99.952
838;98.196;93.733;99.952
839;98.197;93.736;99.952
840;98.199;93.739;99.953
841;98.201;93.742;99.953
842;98.202;93.745;99.953
843;98.204;93.748;99.953
843;98.205;93.751;99.953
844;98.207;93.754;99.953
845;98.209;93.757;99.953
846;98.210;93.760;99.953
847;98.212;93.763;99.953
847;98.214;93.766;99.953
848;98.216;93.770;99.953
849;98.217;93.773;99.953
850;98.219;93.776;99.953
851;98.221;93.780;99.953
852;98.223;93.785;99.953
852;98.225;93.790;99.953
853;98.228;93.794;99.953
854;98.230;93.799;99.953
855;98.232;93.804;99.953
856;98.234;93.809;99.953
857;98.236;93.814;99.953
857;98.238;93.819;99.953
858;98.240;93.824;99.953
859;98.242;93.829;99.953
860;98.244;93.835;99.953
861;98.246;93.840;99.953
862;98.249;93.845;99.953
862;98.251;93.850;99.953
863;98.253;93.856;99.953
864;98.255;93.861;99.954
865;98.257;93.866;99.954
866;98.259;93.872;99.954
867;98.261;93.877;99.954
867;98.263;93.883;99.954
868;98.265;93.888;99.954
869;98.267;93.894;99.954
870;98.269;93.899;99.954
871;98.270;93.905;99.954
872;98.272;93.911;99.954
873;98.273;93.916;99.954
873;98.275;93.922;99.954
874;98.276;93.928;99.954
875;98.278;93.934;99.954
876;98.280;93.940;99.954
877;98.281;93.945;99.954
877;98.283;93.951;99.954
878;98.285;93.957;99.954
879;98.287;93.963;99.954
880;98.289;93.969;99.954
881;98.291;93.976;99.954
882;98.294;93.982;99.954
883;98.296;93.988;99.954
883;98.298;93.994;99.955
884;98.301;94.000;99.955
885;98.303;94.007;99.955
886;98.306;94.013;99.955
887;98.308;94.019;99.955
888;98.311;94.026;99.955
888;98.313;94.032;99.955
889;98.316;94.039;99.955
890;98.319;94.045;99.955
891;98.321;94.052;99.955
892;98.323;94.058;99.955
893;98.325;94.065;99.955
893;98.327;94.072;99.955
894;98.329;94.079;99.955
895;98.331;94.085;99.955
896;98.334;94.092;99.956
897;98.336;94.099;99.956
898;98.338;94.106;99.956
898;98.340;94.113;99.956
899;98.343;94.120;99.956
900;98.345;94.127;99.956
901;98.347;94.134;99.956
902;98.349;94.141;99.956
903;98.352;94.148;99.956
903;98.354;94.156;99.956
904;98.356;94.163;99.956
905;98.359;94.170;99.956
906;98.361;94.178;99.956
907;98.363;94.185;99.957
907;98.366;94.190;99.957
908;98.368;94.196;99.957
909;98.370;94.201;99.957
910;98.373;94.206;99.957
911;98.375;94.212;99.957
912;98.378;94.217;99.957
912;98.381;94.222;99.957
913;98.383;94.228;99.957
914;98.385;94.233;99.957
915;98.387;94.239;99.957
916;98.390;94.244;99.958
917;98.392;94.250;99.958
917;98.395;94.255;99.958
918;98.397;94.261;99.958
919;98.399;94.267;99.958
920;98.402;94.272;99.958
921;98.404;94.278;99.958
922;98.406;94.284;99.958
922;98.409;94.290;99.958
923;98.411;94.295;99.958
924;98.414;94.301;99.958
925;98.416;94.310;99.959
926;98.419;94.319;99.959
927;98.421;94.328;99.959
928;98.424;94.337;99.959
928;98.426;94.346;99.959
929;98.429;94.355;99.959
930;98.431;94.364;99.959
931;98.434;94.374;99.959
932;98.437;94.383;99.959
932;98.439;94.393;99.959
933;98.442;94.402;99.960
934;98.444;94.412;99.960
935;98.447;94.421;99.960
936;98.450;94.431;99.960
937;98.452;94.441;99.960
938;98.455;94.451;99.960
938;98.458;94.461;99.960
939;98.461;94.471;99.960
940;98.463;94.481;99.960
941;98.466;94.491;99.961
942;98.469;94.502;99.961
943;98.472;94.512;99.961
943;98.474;94.520;99.961
944;98.477;94.525;99.961
945;98.480;94.531;99.961
946;98.483;94.537;99.961
947;98.486;94.542;99.961
947;98.489;94.548;99.961
948;98.492;94.554;99.961
949;98.494;94.560;99.962
950;98.497;94.566;99.962
951;98.500;94.572;99.962
952;98.503;94.578;99.962
953;98.506;94.584;99.962
953;98.509;94.590;99.962
954;98.512;94.596;99.962
955;98.515;94.602;99.962
956;98.518;94.608;99.963
957;98.521;94.615;99.963
958;98.524;94.621;99.963
958;98.528;94.627;99.963
959;98.531;94.633;99.963
960;98.534;94.640;99.963
961;98.537;94.646;99.963
962;98.540;94.653;99.963
963;98.543;94.659;99.963
963;98.546;94.666;99.964
964;98.549;94.672;99.964
965;98.552;94.679;99.964
966;98.555;94.685;99.964
967;98.559;94.692;99.964
968;98.562;94.699;99.964
968;98.565;94.705;99.964
969;98.568;94.712;99.965
970;98.572;94.719;99.965
971;98.575;94.726;99.965
972;98.579;94.733;99.965
972;98.582;94.740;99.965
973;98.586;94.747;99.965
974;98.590;94.754;99.965
975;98.593;94.761;99.965
976;98.597;94.768;99.966
977;98.601;94.775;99.966
977;98.605;94.782;99.966
978;98.610;94.789;99.966
979;98.614;94.797;99.966
980;98.619;94.804;99.966
981;98.623;94.811;99.966
982;98.628;94.819;99.967
982;98.633;94.826;99.967
983;98.638;94.834;99.967
984;98.643;94.841;99.967
985;98.648;94.849;99.967
986;98.654;94.856;99.967
987;98.659;94.864;99.967
987;98.664;94.872;99.967
988;98.668;94.879;99.968
989;98.672;94.887;99.968
990;98.677;94.895;99.968
991;98.681;94.903;99.968
992;98.684;94.911;99.968
992;98.688;94.919;99.968
993;98.692;94.927;99.968
994;98.697;94.935;99.968
995;98.702;94.943;99.968
996;98.706;94.951;99.968
997;98.711;94.959;99.969
998;98.715;94.967;99.969
998;98.719;94.975;99.969
999;98.723;94.984;99.969
1.000;98.728;94.992;99.969
1.001;98.733;95.000;99.969
1.002;98.738;95.009;99.969
1.002;98.743;95.017;99.969
1.003;98.747;95.025;99.969
1.004;98.752;95.033;99.969
1.005;98.757;95.041;99.970
1.006;98.761;95.049;99.970
1.007;98.765;95.057;99.970
1.008;98.769;95.065;99.970
1.008;98.772;95.073;99.970
1.009;98.775;95.081;99.970
1.010;98.777;95.088;99.970
1.011;98.780;95.096;99.970
1.012;98.783;95.103;99.970
1.013;98.786;95.111;99.970
1.013;98.788;95.118;99.970
1.014;98.791;95.125;99.970
1.015;98.794;95.132;99.970
1.016;98.796;95.140;99.971
1.017;98.799;95.150;99.971
1.018;98.801;95.160;99.971
1.018;98.803;95.170;99.971
1.019;98.806;95.180;99.971
1.020;98.808;95.190;99.971
1.021;98.810;95.199;99.971
1.022;98.813;95.209;99.971
1.023;98.815;95.218;99.971
1.023;98.817;95.227;99.971
1.024;98.819;95.236;99.971
1.025;98.821;95.245;99.971
1.026;98.822;95.253;99.971
1.027;98.824;95.262;99.971
1.028;98.825;95.270;99.971
1.028;98.827;95.278;99.971
1.029;98.829;95.283;99.971
1.030;98.831;95.287;99.972
1.031;98.832;95.290;99.972
1.032;98.834;95.293;99.972
1.032;98.835;95.296;99.972
1.033;98.837;95.299;99.972
1.034;98.838;95.301;99.972
1.035;98.840;95.304;99.972
1.036;98.841;95.307;99.972
1.037;98.842;95.309;99.972
1.037;98.843;95.311;99.972
1.038;98.844;95.313;99.972
1.039;98.845;95.316;99.972
1.040;98.846;95.318;99.972
1.041;98.847;95.320;99.972
1.042;98.848;95.322;99.972
1.042;98.849;95.325;99.972
1.043;98.850;95.329;99.972
1.044;98.851;95.334;99.972
1.045;98.852;95.338;99.972
1.046;98.853;95.343;99.972
1.047;98.854;95.347;99.972
1.047;98.855;95.351;99.972
1.048;98.856;95.356;99.972
1.049;98.857;95.360;99.972
1.050;98.857;95.364;99.972
1.051;98.858;95.368;99.972
1.052;98.859;95.372;99.972
1.053;98.860;95.376;99.972
1.053;98.860;95.380;99.972
1.054;98.860;95.384;99.972
1.055;98.861;95.388;99.972
1.056;98.861;95.392;99.972
1.057;98.861;95.395;99.972
1.057;98.861;95.399;99.972
1.058;98.862;95.403;99.973
1.059;98.862;95.407;99.973
1.060;98.862;95.410;99.973
1.061;98.862;95.414;99.973
1.062;98.862;95.417;99.973
1.062;98.862;95.421;99.973
1.063;98.863;95.424;99.973
1.064;98.863;95.427;99.973
1.065;98.864;95.431;99.973
1.066;98.864;95.434;99.973
1.067;98.864;95.437;99.973
1.068;98.864;95.440;99.973
1.068;98.865;95.444;99.973
1.069;98.865;95.447;99.973
1.070;98.866;95.450;99.973
1.071;98.867;95.453;99.973
1.072;98.867;95.456;99.973
1.072;98.868;95.459;99.973
1.073;98.869;95.461;99.973
1.074;98.870;95.463;99.973
1.075;98.871;95.463;99.973
1.076;98.871;95.464;99.973
1.077;98.871;95.464;99.973
1.078;98.872;95.464;99.973
1.078;98.872;95.464;99.973
1.079;98.872;95.464;99.973
1.080;98.872;95.465;99.973
1.081;98.872;95.465;99.973
1.082;98.872;95.465;99.973
1.083;98.873;95.465;99.973
1.083;98.873;95.465;99.973
1.084;98.873;95.465;99.973
1.085;98.873;95.465;99.973
1.086;98.874;95.465;99.973
1.087;98.874;95.464;99.973
1.088;98.874;95.464;99.973
1.088;98.875;95.464;99.973
1.089;98.875;95.464;99.973
1.090;98.876;95.464;99.973
1.091;98.876;95.463;99.973
1.092;98.877;95.463;99.973
1.093;98.877;95.463;99.973
1.093;98.877;95.463;99.973
1.094;98.878;95.462;99.973
1.095;98.878;95.462;99.973
1.096;98.879;95.461;99.973
1.097;98.879;95.461;99.973
1.097;98.879;95.461;99.973
1.098;98.880;95.460;99.973
1.099;98.880;95.460;99.973
1.100;98.880;95.459;99.973
1.101;98.880;95.459;99.973
1.102;98.879;95.458;99.973
1.102;98.879;95.458;99.973
1.103;98.878;95.457;99.973
1.104;98.878;95.456;99.973
1.105;98.878;95.456;99.973
1.106;98.877;95.455;99.973
1.107;98.877;95.454;99.973
1.107;98.877;95.454;99.973
1.108;98.876;95.453;99.973
1.109;98.876;95.452;99.973
1.110;98.875;95.452;99.973
1.111;98.875;95.451;99.973
1.112;98.875;95.450;99.973
1.112;98.875;95.449;99.973
1.113;98.875;95.448;99.973
1.114;98.875;95.448;99.973
1.115;98.875;95.447;99.973
1.116;98.875;95.446;99.973
1.117;98.875;95.445;99.973
1.117;98.875;95.444;99.973
1.118;98.875;95.443;99.973
1.119;98.875;95.442;99.973
1.120;98.874;95.443;99.973
1.121;98.874;95.443;99.973
1.122;98.873;95.443;99.973
1.123;98.873;95.443;99.973
1.123;98.872;95.443;99.973
1.124;98.871;95.443;99.973
1.125;98.871;95.442;99.973
1.126;98.870;95.442;99.973
1.127;98.870;95.442;99.973
1.127;98.869;95.442;99.973
1.128;98.869;95.442;99.973
1.129;98.868;95.442;99.973
1.130;98.868;95.442;99.973
1.131;98.868;95.442;99.973
1.132;98.868;95.441;99.973
1.133;98.867;95.441;99.973
1.133;98.867;95.441;99.973
1.134;98.867;95.441;99.973
1.135;98.867;95.441;99.973
1.136;98.867;95.442;99.973
1.137;98.867;95.443;99.973
1.138;98.867;95.444;99.973
1.138;98.867;95.445;99.973
1.139;98.867;95.446;99.973
1.140;98.868;95.447;99.973
1.141;98.868;95.448;99.973
1.142;98.867;95.449;99.973
1.143;98.867;95.450;99.973
1.143;98.866;95.451;99.973
1.144;98.866;95.451;99.973
1.145;98.865;95.452;99.973
1.146;98.865;95.453;99.973
1.147;98.864;95.454;99.973
1.148;98.864;95.455;99.973
1.148;98.864;95.456;99.973
1.149;98.864;95.456;99.973
1.150;98.863;95.457;99.973
1.151;98.863;95.458;99.973
1.152;98.863;95.459;99.973
1.153;98.862;95.459;99.973
1.153;98.862;95.460;99.973
1.154;98.861;95.461;99.973
1.155;98.861;95.461;99.973
1.156;98.861;95.462;99.973
1.157;98.861;95.463;99.973
1.157;98.860;95.463;99.973
1.158;98.860;95.464;99.973
1.159;98.859;95.465;99.973
1.160;98.859;95.465;99.973
1.161;98.858;95.466;99.973
1.162;98.858;95.466;99.973
1.162;98.857;95.467;99.973
1.163;98.857;95.467;99.973
1.164;98.856;95.468;99.973
1.165;98.855;95.468;99.973
1.166;98.855;95.469;99.973
1.167;98.854;95.469;99.973
1.167;98.854;95.470;99.973
1.168;98.853;95.470;99.973
1.169;98.853;95.470;99.973
1.170;98.852;95.471;99.973
1.171;98.852;95.471;99.972
1.172;98.851;95.472;99.972
1.172;98.850;95.472;99.972
1.173;98.850;95.472;99.972
1.174;98.849;95.473;99.972
1.175;98.849;95.473;99.972
1.176;98.848;95.473;99.972
1.177;98.848;95.474;99.972
1.178;98.847;95.474;99.972
1.178;98.846;95.474;99.972
1.179;98.846;95.474;99.972
1.180;98.845;95.475;99.972
1.181;98.845;95.475;99.972
1.182;98.844;95.475;99.972
1.182;98.843;95.475;99.972
1.183;98.843;95.475;99.972
1.184;98.842;95.476;99.972
1.185;98.842;95.476;99.972
1.186;98.841;95.476;99.972
1.187;98.841;95.476;99.972
1.188;98.840;95.476;99.972
1.188;98.839;95.476;99.972
1.189;98.839;95.476;99.972
1.190;98.838;95.477;99.972
1.191;98.838;95.477;99.972
1.192;98.837;95.477;99.972
1.193;98.837;95.477;99.972
1.193;98.836;95.477;99.972
1.194;98.836;95.477;99.972
1.195;98.835;95.477;99.972
1.196;98.834;95.477;99.972
1.197;98.834;95.477;99.972
1.197;98.834;95.477;99.972
1.198;98.833;95.477;99.972
1.199;98.833;95.477;99.972
1.200;98.832;95.477;99.972
1.201;98.832;95.477;99.972
1.202;98.831;95.477;99.972
1.203;98.831;95.477;99.972
1.203;98.830;95.477;99.972
1.204;98.830;95.476;99.972
1.205;98.829;95.475;99.972
1.206;98.829;95.473;99.972
1.207;98.829;95.472;99.972
1.208;98.828;95.471;99.972
1.208;98.827;95.470;99.972
1.209;98.827;95.469;99.972
1.210;98.826;95.467;99.972
1.211;98.825;95.466;99.972
1.212;98.824;95.465;99.972
1.213;98.824;95.464;99.972
1.213;98.823;95.463;99.972
1.214;98.822;95.461;99.972
1.215;98.822;95.460;99.972
1.216;98.821;95.459;99.972
1.217;98.820;95.458;99.972
1.218;98.819;95.457;99.972
1.218;98.819;95.455;99.972
1.219;98.818;95.454;99.972
1.220;98.817;95.453;99.972
1.221;98.817;95.452;99.972
1.222;98.816;95.450;99.972
1.222;98.815;95.449;99.972
1.223;98.815;95.448;99.972
1.224;98.814;95.447;99.972
1.225;98.814;95.445;99.972
1.226;98.813;95.444;99.972
1.227;98.812;95.443;99.972
1.227;98.811;95.441;99.972
1.228;98.810;95.440;99.972
1.229;98.810;95.439;99.972
1.230;98.809;95.438;99.972
1.231;98.808;95.436;99.972
1.232;98.807;95.435;99.972
1.232;98.807;95.434;99.972
1.233;98.806;95.432;99.972
1.234;98.806;95.431;99.972
1.235;98.805;95.430;99.972
1.236;98.805;95.428;99.972
1.237;98.804;95.427;99.972
1.237;98.803;95.426;99.972
1.238;98.803;95.424;99.972
1.239;98.802;95.423;99.972
1.240;98.801;95.422;99.972
1.241;98.800;95.420;99.971
1.242;98.799;95.419;99.971
1.242;98.798;95.418;99.971
1.243;98.797;95.416;99.971
1.244;98.796;95.415;99.971
1.245;98.795;95.414;99.971
1.246;98.794;95.412;99.971
1.247;98.793;95.411;99.971
1.248;98.792;95.410;99.971
1.248;98.791;95.408;99.971
1.249;98.790;95.407;99.971
1.250;98.789;95.406;99.971
1.251;98.789;95.404;99.971
1.252;98.788;95.403;99.971
1.252;98.787;95.401;99.971
1.253;98.786;95.400;99.971
1.254;98.785;95.399;99.971
1.255;98.784;95.397;99.971
1.256;98.784;95.396;99.971
1.257;98.783;95.394;99.971
1.258;98.782;95.393;99.971
1.258;98.781;95.392;99.971
1.259;98.781;95.390;99.971
1.260;98.780;95.389;99.971
1.261;98.780;95.387;99.971
1.262;98.779;95.386;99.971
1.263;98.779;95.385;99.971
1.263;98.778;95.383;99.971
1.264;98.777;95.382;99.971
1.265;98.777;95.380;99.971
1.266;98.776;95.379;99.971
1.267;98.776;95.377;99.971
1.268;98.775;95.376;99.971
1.268;98.774;95.375;99.971
1.269;98.774;95.373;99.971
1.270;98.773;95.372;99.971
1.271;98.773;95.370;99.971
1.272;98.772;95.369;99.971
1.273;98.771;95.367;99.971
1.273;98.771;95.366;99.971
1.274;98.770;95.365;99.971
1.275;98.770;95.363;99.971
1.276;98.769;95.362;99.971
1.277;98.768;95.360;99.971
1.278;98.768;95.359;99.971
1.278;98.767;95.357;99.971
1.279;98.767;95.356;99.971
1.280;98.766;95.354;99.971
1.281;98.765;95.353;99.971
1.282;98.765;95.351;99.971
1.282;98.764;95.350;99.971
1.283;98.764;95.348;99.971
1.284;98.763;95.347;99.971
1.285;98.762;95.346;99.971
1.286;98.761;95.343;99.971
1.287;98.761;95.341;99.971
1.287;98.760;95.338;99.971
1.288;98.759;95.335;99.971
1.289;98.758;95.332;99.971
1.290;98.758;95.329;99.971
1.291;98.757;95.326;99.971
1.292;98.756;95.323;99.971
1.292;98.756;95.320;99.971
1.293;98.755;95.317;99.971
1.294;98.754;95.314;99.970
1.295;98.753;95.311;99.970
1.296;98.752;95.308;99.970
1.297;98.751;95.305;99.970
1.297;98.750;95.302;99.970
1.298;98.750;95.299;99.970
1.299;98.749;95.296;99.970
1.300;98.748;95.293;99.970
1.301;98.747;95.290;99.970
1.302;98.746;95.287;99.970
1.303;98.745;95.284;99.970
1.303;98.744;95.281;99.970
1.304;98.743;95.278;99.970
1.305;98.742;95.275;99.970
1.306;98.742;95.272;99.970
1.307;98.741;95.269;99.970
1.307;98.741;95.266;99.970
1.308;98.740;95.263;99.970
1.309;98.739;95.260;99.970
1.310;98.738;95.257;99.970
1.311;98.738;95.254;99.970
1.312;98.737;95.250;99.970
1.312;98.736;95.247;99.970
1.313;98.735;95.244;99.970
1.314;98.735;95.241;99.970
1.315;98.734;95.238;99.970
1.316;98.733;95.235;99.970
1.317;98.733;95.232;99.970
1.318;98.732;95.228;99.970
1.318;98.731;95.225;99.970
1.319;98.731;95.222;99.970
1.320;98.730;95.219;99.970
1.321;98.729;95.216;99.970
1.322;98.729;95.213;99.970
1.322;98.728;95.209;99.970
1.323;98.727;95.206;99.970
1.324;98.727;95.203;99.970
1.325;98.726;95.200;99.970
1.326;98.725;95.196;99.970
1.327;98.724;95.193;99.970
1.328;98.723;95.190;99.970
1.328;98.723;95.187;99.970
1.329;98.722;95.184;99.970
1.330;98.721;95.180;99.970
1.331;98.720;95.177;99.970
1.332;98.719;95.174;99.970
1.333;98.718;95.171;99.970
1.333;98.718;95.167;99.970
1.334;98.717;95.164;99.970
1.335;98.716;95.161;99.969
1.336;98.715;95.157;99.969
1.337;98.714;95.154;99.969
1.338;98.714;95.151;99.969
1.338;98.713;95.147;99.969
1.339;98.712;95.144;99.969
1.340;98.711;95.141;99.969
1.341;98.710;95.138;99.969
1.342;98.709;95.134;99.969
1.343;98.709;95.131;99.969
1.343;98.708;95.128;99.969
1.344;98.707;95.124;99.969
1.345;98.706;95.121;99.969
1.346;98.706;95.117;99.969
1.347;98.705;95.114;99.969
1.347;98.704;95.111;99.969
1.348;98.704;95.107;99.969
1.349;98.703;95.104;99.969
1.350;98.702;95.101;99.969
1.351;98.702;95.097;99.969
1.352;98.701;95.094;99.969
1.352;98.701;95.090;99.969
1.353;98.700;95.087;99.969
1.354;98.699;95.084;99.969
1.355;98.699;95.080;99.969
1.356;98.698;95.077;99.969
1.357;98.697;95.073;99.969
1.357;98.697;95.070;99.969
1.358;98.696;95.067;99.969
1.359;98.696;95.063;99.969
1.360;98.695;95.060;99.969
1.361;98.694;95.056;99.969
1.362;98.694;95.053;99.969
1.362;98.693;95.049;99.969
1.363;98.692;95.046;99.969
1.364;98.692;95.043;99.969
1.365;98.691;95.039;99.969
1.366;98.690;95.036;99.969
1.367;98.690;95.032;99.969
1.367;98.689;95.029;99.969
1.368;98.688;95.025;99.969
1.369;98.688;95.022;99.969
1.370;98.687;95.018;99.969
1.371;98.686;95.015;99.968
1.372;98.685;95.011;99.968
1.373;98.685;95.008;99.968
1.373;98.684;95.004;99.968
1.374;98.683;95.001;99.968
1.375;98.683;94.997;99.968
1.376;98.682;94.994;99.968
1.377;98.681;94.990;99.968
1.377;98.681;94.987;99.968
1.378;98.680;94.983;99.968
1.379;98.679;94.980;99.968
1.380;98.678;94.976;99.968
1.381;98.677;94.973;99.968
1.382;98.676;94.969;99.968
1.383;98.675;94.966;99.968
1.383;98.673;94.962;99.968
1.384;98.672;94.959;99.968
1.385;98.671;94.955;99.968
1.386;98.671;94.952;99.968
1.387;98.670;94.949;99.968
1.388;98.669;94.947;99.968
1.388;98.669;94.945;99.968
1.389;98.668;94.943;99.968
1.390;98.667;94.941;99.968
1.391;98.667;94.939;99.968
1.392;98.666;94.937;99.968
1.393;98.665;94.935;99.968
1.393;98.665;94.932;99.968
1.394;98.664;94.930;99.968
1.395;98.664;94.928;99.968
1.396;98.663;94.926;99.968
1.397;98.663;94.924;99.968
1.398;98.662;94.922;99.968
1.398;98.662;94.920;99.968
1.399;98.661;94.918;99.968
1.400;98.660;94.916;99.968
1.401;98.660;94.914;99.968
1.402;98.659;94.912;99.968
1.403;98.659;94.910;99.968
1.403;98.658;94.908;99.968
1.404;98.658;94.906;99.968
1.405;98.657;94.904;99.967
1.406;98.657;94.902;99.967
1.407;98.656;94.900;99.967
1.407;98.656;94.898;99.967
1.408;98.655;94.896;99.967
1.409;98.654;94.894;99.967
1.410;98.654;94.892;99.967
1.411;98.653;94.890;99.967
1.412;98.652;94.888;99.967
1.412;98.651;94.886;99.967
1.413;98.650;94.884;99.967
1.414;98.650;94.882;99.967
1.415;98.649;94.880;99.967
1.416;98.648;94.878;99.967
1.417;98.648;94.876;99.967
1.417;98.647;94.874;99.967
1.418;98.647;94.872;99.967
1.419;98.646;94.870;99.967
1.420;98.646;94.868;99.967
1.421;98.645;94.866;99.967
1.422;98.644;94.864;99.967
1.422;98.643;94.862;99.967
1.423;98.643;94.861;99.967
1.424;98.642;94.859;99.967
1.425;98.641;94.857;99.967
1.426;98.640;94.855;99.967
1.427;98.640;94.853;99.967
1.428;98.639;94.851;99.967
1.428;98.638;94.849;99.967
1.429;98.637;94.847;99.967
1.430;98.637;94.845;99.967
1.431;98.636;94.843;99.967
1.432;98.635;94.841;99.967
1.432;98.634;94.839;99.967
1.433;98.633;94.838;99.967
1.434;98.633;94.837;99.967
1.435;98.632;94.836;99.967
1.436;98.631;94.835;99.967
1.437;98.630;94.833;99.967
1.438;98.630;94.832;99.967
1.438;98.629;94.831;99.967
1.439;98.628;94.830;99.966
1.440;98.627;94.829;99.966
1.441;98.626;94.828;99.966
1.442;98.625;94.827;99.966
1.443;98.624;94.826;99.966
1.443;98.623;94.825;99.966
1.444;98.622;94.824;99.966
1.445;98.621;94.823;99.966
1.446;98.620;94.821;99.966
1.447;98.620;94.820;99.966
1.447;98.619;94.819;99.966
1.448;98.618;94.818;99.966
1.449;98.617;94.817;99.966
1.450;98.616;94.816;99.966
1.451;98.615;94.815;99.966
1.452;98.614;94.814;99.966
1.453;98.613;94.813;99.966
1.453;98.612;94.812;99.966
1.454;98.611;94.811;99.966
1.455;98.611;94.810;99.966
1.456;98.610;94.809;99.966
1.457;98.609;94.808;99.966
1.458;98.608;94.807;99.966
1.458;98.607;94.806;99.966
1.459;98.607;94.805;99.966
1.460;98.606;94.803;99.966
1.461;98.605;94.802;99.966
1.462;98.604;94.801;99.966
1.463;98.603;94.800;99.966
1.463;98.603;94.799;99.966
1.464;98.602;94.798;99.966
1.465;98.601;94.797;99.966
1.466;98.600;94.796;99.966
1.467;98.599;94.795;99.966
1.468;98.599;94.794;99.966
1.468;98.598;94.793;99.966
1.469;98.597;94.792;99.966
1.470;98.596;94.791;99.966
1.471;98.595;94.790;99.966
1.472;98.595;94.789;99.965
1.472;98.594;94.788;99.965
1.473;98.593;94.787;99.965
1.474;98.592;94.786;99.965
1.475;98.592;94.785;99.965
1.476;98.591;94.784;99.965
1.477;98.590;94.783;99.965
1.477;98.589;94.782;99.965
1.478;98.588;94.781;99.965
1.479;98.588;94.780;99.965
1.480;98.587;94.779;99.965
1.481;98.586;94.779;99.965
1.482;98.586;94.778;99.965
1.482;98.585;94.777;99.965
1.483;98.584;94.776;99.965
1.484;98.584;94.775;99.965
1.485;98.583;94.774;99.965
1.486;98.582;94.773;99.965
1.487;98.582;94.771;99.965
1.487;98.581;94.769;99.965
1.488;98.580;94.766;99.965
1.489;98.580;94.764;99.965
1.490;98.579;94.762;99.965
1.491;98.578;94.760;99.965
1.492;98.578;94.757;99.965
1.492;98.577;94.755;99.965
1.493;98.576;94.753;99.965
1.494;98.576;94.751;99.965
1.495;98.575;94.748;99.965
1.496;98.574;94.746;99.965
1.497;98.574;94.744;99.965
1.498;98.573;94.742;99.965
1.498;98.572;94.739;99.965
1.499;98.572;94.737;99.965
1.500;98.571;94.735;99.965
1.501;98.570;94.733;99.965
1.502;98.570;94.731;99.965
1.502;98.569;94.728;99.965
1.503;98.568;94.726;99.965
1.504;98.568;94.724;99.965
1.505;98.567;94.722;99.965
1.506;98.566;94.720;99.964
1.507;98.566;94.718;99.964
1.508;98.565;94.715;99.964
1.508;98.565;94.713;99.964
1.509;98.564;94.712;99.964
1.510;98.563;94.711;99.964
1.511;98.563;94.710;99.964
1.512;98.562;94.709;99.964
1.513;98.561;94.708;99.964
1.513;98.561;94.707;99.964
1.514;98.560;94.706;99.964
1.515;98.559;94.704;99.964
1.516;98.559;94.703;99.964
1.517;98.558;94.702;99.964
1.518;98.558;94.701;99.964
1.518;98.557;94.700;99.964
1.519;98.556;94.699;99.964
1.520;98.556;94.698;99.964
1.521;98.555;94.697;99.964
1.522;98.554;94.696;99.964
1.523;98.554;94.695;99.964
1.523;98.553;94.694;99.964
1.524;98.552;94.693;99.964
1.525;98.552;94.691;99.964
1.526;98.551;94.690;99.964
1.527;98.550;94.689;99.964
1.528;98.550;94.688;99.964
1.528;98.549;94.687;99.964
1.529;98.548;94.686;99.964
1.530;98.548;94.685;99.964
1.531;98.547;94.684;99.964
1.532;98.546;94.683;99.964
1.532;98.546;94.682;99.964
1.533;98.545;94.681;99.964
1.534;98.545;94.680;99.964
1.535;98.544;94.679;99.964
1.536;98.543;94.678;99.964
1.537;98.543;94.677;99.964
1.537;98.542;94.676;99.964
1.538;98.541;94.675;99.964
1.539;98.541;94.674;99.964
1.540;98.540;94.673;99.964
1.541;98.540;94.672;99.964
1.542;98.539;94.671;99.963
1.542;98.538;94.670;99.963
1.543;98.538;94.669;99.963
1.544;98.537;94.668;99.963
1.545;98.536;94.667;99.963
1.546;98.536;94.666;99.963
1.547;98.535;94.665;99.963
1.547;98.535;94.664;99.963
1.548;98.534;94.661;99.963
1.549;98.533;94.657;99.963
1.550;98.533;94.653;99.963
1.551;98.532;94.650;99.963
1.552;98.532;94.646;99.963
1.553;98.531;94.642;99.963
1.553;98.531;94.638;99.963
1.554;98.530;94.634;99.963
1.555;98.529;94.630;99.963
1.556;98.529;94.626;99.963
1.557;98.528;94.622;99.963
1.557;98.528;94.618;99.963
1.558;98.527;94.614;99.963
1.559;98.527;94.610;99.963
1.560;98.526;94.606;99.963
1.561;98.525;94.602;99.963
1.562;98.525;94.599;99.963
1.562;98.524;94.597;99.963
1.563;98.524;94.596;99.963
1.564;98.523;94.595;99.963
1.565;98.523;94.593;99.963
1.566;98.522;94.592;99.963
1.567;98.522;94.591;99.963
1.568;98.521;94.590;99.963
1.568;98.520;94.589;99.963
1.569;98.520;94.588;99.963
1.570;98.519;94.587;99.963
1.571;98.519;94.586;99.963
1.572;98.518;94.585;99.963
1.572;98.518;94.584;99.963
1.573;98.517;94.583;99.963
1.574;98.517;94.582;99.963
1.575;98.516;94.581;99.963
1.576;98.516;94.580;99.963
1.577;98.515;94.579;99.963
1.578;98.515;94.578;99.963
1.578;98.514;94.577;99.963
1.579;98.514;94.576;99.963
1.580;98.513;94.575;99.963
1.581;98.513;94.574;99.963
1.582;98.512;94.573;99.962
1.583;98.512;94.572;99.962
1.583;98.511;94.571;99.962
1.584;98.511;94.570;99.962
1.585;98.510;94.569;99.962
1.586;98.510;94.568;99.962
1.587;98.509;94.567;99.962
1.588;98.509;94.567;99.962
1.588;98.508;94.566;99.962
1.589;98.508;94.565;99.962
1.590;98.507;94.564;99.962
1.591;98.507;94.563;99.962
1.592;98.506;94.562;99.962
1.593;98.506;94.561;99.962
1.593;98.505;94.560;99.962
1.594;98.505;94.560;99.962
1.595;98.505;94.559;99.962
1.596;98.504;94.558;99.962
1.597;98.504;94.557;99.962
1.597;98.503;94.556;99.962
1.598;98.503;94.556;99.962
1.599;98.503;94.555;99.962
1.600;98.503;94.554;99.962
1.601;98.502;94.553;99.962
1.602;98.502;94.552;99.962
1.602;98.502;94.552;99.962
1.603;98.501;94.551;99.962
1.604;98.501;94.550;99.962
1.605;98.501;94.549;99.962
1.606;98.501;94.549;99.962
1.607;98.500;94.548;99.962
1.607;98.500;94.547;99.962
1.608;98.500;94.546;99.962
1.609;98.500;94.546;99.962
1.610;98.499;94.545;99.962
1.611;98.499;94.544;99.962
1.612;98.499;94.544;99.962
1.612;98.498;94.543;99.962
1.613;98.498;94.542;99.962
1.614;98.497;94.542;99.962
1.615;98.497;94.541;99.962
1.616;98.497;94.540;99.962
1.617;98.496;94.539;99.962
1.617;98.496;94.538;99.962
1.618;98.495;94.537;99.962
1.619;98.495;94.536;99.962
1.620;98.495;94.535;99.962
1.621;98.494;94.533;99.962
1.622;98.494;94.532;99.962
1.623;98.494;94.531;99.962
1.623;98.493;94.530;99.962
1.624;98.493;94.529;99.962
1.625;98.492;94.527;99.962
1.626;98.492;94.526;99.962
1.627;98.492;94.525;99.962
1.627;98.491;94.524;99.962
1.628;98.491;94.523;99.962
1.629;98.491;94.522;99.962
1.630;98.490;94.521;99.962
1.631;98.490;94.520;99.962
1.632;98.490;94.519;99.961
1.633;98.489;94.519;99.961
1.633;98.489;94.518;99.961
1.634;98.489;94.518;99.961
1.635;98.488;94.517;99.961
1.636;98.488;94.517;99.961
1.637;98.488;94.516;99.961
1.638;98.488;94.516;99.961
1.638;98.488;94.516;99.961
1.639;98.488;94.515;99.961
1.640;98.487;94.515;99.961
1.641;98.487;94.515;99.961
1.642;98.487;94.514;99.961
1.643;98.487;94.514;99.961
1.643;98.487;94.513;99.961
1.644;98.486;94.513;99.961
1.645;98.486;94.513;99.961
1.646;98.486;94.512;99.961
1.647;98.486;94.512;99.961
1.648;98.486;94.512;99.961
1.648;98.486;94.511;99.961
1.649;98.486;94.511;99.961
1.650;98.485;94.511;99.961
1.651;98.485;94.511;99.961
1.652;98.485;94.510;99.961
1.653;98.485;94.510;99.961
1.653;98.485;94.510;99.961
1.654;98.485;94.509;99.961
1.655;98.484;94.509;99.961
1.656;98.484;94.509;99.961
1.657;98.484;94.509;99.961
1.657;98.484;94.508;99.961
1.658;98.484;94.508;99.961
1.659;98.484;94.508;99.961
1.660;98.484;94.508;99.961
1.661;98.484;94.508;99.961
1.662;98.483;94.507;99.961
1.662;98.483;94.507;99.961
1.663;98.483;94.507;99.961
1.664;98.483;94.507;99.961
1.665;98.483;94.507;99.961
1.666;98.483;94.507;99.961
1.667;98.483;94.506;99.961
1.667;98.483;94.506;99.961
1.668;98.483;94.506;99.961
1.669;98.482;94.506;99.961
1.670;98.482;94.506;99.961
1.671;98.482;94.506;99.961
1.672;98.482;94.506;99.961
1.672;98.482;94.506;99.961
1.673;98.481;94.506;99.961
1.674;98.481;94.505;99.961
1.675;98.481;94.505;99.961
1.676;98.481;94.505;99.961
1.677;98.481;94.505;99.961
1.678;98.481;94.505;99.961
1.678;98.481;94.505;99.961
1.679;98.481;94.505;99.961
1.680;98.481;94.505;99.961
1.681;98.481;94.505;99.961
1.682;98.481;94.505;99.961
1.682;98.481;94.505;99.961
1.683;98.481;94.505;99.961
1.684;98.481;94.505;99.961
1.685;98.481;94.505;99.961
1.686;98.481;94.505;99.961
1.687;98.481;94.505;99.961
1.688;98.481;94.505;99.961
1.688;98.481;94.505;99.961
1.689;98.481;94.505;99.961
1.690;98.481;94.505;99.961
1.691;98.481;94.506;99.961
1.692;98.481;94.506;99.961
1.693;98.481;94.506;99.961
1.693;98.481;94.506;99.961
1.694;98.481;94.506;99.961
1.695;98.481;94.506;99.961
1.696;98.481;94.506;99.961
1.697;98.481;94.506;99.961
1.697;98.481;94.506;99.961
1.698;98.481;94.507;99.961
1.699;98.481;94.507;99.961
1.700;98.481;94.507;99.961
1.701;98.481;94.507;99.961
1.702;98.481;94.507;99.961
1.703;98.481;94.508;99.961
1.703;98.481;94.508;99.961
1.704;98.481;94.508;99.961
1.705;98.481;94.508;99.961
1.706;98.481;94.508;99.961
1.707;98.481;94.509;99.961
1.708;98.481;94.509;99.961
1.708;98.481;94.509;99.961
1.709;98.481;94.509;99.961
1.710;98.481;94.510;99.961
1.711;98.481;94.510;99.961
1.712;98.481;94.510;99.961
1.713;98.482;94.511;99.961
1.713;98.482;94.511;99.961
1.714;98.482;94.511;99.961
1.715;98.482;94.512;99.961
1.716;98.482;94.512;99.961
1.717;98.482;94.512;99.961
1.718;98.483;94.513;99.961
1.718;98.483;94.513;99.961
1.719;98.483;94.513;99.961
1.720;98.483;94.514;99.961
1.721;98.483;94.514;99.961
1.722;98.483;94.515;99.961
1.722;98.484;94.515;99.961
1.723;98.484;94.515;99.961
1.724;98.484;94.516;99.961
1.725;98.484;94.516;99.961
1.726;98.485;94.517;99.961
1.727;98.485;94.517;99.961
1.727;98.485;94.518;99.961
1.728;98.485;94.518;99.961
1.729;98.485;94.519;99.961
1.730;98.486;94.519;99.961
1.731;98.486;94.520;99.961
1.732;98.486;94.520;99.961
1.732;98.486;94.521;99.961
1.733;98.487;94.521;99.961
1.734;98.487;94.522;99.961
1.735;98.487;94.522;99.961
1.736;98.487;94.523;99.961
1.737;98.488;94.523;99.961
1.737;98.488;94.524;99.961
1.738;98.488;94.525;99.961
1.739;98.488;94.525;99.961
1.740;98.489;94.526;99.961
1.741;98.489;94.526;99.961
1.742;98.489;94.527;99.961
1.742;98.490;94.528;99.961
1.743;98.490;94.528;99.961
1.744;98.490;94.529;99.961
1.745;98.490;94.530;99.961
1.746;98.491;94.530;99.961
1.747;98.491;94.531;99.961
1.748;98.491;94.532;99.961
1.748;98.492;94.532;99.961
1.749;98.492;94.533;99.961
1.750;98.492;94.534;99.961
1.751;98.493;94.535;99.961
1.752;98.493;94.535;99.961
1.752;98.493;94.536;99.961
1.753;98.494;94.537;99.961
1.754;98.494;94.538;99.961
1.755;98.494;94.539;99.961
1.756;98.495;94.539;99.961
1.757;98.495;94.540;99.961
1.758;98.496;94.541;99.961
1.758;98.496;94.542;99.961
1.759;98.497;94.543;99.961
1.760;98.497;94.544;99.961
1.761;98.498;94.544;99.961
1.762;98.498;94.545;99.961
1.763;98.499;94.546;99.961
1.763;98.499;94.547;99.961
1.764;98.500;94.548;99.961
1.765;98.500;94.549;99.961
1.766;98.500;94.550;99.961
1.767;98.501;94.551;99.961
1.768;98.501;94.552;99.961
1.768;98.501;94.553;99.961
1.769;98.502;94.554;99.961
1.770;98.502;94.555;99.961
1.771;98.502;94.556;99.961
1.772;98.503;94.557;99.961
1.773;98.503;94.558;99.961
1.773;98.504;94.559;99.961
1.774;98.504;94.560;99.961
1.775;98.504;94.561;99.961
1.776;98.505;94.562;99.961
1.777;98.505;94.563;99.961
1.778;98.506;94.564;99.961
1.778;98.506;94.565;99.961
1.779;98.507;94.566;99.961
1.780;98.507;94.568;99.961
1.781;98.508;94.569;99.961
1.782;98.508;94.570;99.961
1.782;98.509;94.571;99.961
1.783;98.509;94.572;99.961
1.784;98.510;94.573;99.961
1.785;98.510;94.575;99.961
1.786;98.511;94.576;99.961
1.787;98.511;94.577;99.961
1.787;98.512;94.578;99.961
1.788;98.512;94.579;99.961
1.789;98.513;94.581;99.961
1.790;98.513;94.582;99.961
1.791;98.514;94.583;99.961
1.792;98.514;94.585;99.961
1.792;98.515;94.586;99.961
1.793;98.515;94.587;99.961
1.794;98.516;94.588;99.961
1.795;98.517;94.590;99.961
1.796;98.517;94.591;99.961
1.797;98.518;94.592;99.961
1.797;98.518;94.594;99.961
1.798;98.519;94.595;99.961
1.799;98.520;94.597;99.961
1.800;98.520;94.598;99.961
1.801;98.521;94.599;99.961
1.802;98.521;94.601;99.961
1.803;98.522;94.602;99.961
1.803;98.523;94.604;99.961
1.804;98.523;94.605;99.961
1.805;98.524;94.607;99.962
1.806;98.525;94.608;99.962
1.807;98.525;94.610;99.962
1.807;98.526;94.611;99.962
1.808;98.526;94.613;99.962
1.809;98.527;94.614;99.962
1.810;98.528;94.616;99.962
1.811;98.528;94.617;99.962
1.812;98.529;94.619;99.962
1.812;98.529;94.621;99.962
1.813;98.530;94.622;99.962
1.814;98.531;94.624;99.962
1.815;98.531;94.625;99.962
1.816;98.532;94.627;99.962
1.817;98.532;94.628;99.962
1.818;98.533;94.630;99.962
1.818;98.533;94.632;99.962
1.819;98.534;94.633;99.962
1.820;98.535;94.635;99.962
1.821;98.535;94.637;99.962
1.822;98.536;94.638;99.962
1.822;98.536;94.640;99.962
1.823;98.537;94.642;99.962
1.824;98.538;94.643;99.962
1.825;98.538;94.645;99.962
1.826;98.539;94.647;99.962
1.827;98.540;94.648;99.962
1.828;98.540;94.650;99.962
1.828;98.541;94.652;99.962
1.829;98.542;94.654;99.962
1.830;98.542;94.656;99.962
1.831;98.543;94.657;99.962
1.832;98.544;94.659;99.962
1.833;98.544;94.661;99.962
1.833;98.545;94.663;99.962
1.834;98.546;94.665;99.962
1.835;98.546;94.667;99.962
1.836;98.547;94.669;99.962
1.837;98.548;94.670;99.962
1.838;98.548;94.672;99.962
1.838;98.549;94.674;99.962
1.839;98.550;94.676;99.962
1.840;98.551;94.678;99.962
1.841;98.551;94.680;99.962
1.842;98.552;94.681;99.963
1.843;98.553;94.683;99.963
1.843;98.554;94.685;99.963
1.844;98.555;94.686;99.963
1.845;98.556;94.688;99.963
1.846;98.557;94.690;99.963
1.847;98.558;94.692;99.963
1.847;98.559;94.693;99.963
1.848;98.560;94.695;99.963
1.849;98.561;94.697;99.963
1.850;98.562;94.699;99.963
1.851;98.563;94.701;99.963
1.852;98.564;94.702;99.963
1.852;98.565;94.704;99.963
1.853;98.566;94.706;99.963
1.854;98.567;94.708;99.963
1.855;98.568;94.710;99.963
1.856;98.568;94.712;99.963
1.857;98.569;94.714;99.963
1.857;98.570;94.717;99.963
1.858;98.571;94.720;99.963
1.859;98.572;94.723;99.963
1.860;98.573;94.727;99.963
1.861;98.574;94.730;99.963
1.862;98.575;94.733;99.963
1.862;98.577;94.736;99.963
1.863;98.578;94.738;99.963
1.864;98.579;94.740;99.963
1.865;98.580;94.743;99.963
1.866;98.581;94.745;99.963
1.867;98.583;94.748;99.963
1.867;98.584;94.750;99.963
1.868;98.585;94.752;99.964
1.869;98.586;94.755;99.964
1.870;98.588;94.757;99.964
1.871;98.589;94.760;99.964
1.872;98.590;94.762;99.964
1.873;98.592;94.764;99.964
1.873;98.593;94.767;99.964
1.874;98.594;94.769;99.964
1.875;98.596;94.772;99.964
1.876;98.597;94.775;99.964
1.877;98.598;94.777;99.964
1.877;98.600;94.780;99.964
1.878;98.601;94.782;99.964
1.879;98.602;94.785;99.964
1.880;98.603;94.787;99.964
1.881;98.605;94.790;99.964
1.882;98.606;94.793;99.964
1.883;98.607;94.795;99.964
1.883;98.608;94.798;99.964
1.884;98.609;94.801;99.964
1.885;98.611;94.803;99.964
1.886;98.612;94.806;99.964
1.887;98.613;94.809;99.964
1.888;98.614;94.812;99.964
1.888;98.615;94.814;99.964
1.889;98.617;94.817;99.964
1.890;98.618;94.820;99.965
1.891;98.619;94.823;99.965
1.892;98.620;94.825;99.965
1.893;98.622;94.828;99.965
1.893;98.623;94.831;99.965
1.894;98.624;94.834;99.965
1.895;98.625;94.837;99.965
1.896;98.627;94.840;99.965
1.897;98.628;94.843;99.965
1.898;98.629;94.846;99.965
1.898;98.631;94.849;99.965
1.899;98.632;94.852;99.965
1.900;98.633;94.855;99.965
1.901;98.634;94.858;99.965
1.902;98.635;94.861;99.965
1.903;98.636;94.864;99.965
1.903;98.638;94.867;99.965
1.904;98.639;94.870;99.965
1.905;98.640;94.873;99.965
1.906;98.641;94.876;99.965
1.907;98.643;94.879;99.965
1.907;98.644;94.882;99.965
1.908;98.645;94.885;99.966
1.909;98.647;94.889;99.966
1.910;98.649;94.892;99.966
1.911;98.650;94.895;99.966
1.912;98.652;94.898;99.966
1.912;98.654;94.901;99.966
1.913;98.655;94.905;99.966
1.914;98.657;94.908;99.966
1.915;98.659;94.911;99.966
1.916;98.661;94.915;99.966
1.917;98.663;94.918;99.966
1.917;98.665;94.921;99.966
1.918;98.666;94.925;99.966
1.919;98.668;94.928;99.966
1.920;98.669;94.931;99.966
1.921;98.671;94.935;99.966
1.922;98.673;94.938;99.966
1.922;98.674;94.942;99.966
1.923;98.676;94.945;99.966
1.924;98.678;94.949;99.967
1.925;98.679;94.952;99.967
1.926;98.681;94.956;99.967
1.927;98.682;94.959;99.967
1.928;98.684;94.963;99.967
1.928;98.685;94.966;99.967
1.929;98.687;94.970;99.967
1.930;98.688;94.974;99.967
1.931;98.690;94.977;99.967
1.932;98.691;94.981;99.967
1.932;98.693;94.985;99.967
1.933;98.694;94.988;99.967
1.934;98.696;94.992;99.967
1.935;98.697;94.996;99.967
1.936;98.699;95.000;99.967
1.937;98.702;95.003;99.967
1.938;98.705;95.007;99.967
1.938;98.707;95.011;99.968
1.939;98.709;95.015;99.968
1.940;98.711;95.019;99.968
1.941;98.712;95.023;99.968
1.942;98.714;95.026;99.968
1.943;98.715;95.030;99.968
1.943;98.717;95.034;99.968
1.944;98.719;95.038;99.968
1.945;98.720;95.042;99.968
1.946;98.722;95.046;99.968
1.947;98.723;95.050;99.968
1.947;98.725;95.054;99.968
1.948;98.727;95.057;99.968
1.949;98.728;95.060;99.968
1.950;98.730;95.063;99.968
1.951;98.732;95.066;99.968
1.952;98.734;95.069;99.969
1.953;98.735;95.072;99.969
1.953;98.737;95.075;99.969
1.954;98.739;95.079;99.969
1.955;98.740;95.082;99.969
1.956;98.742;95.085;99.969
1.957;98.744;95.088;99.969
1.958;98.746;95.091;99.969
1.958;98.747;95.094;99.969
1.959;98.749;95.098;99.969
1.960;98.751;95.101;99.969
1.961;98.754;95.104;99.969
1.962;98.756;95.108;99.969
1.963;98.758;95.111;99.969
1.963;98.761;95.114;99.969
1.964;98.762;95.119;99.969
1.965;98.764;95.124;99.969
1.966;98.766;95.130;99.969
1.967;98.768;95.136;99.970
1.968;98.769;95.141;99.970
1.968;98.771;95.147;99.970
1.969;98.773;95.153;99.970
1.970;98.775;95.159;99.970
1.971;98.777;95.164;99.970
1.972;98.780;95.170;99.970
1.972;98.782;95.176;99.970
1.973;98.784;95.182;99.970
1.974;98.786;95.188;99.970
1.975;98.789;95.194;99.970
1.976;98.790;95.198;99.970
1.977;98.792;95.203;99.970
1.977;98.794;95.207;99.970
1.978;98.796;95.212;99.970
1.979;98.798;95.217;99.970
1.980;98.800;95.224;99.970
1.981;98.802;95.233;99.970
1.982;98.804;95.238;99.971
1.982;98.806;95.243;99.971
1.983;98.808;95.248;99.971
1.984;98.810;95.253;99.971
1.985;98.813;95.258;99.971
1.986;98.816;95.263;99.971
1.987;98.818;95.268;99.971
1.987;98.821;95.273;99.971
1.988;98.823;95.278;99.971
1.989;98.826;95.283;99.971
1.990;98.828;95.288;99.971
1.991;98.830;95.294;99.971
1.992;98.832;95.299;99.971
1.992;98.835;95.304;99.971
1.993;98.838;95.309;99.971
1.994;98.841;95.314;99.971
1.995;98.844;95.320;99.971
1.996;98.847;95.325;99.972
1.997;98.850;95.330;99.972
1.998;98.853;95.336;99.972
1.998;98.857;95.341;99.972
1.999;98.860;95.346;99.972
2.000;98.863;95.352;99.972
2.001;98.867;95.357;99.972
2.002;98.869;95.363;99.972
2.003;98.872;95.368;99.972
2.003;98.874;95.374;99.972
2.004;98.876;95.379;99.972
2.005;98.878;95.384;99.972
2.006;98.881;95.390;99.972
2.007;98.883;95.395;99.972
2.008;98.885;95.400;99.972
2.008;98.887;95.405;99.972
2.009;98.889;95.410;99.972
2.010;98.890;95.415;99.973
2.011;98.892;95.420;99.973
2.012;98.894;95.425;99.973
2.012;98.895;95.430;99.973
2.013;98.898;95.434;99.973
2.014;98.900;95.439;99.973
2.015;98.903;95.443;99.973
2.016;98.905;95.448;99.973
2.017;98.907;95.452;99.973
2.018;98.909;95.457;99.973
2.018;98.911;95.461;99.973
2.019;98.913;95.465;99.973
2.020;98.915;95.469;99.973
2.021;98.916;95.474;99.973
2.022;98.918;95.478;99.973
2.023;98.920;95.482;99.973
2.023;98.921;95.485;99.973
2.024;98.923;95.489;99.973
2.025;98.924;95.493;99.973
2.026;98.926;95.497;99.973
2.027;98.927;95.500;99.973
2.027;98.928;95.504;99.973
2.028;98.930;95.507;99.973
2.029;98.931;95.511;99.973
2.030;98.933;95.514;99.974
2.031;98.934;95.518;99.974
2.032;98.935;95.521;99.974
2.032;98.936;95.524;99.974
2.033;98.937;95.527;99.974
2.034;98.938;95.530;99.974
2.035;98.939;95.533;99.974
2.036;98.940;95.536;99.974
2.037;98.941;95.539;99.974
2.037;98.942;95.542;99.974
2.038;98.943;95.545;99.974
2.039;98.944;95.548;99.974
2.040;98.944;95.551;99.974
2.041;98.945;95.553;99.974
2.042;98.946;95.556;99.974
2.043;98.947;95.559;99.974
2.043;98.947;95.561;99.974
2.044;98.948;95.564;99.974
2.045;98.949;95.566;99.974
2.046;98.949;95.569;99.974
2.047;98.950;95.571;99.974
2.047;98.950;95.573;99.974
2.048;98.951;95.575;99.974
2.049;98.952;95.578;99.974
2.050;98.952;95.580;99.974
2.051;98.953;95.582;99.974
2.052;98.954;95.584;99.974
2.052;98.955;95.586;99.974
2.053;98.956;95.587;99.974
2.054;98.957;95.588;99.974
2.055;98.958;95.589;99.974
2.056;98.958;95.590;99.974
2.057;98.959;95.591;99.974
2.058;98.960;95.592;99.974
2.058;98.960;95.596;99.974
2.059;98.960;95.600;99.974
2.060;98.960;95.603;99.974
2.061;98.960;95.605;99.974
2.062;98.961;95.606;99.974
2.062;98.961;95.608;99.974
2.063;98.961;95.610;99.974
2.064;98.961;95.611;99.974
2.065;98.961;95.612;99.974
2.066;98.961;95.614;99.974
2.067;98.961;95.615;99.974
2.067;98.961;95.617;99.974
2.068;98.961;95.618;99.974
2.069;98.961;95.619;99.974
2.070;98.962;95.620;99.974
2.071;98.962;95.622;99.974
2.072;98.962;95.623;99.974
2.073;98.962;95.624;99.974
2.073;98.962;95.625;99.974
2.074;98.962;95.626;99.974
2.075;98.962;95.627;99.974
2.076;98.962;95.628;99.974
2.077;98.962;95.629;99.974
2.078;98.962;95.630;99.974
2.078;98.962;95.631;99.974
2.079;98.963;95.632;99.974
2.080;98.963;95.633;99.974
2.081;98.963;95.634;99.974
2.082;98.964;95.635;99.974
2.082;98.964;95.636;99.974
2.083;98.965;95.637;99.974
2.084;98.965;95.637;99.974
2.085;98.966;95.638;99.974
2.086;98.966;95.639;99.974
2.087;98.967;95.639;99.974
2.088;98.967;95.640;99.974
2.088;98.967;95.641;99.974
2.089;98.967;95.641;99.974
2.090;98.967;95.642;99.974
2.091;98.967;95.642;99.974
2.092;98.967;95.643;99.974
2.093;98.967;95.644;99.974
2.093;98.967;95.644;99.974
2.094;98.967;95.645;99.974
2.095;98.967;95.645;99.974
2.096;98.967;95.645;99.974
2.097;98.967;95.646;99.974
2.098;98.967;95.646;99.974
2.098;98.967;95.647;99.974
2.099;98.966;95.647;99.974
2.100;98.966;95.647;99.974
2.101;98.966;95.647;99.974
2.102;98.965;95.648;99.974
2.102;98.965;95.648;99.974
2.103;98.965;95.648;99.974
2.104;98.965;95.648;99.974
2.105;98.965;95.649;99.974
2.106;98.965;95.649;99.974
2.107;98.964;95.649;99.974
2.107;98.964;95.649;99.974
2.108;98.964;95.649;99.974
2.109;98.964;95.649;99.974
2.110;98.964;95.649;99.974
2.111;98.964;95.649;99.974
2.112;98.964;95.649;99.974
2.113;98.964;95.649;99.974
2.113;98.963;95.649;99.974
2.114;98.963;95.649;99.974
2.115;98.962;95.649;99.974
2.116;98.962;95.649;99.974
2.117;98.961;95.649;99.974
2.117;98.961;95.649;99.974
2.118;98.960;95.649;99.974
2.119;98.960;95.649;99.974
2.120;98.960;95.649;99.974
2.121;98.960;95.649;99.974
2.122;98.959;95.648;99.974
2.122;98.959;95.648;99.974
2.123;98.959;95.648;99.974
2.124;98.958;95.648;99.974
2.125;98.958;95.648;99.974
2.126;98.958;95.647;99.974
2.127;98.958;95.647;99.974
2.128;98.957;95.647;99.974
2.128;98.957;95.647;99.974
2.129;98.957;95.646;99.974
2.130;98.957;95.646;99.974
2.131;98.957;95.646;99.974
2.132;98.956;95.645;99.974
2.133;98.956;95.645;99.974
2.133;98.956;95.645;99.974
2.134;98.956;95.644;99.974
2.135;98.955;95.644;99.974
2.136;98.955;95.644;99.974
2.137;98.955;95.643;99.974
2.137;98.955;95.643;99.974
2.138;98.955;95.642;99.974
2.139;98.954;95.642;99.974
2.140;98.954;95.641;99.974
2.141;98.954;95.641;99.974
2.142;98.954;95.640;99.974
2.143;98.953;95.640;99.974
2.143;98.953;95.640;99.974
2.144;98.953;95.641;99.974
2.145;98.952;95.641;99.974
2.146;98.952;95.642;99.974
2.147;98.952;95.642;99.974
2.148;98.951;95.643;99.974
2.148;98.951;95.643;99.974
2.149;98.950;95.644;99.974
2.150;98.950;95.644;99.974
2.151;98.949;95.645;99.974
2.152;98.949;95.645;99.974
2.152;98.948;95.646;99.974
2.153;98.948;95.646;99.974
2.154;98.948;95.646;99.974
2.155;98.947;95.647;99.974
2.156;98.947;95.647;99.974
2.157;98.947;95.647;99.974
2.157;98.946;95.648;99.974
2.158;98.946;95.648;99.974
2.159;98.945;95.648;99.974
2.160;98.945;95.649;99.974
2.161;98.945;95.649;99.974
2.162;98.944;95.649;99.974
2.162;98.944;95.649;99.974
2.163;98.944;95.650;99.974
2.164;98.943;95.650;99.974
2.165;98.943;95.650;99.974
2.166;98.942;95.650;99.974
2.167;98.942;95.651;99.974
2.168;98.942;95.651;99.974
2.168;98.941;95.651;99.974
2.169;98.941;95.651;99.974
2.170;98.940;95.651;99.974
2.171;98.940;95.651;99.974
2.172;98.940;95.652;99.974
2.172;98.939;95.652;99.974
2.173;98.939;95.652;99.974
2.174;98.938;95.652;99.974
2.175;98.938;95.652;99.974
2.176;98.938;95.652;99.974
2.177;98.937;95.652;99.974
2.177;98.937;95.652;99.974
2.178;98.936;95.652;99.974
2.179;98.936;95.652;99.974
2.180;98.935;95.652;99.974
2.181;98.935;95.652;99.974
2.182;98.934;95.652;99.974
2.183;98.933;95.652;99.974
2.183;98.933;95.652;99.974
2.184;98.932;95.652;99.974
2.185;98.931;95.652;99.974
2.186;98.931;95.652;99.974
2.187;98.930;95.652;99.974
2.188;98.929;95.652;99.974
2.188;98.928;95.652;99.974
2.189;98.927;95.652;99.974
2.190;98.926;95.652;99.974
2.191;98.925;95.652;99.974
2.192;98.925;95.652;99.974
2.192;98.924;95.652;99.973
2.193;98.923;95.651;99.973
2.194;98.923;95.651;99.973
2.195;98.922;95.651;99.973
2.196;98.922;95.651;99.973
2.197;98.921;95.651;99.973
2.198;98.921;95.651;99.973
2.198;98.920;95.650;99.973
2.199;98.920;95.648;99.973
2.200;98.920;95.647;99.973
2.201;98.920;95.645;99.973
2.202;98.920;95.643;99.973
2.203;98.919;95.642;99.973
2.203;98.919;95.640;99.973
2.204;98.919;95.638;99.973
2.205;98.919;95.636;99.973
2.206;98.919;95.634;99.973
2.207;98.918;95.633;99.973
2.207;98.918;95.631;99.973
2.208;98.918;95.629;99.973
2.209;98.917;95.627;99.973
2.210;98.917;95.625;99.973
2.211;98.916;95.623;99.973
2.212;98.916;95.621;99.973
2.213;98.916;95.620;99.973
2.213;98.915;95.618;99.973
2.214;98.915;95.616;99.973
2.215;98.914;95.614;99.973
2.216;98.914;95.612;99.973
2.217;98.913;95.610;99.973
2.218;98.913;95.608;99.973
2.218;98.912;95.606;99.973
2.219;98.912;95.604;99.973
2.220;98.911;95.602;99.973
2.221;98.910;95.600;99.973
2.222;98.910;95.598;99.973
2.223;98.910;95.596;99.973
2.223;98.910;95.594;99.973
2.224;98.909;95.592;99.973
2.225;98.909;95.589;99.973
2.226;98.908;95.587;99.973
2.227;98.907;95.585;99.973
2.227;98.907;95.583;99.973
2.228;98.906;95.581;99.973
2.229;98.906;95.579;99.973
2.230;98.905;95.577;99.973
2.231;98.904;95.575;99.973
2.232;98.904;95.572;99.973
2.232;98.903;95.570;99.973
2.233;98.903;95.568;99.973
2.234;98.902;95.566;99.973
2.235;98.901;95.563;99.973
2.236;98.901;95.561;99.973
2.237;98.900;95.559;99.973
2.238;98.899;95.557;99.973
2.238;98.899;95.554;99.973
2.239;98.898;95.552;99.973
2.240;98.898;95.550;99.973
2.241;98.897;95.548;99.973
2.242;98.896;95.545;99.973
2.242;98.896;95.543;99.973
2.243;98.895;95.541;99.973
2.244;98.894;95.538;99.973
2.245;98.894;95.536;99.973
2.246;98.893;95.533;99.973
2.247;98.892;95.531;99.973
2.247;98.892;95.529;99.973
2.248;98.891;95.526;99.973
2.249;98.891;95.524;99.973
2.250;98.890;95.521;99.973
2.251;98.889;95.519;99.973
2.252;98.888;95.516;99.973
2.253;98.888;95.514;99.973
2.253;98.887;95.512;99.973
2.254;98.886;95.509;99.972
2.255;98.885;95.507;99.972
2.256;98.885;95.504;99.972
2.257;98.884;95.502;99.972
2.258;98.883;95.499;99.972
2.258;98.882;95.497;99.972
2.259;98.882;95.494;99.972
2.260;98.881;95.491;99.972
2.261;98.880;95.489;99.972
2.262;98.879;95.486;99.972
2.262;98.879;95.484;99.972
2.263;98.878;95.481;99.972
2.264;98.877;95.479;99.972
2.265;98.876;95.476;99.972
2.266;98.876;95.473;99.972
2.267;98.875;95.471;99.972
2.268;98.874;95.468;99.972
2.268;98.873;95.465;99.972
2.269;98.873;95.463;99.972
2.270;98.872;95.460;99.972
2.271;98.871;95.457;99.972
2.272;98.870;95.455;99.972
2.273;98.870;95.452;99.972
2.273;98.869;95.449;99.972
2.274;98.868;95.447;99.972
2.275;98.867;95.444;99.972
2.276;98.867;95.441;99.972
2.277;98.866;95.439;99.972
2.277;98.865;95.437;99.972
2.278;98.864;95.435;99.972
2.279;98.863;95.433;99.972
2.280;98.863;95.432;99.972
2.281;98.862;95.430;99.972
2.282;98.861;95.428;99.972
2.282;98.860;95.426;99.972
2.283;98.860;95.425;99.972
2.284;98.859;95.423;99.972
2.285;98.858;95.421;99.972
2.286;98.857;95.420;99.972
2.287;98.857;95.418;99.972
2.287;98.856;95.416;99.972
2.288;98.855;95.414;99.972
2.289;98.854;95.413;99.972
2.290;98.854;95.411;99.972
2.291;98.853;95.409;99.972
2.292;98.853;95.408;99.972
2.293;98.852;95.406;99.972
2.293;98.851;95.404;99.972
2.294;98.851;95.402;99.972
2.295;98.850;95.401;99.972
2.296;98.850;95.399;99.972
2.297;98.849;95.397;99.972
2.297;98.849;95.395;99.972
2.298;98.848;95.394;99.972
2.299;98.848;95.392;99.972
2.300;98.847;95.390;99.972
2.301;98.847;95.388;99.972
2.302;98.846;95.387;99.972
2.302;98.846;95.385;99.972
2.303;98.845;95.383;99.972
2.304;98.844;95.381;99.972
2.305;98.844;95.380;99.972
2.306;98.843;95.378;99.972
2.307;98.843;95.376;99.971
2.308;98.842;95.374;99.971
2.308;98.842;95.373;99.971
2.309;98.841;95.371;99.971
2.310;98.841;95.369;99.971
2.311;98.840;95.367;99.971
2.312;98.840;95.366;99.971
2.312;98.839;95.364;99.971
2.313;98.839;95.363;99.971
2.314;98.838;95.362;99.971
2.315;98.838;95.360;99.971
2.316;98.837;95.359;99.971
2.317;98.837;95.357;99.971
2.317;98.836;95.356;99.971
2.318;98.836;95.354;99.971
2.319;98.835;95.353;99.971
2.320;98.835;95.352;99.971
2.321;98.834;95.350;99.971
2.322;98.834;95.349;99.971
2.323;98.833;95.347;99.971
2.323;98.832;95.346;99.971
2.324;98.832;95.344;99.971
2.325;98.831;95.343;99.971
2.326;98.830;95.341;99.971
2.327;98.830;95.340;99.971
2.328;98.829;95.339;99.971
2.328;98.829;95.337;99.971
2.329;98.828;95.336;99.971
2.330;98.827;95.334;99.971
2.331;98.827;95.333;99.971
2.332;98.826;95.331;99.971
2.332;98.825;95.330;99.971
2.333;98.825;95.328;99.971
2.334;98.824;95.327;99.971
2.335;98.824;95.326;99.971
2.336;98.823;95.324;99.971
2.337;98.822;95.323;99.971
2.338;98.822;95.321;99.971
2.338;98.821;95.320;99.971
2.339;98.820;95.318;99.971
2.340;98.820;95.317;99.971
2.341;98.819;95.315;99.971
2.342;98.819;95.314;99.971
2.343;98.818;95.312;99.971
2.343;98.817;95.311;99.971
2.344;98.817;95.310;99.971
2.345;98.816;95.308;99.971
2.346;98.815;95.307;99.971
2.347;98.814;95.305;99.971
2.348;98.813;95.304;99.971
2.348;98.812;95.302;99.971
2.349;98.812;95.301;99.971
2.350;98.811;95.299;99.971
2.351;98.810;95.298;99.971
2.352;98.809;95.296;99.971
2.352;98.808;95.295;99.971
2.353;98.807;95.294;99.971
2.354;98.807;95.292;99.970
2.355;98.806;95.291;99.970
2.356;98.805;95.289;99.970
2.357;98.804;95.288;99.970
2.357;98.803;95.286;99.970
2.358;98.803;95.285;99.970
2.359;98.803;95.283;99.970
2.360;98.802;95.280;99.970
2.361;98.802;95.278;99.970
2.362;98.801;95.275;99.970
2.363;98.801;95.273;99.970
2.363;98.801;95.270;99.970
2.364;98.800;95.268;99.970
2.365;98.800;95.265;99.970
2.366;98.800;95.262;99.970
2.367;98.799;95.260;99.970
2.367;98.799;95.257;99.970
2.368;98.799;95.255;99.970
2.369;98.798;95.252;99.970
2.370;98.798;95.250;99.970
2.371;98.797;95.247;99.970
2.372;98.797;95.244;99.970
2.372;98.796;95.242;99.970
2.373;98.795;95.239;99.970
2.374;98.795;95.237;99.970
2.375;98.794;95.234;99.970
2.376;98.794;95.232;99.970
2.377;98.793;95.229;99.970
2.378;98.792;95.227;99.970
2.378;98.792;95.224;99.970
2.379;98.791;95.222;99.970
2.380;98.791;95.219;99.970
2.381;98.790;95.217;99.970
2.382;98.789;95.216;99.970
2.383;98.789;95.214;99.970
2.383;98.788;95.212;99.970
2.384;98.788;95.210;99.970
2.385;98.787;95.209;99.970
2.386;98.787;95.207;99.970
2.387;98.787;95.205;99.970
2.387;98.786;95.203;99.970
2.388;98.786;95.202;99.970
2.389;98.786;95.200;99.970
2.390;98.785;95.198;99.970
2.391;98.784;95.196;99.970
2.392;98.783;95.194;99.969
2.393;98.782;95.193;99.969
2.393;98.781;95.191;99.969
2.394;98.780;95.189;99.969
2.395;98.779;95.187;99.969
2.396;98.779;95.186;99.969
2.397;98.778;95.184;99.969
2.398;98.777;95.182;99.969
2.398;98.776;95.181;99.969
2.399;98.775;95.179;99.969
2.400;98.775;95.177;99.969
2.401;98.774;95.175;99.969
2.402;98.773;95.174;99.969
2.402;98.772;95.172;99.969
2.403;98.771;95.170;99.969
2.404;98.771;95.168;99.969
2.405;98.770;95.167;99.969
2.406;98.769;95.165;99.969
2.407;98.768;95.163;99.969
2.407;98.768;95.162;99.969
2.408;98.767;95.160;99.969
2.409;98.767;95.158;99.969
2.410;98.767;95.156;99.969
2.411;98.766;95.155;99.969
2.412;98.765;95.153;99.969
2.412;98.764;95.151;99.969
2.413;98.764;95.150;99.969
2.414;98.763;95.148;99.969
2.415;98.762;95.146;99.969
2.416;98.761;95.144;99.969
2.417;98.761;95.143;99.969
2.418;98.760;95.141;99.969
2.418;98.759;95.139;99.969
2.419;98.758;95.138;99.969
2.420;98.758;95.136;99.969
2.421;98.757;95.134;99.969
2.422;98.756;95.133;99.969
2.422;98.756;95.131;99.969
2.423;98.755;95.130;99.969
2.424;98.754;95.128;99.969
2.425;98.754;95.126;99.969
2.426;98.753;95.125;99.969
2.427;98.753;95.123;99.969
2.427;98.752;95.121;99.968
2.428;98.752;95.120;99.968
2.429;98.751;95.118;99.968
2.430;98.750;95.117;99.968
2.431;98.750;95.115;99.968
2.432;98.749;95.113;99.968
2.433;98.749;95.112;99.968
2.433;98.748;95.110;99.968
2.434;98.748;95.109;99.968
2.435;98.747;95.107;99.968
2.436;98.747;95.106;99.968
2.437;98.746;95.104;99.968
2.438;98.745;95.102;99.968
2.438;98.745;95.101;99.968
2.439;98.744;95.099;99.968
2.440;98.744;95.098;99.968
2.441;98.743;95.096;99.968
2.442;98.743;95.095;99.968
2.442;98.742;95.093;99.968
2.443;98.742;95.092;99.968
2.444;98.741;95.090;99.968
2.445;98.741;95.088;99.968
2.446;98.740;95.087;99.968
2.447;98.739;95.085;99.968
2.448;98.739;95.084;99.968
2.448;98.738;95.082;99.968
2.449;98.738;95.081;99.968
2.450;98.737;95.079;99.968
2.451;98.737;95.078;99.968
2.452;98.736;95.077;99.968
2.453;98.736;95.076;99.968
2.453;98.736;95.075;99.968
2.454;98.735;95.072;99.968
2.455;98.735;95.070;99.968
2.456;98.734;95.069;99.968
2.457;98.734;95.067;99.968
2.457;98.733;95.065;99.968
2.458;98.733;95.064;99.968
2.459;98.733;95.062;99.968
2.460;98.732;95.061;99.968
2.461;98.732;95.059;99.968
2.462;98.731;95.058;99.968
2.463;98.731;95.056;99.968
2.463;98.731;95.055;99.967
2.464;98.730;95.053;99.967
2.465;98.730;95.052;99.967
2.466;98.729;95.050;99.967
2.467;98.729;95.049;99.967
2.468;98.729;95.047;99.967
2.468;98.728;95.046;99.967
2.469;98.728;95.044;99.967
2.470;98.727;95.043;99.967
2.471;98.727;95.042;99.967
2.472;98.727;95.040;99.967
2.473;98.726;95.039;99.967
2.473;98.726;95.037;99.967
2.474;98.725;95.036;99.967
2.475;98.725;95.034;99.967
2.476;98.725;95.033;99.967
2.477;98.724;95.031;99.967
2.477;98.724;95.030;99.967
2.478;98.723;95.029;99.967
2.479;98.723;95.027;99.967
2.480;98.723;95.026;99.967
2.481;98.722;95.024;99.967
2.482;98.721;95.023;99.967
2.482;98.721;95.021;99.967
2.483;98.720;95.020;99.967
2.484;98.719;95.019;99.967
2.485;98.719;95.017;99.967
2.486;98.718;95.016;99.967
2.487;98.718;95.015;99.967
2.488;98.717;95.013;99.967
2.488;98.716;95.012;99.967
2.489;98.716;95.010;99.967
2.490;98.715;95.009;99.967
2.491;98.714;95.008;99.967
2.492;98.714;95.004;99.967
2.492;98.713;95.000;99.967
2.493;98.713;94.996;99.967
2.494;98.712;94.992;99.967
2.495;98.711;94.988;99.967
2.496;98.711;94.984;99.967
2.497;98.710;94.980;99.967
2.497;98.710;94.976;99.967
2.498;98.709;94.972;99.967
2.499;98.708;94.968;99.967
2.500;98.708;94.964;99.966
2.501;98.708;94.960;99.966
2.502;98.707;94.955;99.966
2.503;98.707;94.951;99.966
2.503;98.706;94.947;99.966
2.504;98.706;94.945;99.966
2.505;98.705;94.943;99.966
2.506;98.705;94.941;99.966
2.507;98.704;94.939;99.966
2.508;98.704;94.937;99.966
2.508;98.704;94.935;99.966
2.509;98.703;94.933;99.966
2.510;98.703;94.931;99.966
2.511;98.702;94.929;99.966
2.512;98.702;94.927;99.966
2.512;98.701;94.925;99.966
2.513;98.701;94.923;99.966
2.514;98.701;94.921;99.966
2.515;98.700;94.920;99.966
2.516;98.700;94.918;99.966
2.517;98.699;94.916;99.966
2.518;98.699;94.914;99.966
2.518;98.699;94.912;99.966
2.519;98.698;94.911;99.966
2.520;98.698;94.911;99.966
2.521;98.697;94.910;99.966
2.522;98.697;94.909;99.966
2.523;98.696;94.908;99.966
2.523;98.696;94.907;99.966
2.524;98.695;94.906;99.966
2.525;98.695;94.905;99.966
2.526;98.694;94.904;99.966
2.527;98.694;94.903;99.966
2.527;98.693;94.902;99.966
2.528;98.693;94.901;99.966
2.529;98.692;94.900;99.966
2.530;98.692;94.899;99.966
2.531;98.691;94.898;99.966
2.532;98.691;94.898;99.966
2.532;98.690;94.897;99.966
2.533;98.690;94.896;99.966
2.534;98.689;94.895;99.966
2.535;98.689;94.894;99.966
2.536;98.688;94.893;99.966
2.537;98.687;94.892;99.966
2.537;98.687;94.891;99.965
2.538;98.686;94.890;99.965
2.539;98.686;94.890;99.965
2.540;98.685;94.889;99.965
2.541;98.685;94.888;99.965
2.542;98.684;94.887;99.965
2.543;98.684;94.886;99.965
2.543;98.683;94.885;99.965
2.544;98.683;94.884;99.965
2.545;98.682;94.883;99.965
2.546;98.682;94.883;99.965
2.547;98.682;94.882;99.965
2.547;98.681;94.881;99.965
2.548;98.681;94.880;99.965
2.549;98.680;94.879;99.965
2.550;98.680;94.878;99.965
2.551;98.679;94.877;99.965
2.552;98.679;94.877;99.965
2.552;98.678;94.876;99.965
2.553;98.678;94.875;99.965
2.554;98.677;94.874;99.965
2.555;98.677;94.873;99.965
2.556;98.677;94.872;99.965
2.557;98.677;94.872;99.965
2.558;98.676;94.871;99.965
2.558;98.676;94.870;99.965
2.559;98.676;94.869;99.965
2.560;98.676;94.868;99.965
2.561;98.676;94.867;99.965
2.562;98.675;94.867;99.965
2.562;98.675;94.866;99.965
2.563;98.675;94.865;99.965
2.564;98.675;94.864;99.965
2.565;98.674;94.863;99.965
2.566;98.674;94.863;99.965
2.567;98.674;94.862;99.965
2.567;98.674;94.861;99.965
2.568;98.673;94.860;99.965
2.569;98.673;94.860;99.965
2.570;98.673;94.859;99.965
2.571;98.673;94.858;99.965
2.572;98.672;94.857;99.965
2.573;98.672;94.856;99.965
2.573;98.672;94.856;99.965
2.574;98.672;94.855;99.965
2.575;98.671;94.854;99.965
2.576;98.671;94.853;99.965
2.577;98.671;94.853;99.965
2.578;98.670;94.852;99.965
2.578;98.670;94.851;99.965
2.579;98.670;94.850;99.964
2.580;98.669;94.850;99.964
2.581;98.669;94.849;99.964
2.582;98.669;94.848;99.964
2.582;98.668;94.848;99.964
2.583;98.668;94.847;99.964
2.584;98.668;94.846;99.964
2.585;98.667;94.846;99.964
2.586;98.667;94.845;99.964
2.587;98.667;94.844;99.964
2.588;98.667;94.843;99.964
2.588;98.666;94.843;99.964
2.589;98.666;94.842;99.964
2.590;98.666;94.841;99.964
2.591;98.665;94.841;99.964
2.592;98.665;94.840;99.964
2.593;98.665;94.839;99.964
2.593;98.664;94.839;99.964
2.594;98.664;94.838;99.964
2.595;98.664;94.837;99.964
2.596;98.664;94.837;99.964
2.597;98.664;94.836;99.964
2.598;98.664;94.835;99.964
2.598;98.664;94.835;99.964
2.599;98.663;94.834;99.964
2.600;98.663;94.833;99.964
2.601;98.663;94.833;99.964
2.602;98.663;94.832;99.964
2.602;98.663;94.832;99.964
2.603;98.663;94.831;99.964
2.604;98.663;94.830;99.964
2.605;98.663;94.830;99.964
2.606;98.662;94.829;99.964
2.607;98.662;94.828;99.964
2.607;98.662;94.828;99.964
2.608;98.662;94.827;99.964
2.609;98.662;94.827;99.964
2.610;98.662;94.826;99.964
2.611;98.662;94.825;99.964
2.612;98.662;94.825;99.964
2.613;98.662;94.824;99.964
2.613;98.661;94.824;99.964
2.614;98.661;94.823;99.964
2.615;98.661;94.823;99.964
2.616;98.661;94.822;99.964
2.617;98.661;94.821;99.964
2.617;98.661;94.821;99.964
2.618;98.661;94.820;99.964
2.619;98.661;94.820;99.964
2.620;98.661;94.819;99.964
2.621;98.661;94.819;99.964
2.622;98.661;94.818;99.964
2.622;98.660;94.818;99.964
2.623;98.660;94.817;99.964
2.624;98.660;94.817;99.964
2.625;98.660;94.816;99.964
2.626;98.660;94.816;99.964
2.627;98.660;94.815;99.964
2.628;98.660;94.815;99.964
2.628;98.660;94.814;99.963
2.629;98.660;94.814;99.963
2.630;98.660;94.813;99.963
2.631;98.660;94.813;99.963
2.632;98.660;94.812;99.963
2.633;98.660;94.812;99.963
2.633;98.660;94.811;99.963
2.634;98.660;94.811;99.963
2.635;98.660;94.810;99.963
2.636;98.659;94.810;99.963
2.637;98.659;94.809;99.963
2.637;98.659;94.809;99.963
2.638;98.659;94.808;99.963
2.639;98.659;94.808;99.963
2.640;98.659;94.807;99.963
2.641;98.659;94.807;99.963
2.642;98.659;94.807;99.963
2.643;98.659;94.806;99.963
2.643;98.659;94.806;99.963
2.644;98.659;94.805;99.963
2.645;98.659;94.805;99.963
2.646;98.659;94.804;99.963
2.647;98.659;94.804;99.963
2.648;98.658;94.804;99.963
2.648;98.658;94.803;99.963
2.649;98.658;94.803;99.963
2.650;98.658;94.802;99.963
2.651;98.658;94.802;99.963
2.652;98.658;94.802;99.963
2.652;98.658;94.801;99.963
2.653;98.658;94.801;99.963
2.654;98.658;94.801;99.963
2.655;98.658;94.800;99.963
2.656;98.658;94.800;99.963
2.657;98.658;94.799;99.963
2.657;98.658;94.799;99.963
2.658;98.658;94.799;99.963
2.659;98.658;94.798;99.963
2.660;98.658;94.798;99.963
2.661;98.658;94.798;99.963
2.662;98.658;94.797;99.963
2.662;98.658;94.797;99.963
2.663;98.658;94.797;99.963
2.664;98.658;94.797;99.963
2.665;98.658;94.796;99.963
2.666;98.658;94.796;99.963
2.667;98.658;94.796;99.963
2.668;98.658;94.795;99.963
2.668;98.658;94.795;99.963
2.669;98.658;94.795;99.963
2.670;98.658;94.795;99.963
2.671;98.658;94.794;99.963
2.672;98.658;94.794;99.963
2.672;98.658;94.794;99.963
2.673;98.658;94.794;99.963
2.674;98.658;94.793;99.963
2.675;98.658;94.793;99.963
2.676;98.658;94.793;99.963
2.677;98.658;94.793;99.963
2.677;98.658;94.792;99.963
2.678;98.658;94.792;99.963
2.679;98.658;94.792;99.963
2.680;98.658;94.792;99.963
2.681;98.658;94.792;99.963
2.682;98.658;94.791;99.963
2.683;98.658;94.791;99.963
2.683;98.658;94.791;99.963
2.684;98.658;94.791;99.963
2.685;98.658;94.791;99.963
2.686;98.658;94.790;99.963
2.687;98.658;94.790;99.963
2.688;98.658;94.790;99.963
2.688;98.658;94.790;99.963
2.689;98.658;94.790;99.963
2.690;98.658;94.790;99.963
2.691;98.658;94.790;99.963
2.692;98.658;94.789;99.963
2.692;98.658;94.789;99.963
2.693;98.658;94.789;99.963
2.694;98.658;94.789;99.963
2.695;98.658;94.789;99.963
2.696;98.658;94.789;99.963
2.697;98.659;94.789;99.963
2.698;98.659;94.789;99.963
2.698;98.659;94.789;99.963
2.699;98.659;94.789;99.963
2.700;98.659;94.788;99.963
2.701;98.659;94.788;99.963
2.702;98.659;94.788;99.963
2.703;98.659;94.788;99.963
2.703;98.659;94.788;99.963
2.704;98.659;94.788;99.963
2.705;98.659;94.788;99.963
2.706;98.659;94.788;99.963
2.707;98.659;94.788;99.963
2.707;98.660;94.788;99.963
2.708;98.660;94.788;99.963
2.709;98.660;94.788;99.963
2.710;98.660;94.788;99.963
2.711;98.660;94.788;99.963
2.712;98.660;94.788;99.963
2.713;98.660;94.788;99.963
2.713;98.660;94.788;99.963
2.714;98.660;94.788;99.963
2.715;98.660;94.788;99.963
2.716;98.660;94.788;99.963
2.717;98.660;94.788;99.963
2.718;98.660;94.788;99.963
2.718;98.660;94.789;99.963
2.719;98.660;94.789;99.963
2.720;98.660;94.789;99.963
2.721;98.660;94.789;99.963
2.722;98.660;94.789;99.963
2.723;98.660;94.789;99.962
2.723;98.660;94.789;99.962
2.724;98.660;94.789;99.962
2.725;98.659;94.789;99.962
2.726;98.659;94.789;99.962
2.727;98.659;94.790;99.962
2.727;98.659;94.790;99.962
2.728;98.659;94.790;99.962
2.729;98.659;94.790;99.962
2.730;98.659;94.790;99.962
2.731;98.659;94.790;99.962
2.732;98.659;94.791;99.962
2.732;98.659;94.791;99.962
2.733;98.659;94.791;99.962
2.734;98.659;94.791;99.962
2.735;98.659;94.791;99.962
2.736;98.659;94.792;99.962
2.737;98.659;94.792;99.962
2.738;98.659;94.792;99.962
2.738;98.659;94.792;99.962
2.739;98.659;94.792;99.962
2.740;98.659;94.793;99.962
2.741;98.659;94.793;99.962
2.742;98.659;94.793;99.962
2.742;98.659;94.794;99.962
2.743;98.659;94.794;99.962
2.744;98.659;94.794;99.962
2.745;98.659;94.794;99.962
2.746;98.659;94.795;99.962
2.747;98.659;94.795;99.962
2.747;98.659;94.795;99.962
2.748;98.659;94.795;99.962
2.749;98.659;94.795;99.962
2.750;98.660;94.795;99.962
2.751;98.660;94.795;99.962
2.752;98.660;94.795;99.963
2.753;98.660;94.795;99.963
2.753;98.660;94.795;99.963
2.754;98.660;94.795;99.963
2.755;98.660;94.795;99.963
2.756;98.660;94.795;99.963
2.757;98.661;94.795;99.963
2.758;98.661;94.795;99.963
2.758;98.661;94.796;99.963
2.759;98.661;94.796;99.963
2.760;98.662;94.796;99.963
2.761;98.662;94.796;99.963
2.762;98.662;94.796;99.963
2.762;98.662;94.796;99.963
2.763;98.663;94.796;99.963
2.764;98.663;94.796;99.963
2.765;98.663;94.797;99.963
2.766;98.664;94.797;99.963
2.767;98.664;94.797;99.963
2.768;98.664;94.797;99.963
2.768;98.664;94.797;99.963
2.769;98.665;94.798;99.963
2.770;98.665;94.798;99.963
2.771;98.665;94.798;99.963
2.772;98.666;94.798;99.963
2.773;98.666;94.798;99.963
2.773;98.666;94.799;99.963
2.774;98.667;94.799;99.963
2.775;98.667;94.799;99.963
2.776;98.667;94.799;99.963
2.777;98.668;94.800;99.963
2.777;98.668;94.800;99.963
2.778;98.668;94.800;99.963
2.779;98.669;94.801;99.963
2.780;98.669;94.801;99.963
2.781;98.669;94.801;99.963
2.782;98.670;94.802;99.963
2.782;98.670;94.802;99.963
2.783;98.671;94.802;99.963
2.784;98.671;94.803;99.963
2.785;98.671;94.803;99.963
2.786;98.672;94.804;99.963
2.787;98.672;94.804;99.963
2.787;98.673;94.804;99.963
2.788;98.673;94.805;99.963
2.789;98.673;94.805;99.963
2.790;98.674;94.806;99.963
2.791;98.674;94.807;99.963
2.792;98.675;94.808;99.963
2.793;98.675;94.809;99.963
2.793;98.676;94.810;99.963
2.794;98.676;94.811;99.963
2.795;98.676;94.813;99.963
2.796;98.677;94.814;99.963
2.797;98.677;94.815;99.963
2.797;98.678;94.816;99.963
2.798;98.678;94.817;99.963
2.799;98.679;94.818;99.963
2.800;98.679;94.819;99.963
2.801;98.680;94.820;99.963
2.802;98.680;94.822;99.963
2.802;98.681;94.823;99.963
2.803;98.681;94.824;99.963
2.804;98.682;94.825;99.963
2.805;98.682;94.826;99.963
2.806;98.683;94.828;99.963
2.807;98.683;94.829;99.963
2.808;98.684;94.830;99.963
2.808;98.684;94.831;99.963
2.809;98.685;94.833;99.963
2.810;98.685;94.834;99.963
2.811;98.686;94.835;99.963
2.812;98.686;94.837;99.963
2.812;98.687;94.838;99.963
2.813;98.687;94.839;99.963
2.814;98.688;94.840;99.963
2.815;98.688;94.842;99.963
2.816;98.689;94.843;99.963
2.817;98.689;94.845;99.963
2.817;98.690;94.846;99.963
2.818;98.690;94.847;99.963
2.819;98.691;94.849;99.963
2.820;98.692;94.850;99.963
2.821;98.692;94.852;99.963
2.822;98.693;94.853;99.963
2.823;98.694;94.854;99.963
2.823;98.694;94.856;99.963
2.824;98.695;94.857;99.963
2.825;98.696;94.859;99.963
2.826;98.696;94.860;99.963
2.827;98.697;94.862;99.963
2.828;98.697;94.863;99.963
2.828;98.698;94.865;99.963
2.829;98.699;94.866;99.963
2.830;98.700;94.868;99.963
2.831;98.700;94.869;99.963
2.832;98.701;94.870;99.964
2.832;98.702;94.872;99.964
2.833;98.702;94.873;99.964
2.834;98.703;94.874;99.964
2.835;98.704;94.875;99.964
2.836;98.705;94.877;99.964
2.837;98.706;94.878;99.964
2.838;98.706;94.879;99.964
2.838;98.707;94.881;99.964
2.839;98.708;94.882;99.964
2.840;98.708;94.883;99.964
2.841;98.709;94.885;99.964
2.842;98.710;94.886;99.964
2.843;98.710;94.888;99.964
2.843;98.711;94.889;99.964
2.844;98.711;94.890;99.964
2.845;98.712;94.892;99.964
2.846;98.713;94.893;99.964
2.847;98.713;94.895;99.964
2.848;98.714;94.896;99.964
2.848;98.715;94.898;99.964
2.849;98.716;94.899;99.964
2.850;98.716;94.901;99.964
2.851;98.717;94.902;99.964
2.852;98.718;94.904;99.964
2.852;98.719;94.907;99.964
2.853;98.720;94.910;99.964
2.854;98.720;94.913;99.964
2.855;98.721;94.915;99.964
2.856;98.722;94.918;99.964
2.857;98.723;94.921;99.964
2.857;98.724;94.925;99.964
2.858;98.725;94.928;99.964
2.859;98.725;94.930;99.964
2.860;98.726;94.932;99.964
2.861;98.727;94.934;99.964
2.862;98.728;94.936;99.964
2.863;98.729;94.938;99.964
2.863;98.730;94.940;99.964
2.864;98.731;94.942;99.964
2.865;98.731;94.944;99.964
2.866;98.732;94.946;99.964
2.867;98.733;94.949;99.965
2.867;98.734;94.951;99.965
2.868;98.735;94.953;99.965
2.869;98.736;94.955;99.965
2.870;98.737;94.957;99.965
2.871;98.738;94.959;99.965
2.872;98.739;94.961;99.965
2.872;98.740;94.964;99.965
2.873;98.741;94.966;99.965
2.874;98.742;94.968;99.965
2.875;98.742;94.970;99.965
2.876;98.743;94.972;99.965
2.877;98.744;94.975;99.965
2.878;98.745;94.977;99.965
2.878;98.746;94.979;99.965
2.879;98.747;94.981;99.965
2.880;98.748;94.984;99.965
2.881;98.748;94.986;99.965
2.882;98.749;94.988;99.965
2.883;98.750;94.991;99.965
2.883;98.751;94.993;99.965
2.884;98.752;94.995;99.965
2.885;98.753;94.998;99.965
2.886;98.754;95.000;99.965
2.887;98.754;95.003;99.965
2.887;98.755;95.005;99.965
2.888;98.756;95.008;99.965
2.889;98.757;95.010;99.965
2.890;98.758;95.013;99.965
2.891;98.759;95.015;99.965
2.892;98.760;95.017;99.965
2.893;98.761;95.020;99.965
2.893;98.762;95.023;99.966
2.894;98.763;95.025;99.966
2.895;98.764;95.028;99.966
2.896;98.765;95.030;99.966
2.897;98.766;95.033;99.966
2.898;98.768;95.035;99.966
2.898;98.769;95.038;99.966
2.899;98.770;95.041;99.966
2.900;98.771;95.043;99.966
2.901;98.772;95.046;99.966
2.902;98.773;95.049;99.966
2.902;98.774;95.051;99.966
2.903;98.775;95.054;99.966
2.904;98.777;95.057;99.966
2.905;98.778;95.060;99.966
2.906;98.779;95.062;99.966
2.907;98.780;95.065;99.966
2.907;98.781;95.068;99.966
2.908;98.782;95.071;99.966
2.909;98.784;95.073;99.966
2.910;98.785;95.076;99.966
2.911;98.786;95.079;99.966
2.912;98.787;95.082;99.966
2.912;98.788;95.085;99.966
2.913;98.790;95.088;99.966
2.914;98.791;95.091;99.967
2.915;98.792;95.094;99.967
2.916;98.793;95.097;99.967
2.917;98.794;95.099;99.967
2.918;98.795;95.102;99.967
2.918;98.797;95.105;99.967
2.919;98.798;95.108;99.967
2.920;98.799;95.111;99.967
2.921;98.800;95.115;99.967
2.922;98.801;95.118;99.967
2.922;98.802;95.121;99.967
2.923;98.803;95.124;99.967
2.924;98.804;95.127;99.967
2.925;98.805;95.130;99.967
2.926;98.806;95.133;99.967
2.927;98.807;95.136;99.967
2.927;98.809;95.139;99.967
2.928;98.810;95.143;99.967
2.929;98.811;95.146;99.967
2.930;98.812;95.149;99.967
2.931;98.813;95.152;99.967
2.932;98.814;95.156;99.967
2.933;98.816;95.159;99.968
2.933;98.817;95.162;99.968
2.934;98.819;95.165;99.968
2.935;98.820;95.169;99.968
2.936;98.821;95.172;99.968
2.937;98.822;95.175;99.968
2.938;98.824;95.179;99.968
2.938;98.825;95.182;99.968
2.939;98.826;95.186;99.968
2.940;98.827;95.189;99.968
2.941;98.828;95.193;99.968
2.942;98.830;95.196;99.968
2.942;98.831;95.199;99.968
2.943;98.832;95.203;99.968
2.944;98.833;95.206;99.968
2.945;98.834;95.210;99.968
2.946;98.835;95.214;99.968
2.947;98.836;95.217;99.968
2.948;98.837;95.221;99.968
2.948;98.839;95.224;99.969
2.949;98.841;95.228;99.969
2.950;98.842;95.232;99.969
2.951;98.844;95.235;99.969
2.952;98.845;95.239;99.969
2.953;98.847;95.243;99.969
2.953;98.848;95.246;99.969
2.954;98.849;95.250;99.969
2.955;98.850;95.254;99.969
2.956;98.852;95.258;99.969
2.957;98.854;95.261;99.969
2.957;98.857;95.265;99.969
2.958;98.858;95.269;99.969
2.959;98.860;95.273;99.969
2.960;98.862;95.277;99.969
2.961;98.863;95.281;99.969
2.962;98.865;95.285;99.969
2.963;98.866;95.289;99.969
2.963;98.867;95.293;99.969
2.964;98.869;95.297;99.969
2.965;98.870;95.301;99.970
2.966;98.871;95.305;99.970
2.967;98.872;95.309;99.970
2.968;98.874;95.313;99.970
2.968;98.875;95.317;99.970
2.969;98.876;95.321;99.970
2.970;98.878;95.325;99.970
2.971;98.880;95.329;99.970
2.972;98.882;95.334;99.970
2.973;98.883;95.338;99.970
2.973;98.885;95.342;99.970
2.974;98.887;95.346;99.970
2.975;98.889;95.349;99.970
2.976;98.891;95.352;99.970
2.977;98.892;95.355;99.970
2.977;98.894;95.357;99.970
2.978;98.896;95.360;99.970
2.979;98.898;95.363;99.970
2.980;98.900;95.366;99.970
2.981;98.901;95.369;99.970
2.982;98.903;95.372;99.970
2.982;98.904;95.375;99.970
2.983;98.906;95.378;99.971
2.984;98.908;95.381;99.971
2.985;98.910;95.384;99.971
2.986;98.911;95.390;99.971
2.987;98.913;95.396;99.971
2.988;98.915;95.402;99.971
2.988;98.916;95.410;99.971
2.989;98.918;95.424;99.971
2.990;98.920;95.431;99.971
2.991;98.922;95.436;99.971
2.992;98.924;95.440;99.971
2.992;98.926;95.445;99.971
2.993;98.928;95.450;99.971
2.994;98.930;95.455;99.971
2.995;98.932;95.459;99.971
2.996;98.934;95.464;99.971
2.997;98.937;95.470;99.971
2.997;98.939;95.477;99.971
2.998;98.941;95.483;99.971
2.999;98.943;95.490;99.972
3.000;98.944;95.496;99.972
3.001;98.946;95.503;99.972
3.002;98.948;95.509;99.972
3.003;98.950;95.515;99.972
3.003;98.952;95.522;99.972
3.004;98.953;95.528;99.972
3.005;98.955;95.535;99.972
3.006;98.957;95.541;99.972
3.007;98.958;95.547;99.972
3.008;98.960;95.553;99.972
3.008;98.962;95.559;99.972
3.009;98.964;95.565;99.972
3.010;98.967;95.569;99.972
3.011;98.969;95.573;99.972
3.012;98.971;95.577;99.972
3.012;98.973;95.581;99.972
3.013;98.976;95.585;99.972
3.014;98.978;95.589;99.972
3.015;98.979;95.593;99.972
3.016;98.981;95.597;99.973
3.017;98.982;95.600;99.973
3.018;98.984;95.604;99.973
3.018;98.985;95.607;99.973
3.019;98.986;95.611;99.973
3.020;98.988;95.614;99.973
3.021;98.989;95.618;99.973
3.022;98.990;95.621;99.973
3.023;98.991;95.624;99.973
3.023;98.993;95.628;99.973
3.024;98.994;95.631;99.973
3.025;98.995;95.634;99.973
3.026;98.996;95.637;99.973
3.027;98.997;95.640;99.973
3.027;98.998;95.643;99.973
3.028;98.999;95.646;99.973
3.029;99.000;95.649;99.973
3.030;99.001;95.652;99.973
3.031;99.002;95.654;99.973
3.032;99.003;95.657;99.973
3.032;99.004;95.660;99.973
3.033;99.005;95.662;99.973
3.034;99.006;95.665;99.973
3.035;99.007;95.668;99.973
3.036;99.007;95.670;99.973
3.037;99.008;95.673;99.973
3.037;99.008;95.675;99.973
3.038;99.009;95.677;99.973
3.039;99.009;95.680;99.973
3.040;99.010;95.682;99.973
3.041;99.010;95.684;99.973
3.042;99.010;95.686;99.973
3.043;99.010;95.688;99.973
3.043;99.011;95.690;99.973
3.044;99.011;95.693;99.973
3.045;99.011;95.695;99.973
3.046;99.011;95.697;99.973
3.047;99.011;95.698;99.973
3.047;99.012;95.700;99.973
3.048;99.012;95.702;99.973
3.049;99.012;95.704;99.973
3.050;99.012;95.706;99.973
3.051;99.013;95.708;99.973
3.052;99.013;95.709;99.974
3.052;99.014;95.711;99.974
3.053;99.014;95.713;99.974
3.054;99.015;95.714;99.974
3.055;99.015;95.716;99.974
3.056;99.016;95.717;99.974
3.057;99.016;95.719;99.974
3.058;99.016;95.720;99.974
3.058;99.016;95.722;99.974
3.059;99.017;95.723;99.974
3.060;99.017;95.725;99.974
3.061;99.017;95.726;99.974
3.062;99.017;95.727;99.974
3.062;99.018;95.729;99.974
3.063;99.018;95.730;99.974
3.064;99.018;95.731;99.974
3.065;99.019;95.732;99.974
3.066;99.019;95.733;99.974
3.067;99.020;95.735;99.974
3.067;99.020;95.736;99.974
3.068;99.020;95.737;99.974
3.069;99.021;95.738;99.974
3.070;99.021;95.739;99.974
3.071;99.021;95.740;99.974
3.072;99.021;95.741;99.974
3.073;99.021;95.742;99.974
3.073;99.022;95.743;99.974
3.074;99.022;95.744;99.974
3.075;99.022;95.745;99.974
3.076;99.023;95.746;99.974
3.077;99.023;95.746;99.974
3.078;99.024;95.747;99.974
3.078;99.024;95.748;99.974
3.079;99.024;95.749;99.974
3.080;99.024;95.750;99.974
3.081;99.024;95.750;99.974
3.082;99.024;95.751;99.974
3.082;99.024;95.752;99.974
3.083;99.024;95.752;99.974
3.084;99.024;95.753;99.974
3.085;99.024;95.754;99.974
3.086;99.024;95.754;99.974
3.087;99.024;95.755;99.974
3.088;99.024;95.755;99.974
3.088;99.024;95.756;99.974
3.089;99.024;95.756;99.974
3.090;99.024;95.757;99.974
3.091;99.024;95.757;99.974
3.092;99.024;95.758;99.974
3.093;99.024;95.758;99.974
3.093;99.024;95.758;99.974
3.094;99.024;95.759;99.974
3.095;99.024;95.759;99.974
3.096;99.024;95.760;99.974
3.097;99.024;95.760;99.974
3.098;99.024;95.760;99.974
3.098;99.024;95.760;99.974
3.099;99.024;95.761;99.974
3.100;99.024;95.761;99.974
3.101;99.024;95.761;99.974
3.102;99.023;95.761;99.974
3.102;99.023;95.761;99.974
3.103;99.023;95.762;99.974
3.104;99.023;95.762;99.974
3.105;99.023;95.762;99.974
3.106;99.023;95.762;99.974
3.107;99.022;95.762;99.974
3.107;99.022;95.762;99.974
3.108;99.022;95.762;99.974
3.109;99.023;95.762;99.974
3.110;99.023;95.762;99.974
3.111;99.023;95.762;99.974
3.112;99.023;95.762;99.974
3.113;99.023;95.762;99.974
3.113;99.023;95.762;99.974
3.114;99.023;95.762;99.974
3.115;99.022;95.762;99.974
3.116;99.022;95.762;99.974
3.117;99.022;95.761;99.974
3.117;99.022;95.761;99.974
3.118;99.022;95.761;99.974
3.119;99.022;95.761;99.974
3.120;99.021;95.761;99.974
3.121;99.021;95.761;99.974
3.122;99.021;95.760;99.974
3.122;99.021;95.760;99.974
3.123;99.021;95.760;99.974
3.124;99.020;95.760;99.974
3.125;99.020;95.759;99.974
3.126;99.020;95.759;99.974
3.127;99.020;95.759;99.974
3.128;99.019;95.758;99.974
3.128;99.019;95.758;99.973
3.129;99.019;95.758;99.973
3.130;99.019;95.757;99.973
3.131;99.019;95.757;99.973
3.132;99.019;95.756;99.973
3.133;99.019;95.756;99.973
3.133;99.019;95.756;99.973
3.134;99.019;95.756;99.973
3.135;99.019;95.756;99.973
3.136;99.019;95.756;99.973
3.137;99.019;95.755;99.973
3.137;99.019;95.755;99.973
3.138;99.019;95.755;99.973
3.139;99.019;95.754;99.973
3.140;99.019;95.754;99.973
3.141;99.019;95.754;99.973
3.142;99.019;95.753;99.973
3.143;99.019;95.753;99.973
3.143;99.019;95.752;99.973
3.144;99.019;95.752;99.973
3.145;99.019;95.752;99.973
3.146;99.019;95.751;99.973
3.147;99.018;95.751;99.973
3.148;99.018;95.750;99.973
3.148;99.018;95.749;99.973
3.149;99.018;95.749;99.973
3.150;99.018;95.748;99.973
3.151;99.017;95.748;99.973
3.152;99.017;95.747;99.973
3.152;99.017;95.746;99.973
3.153;99.017;95.746;99.973
3.154;99.016;95.745;99.973
3.155;99.016;95.744;99.973
3.156;99.016;95.743;99.973
3.157;99.016;95.743;99.973
3.157;99.015;95.742;99.973
3.158;99.015;95.741;99.973
3.159;99.015;95.740;99.973
3.160;99.014;95.739;99.973
3.161;99.014;95.738;99.973
3.162;99.014;95.737;99.973
3.162;99.014;95.737;99.973
3.163;99.013;95.736;99.973
3.164;99.013;95.735;99.973
3.165;99.013;95.734;99.973
3.166;99.012;95.733;99.973
3.167;99.012;95.732;99.973
3.168;99.012;95.731;99.973
3.168;99.012;95.730;99.973
3.169;99.012;95.728;99.973
3.170;99.011;95.727;99.973
3.171;99.011;95.726;99.973
3.172;99.011;95.725;99.973
3.172;99.011;95.724;99.973
3.173;99.011;95.723;99.973
3.174;99.010;95.722;99.973
3.175;99.010;95.720;99.973
3.176;99.010;95.720;99.973
3.177;99.010;95.720;99.973
3.177;99.009;95.720;99.973
3.178;99.009;95.720;99.973
3.179;99.009;95.720;99.973
3.180;99.009;95.720;99.973
3.181;99.008;95.720;99.973
3.182;99.008;95.719;99.973
3.183;99.008;95.719;99.973
3.183;99.008;95.719;99.973
3.184;99.007;95.719;99.973
3.185;99.007;95.719;99.973
3.186;99.007;95.719;99.973
3.187;99.007;95.719;99.973
3.188;99.006;95.719;99.973
3.188;99.006;95.719;99.973
3.189;99.006;95.718;99.973
3.190;99.006;95.718;99.973
3.191;99.005;95.718;99.973
3.192;99.005;95.718;99.973
3.192;99.005;95.718;99.973
3.193;99.005;95.718;99.973
3.194;99.004;95.717;99.973
3.195;99.004;95.717;99.973
3.196;99.004;95.717;99.973
3.197;99.003;95.717;99.973
3.198;99.003;95.717;99.973
3.198;99.002;95.716;99.973
3.199;99.002;95.716;99.973
3.200;99.001;95.716;99.973
3.201;99.001;95.716;99.973
3.202;99.000;95.716;99.973
3.203;99.000;95.715;99.973
3.203;98.999;95.715;99.973
3.204;98.999;95.715;99.973
3.205;98.998;95.715;99.973
3.206;98.998;95.714;99.972
3.207;98.997;95.714;99.972
3.207;98.997;95.714;99.972
3.208;98.996;95.713;99.972
3.209;98.996;95.713;99.972
3.210;98.995;95.713;99.972
3.211;98.995;95.713;99.972
3.212;98.994;95.712;99.972
3.213;98.993;95.712;99.972
3.213;98.993;95.712;99.972
3.214;98.992;95.711;99.972
3.215;98.992;95.711;99.972
3.216;98.991;95.711;99.972
3.217;98.991;95.710;99.972
3.218;98.990;95.710;99.972
3.218;98.990;95.710;99.972
3.219;98.989;95.709;99.972
3.220;98.989;95.709;99.972
3.221;98.988;95.709;99.972
3.222;98.988;95.708;99.972
3.223;98.987;95.708;99.972
3.223;98.987;95.708;99.972
3.224;98.987;95.707;99.972
3.225;98.986;95.707;99.972
3.226;98.986;95.707;99.972
3.227;98.986;95.706;99.972
3.227;98.986;95.706;99.972
3.228;98.985;95.705;99.972
3.229;98.985;95.705;99.972
3.230;98.985;95.705;99.972
3.231;98.984;95.704;99.972
3.232;98.984;95.704;99.972
3.232;98.984;95.703;99.972
3.233;98.983;95.703;99.972
3.234;98.983;95.703;99.972
3.235;98.982;95.702;99.972
3.236;98.981;95.702;99.972
3.237;98.981;95.701;99.972
3.238;98.980;95.701;99.972
3.238;98.979;95.700;99.972
3.239;98.979;95.700;99.972
3.240;98.978;95.698;99.972
3.241;98.978;95.695;99.972
3.242;98.977;95.693;99.972
3.242;98.977;95.690;99.972
3.243;98.976;95.687;99.972
3.244;98.976;95.685;99.972
3.245;98.975;95.682;99.972
3.246;98.975;95.679;99.972
3.247;98.974;95.676;99.972
3.247;98.974;95.674;99.972
3.248;98.973;95.671;99.972
3.249;98.973;95.668;99.972
3.250;98.972;95.666;99.972
3.251;98.972;95.663;99.972
3.252;98.971;95.660;99.972
3.253;98.971;95.657;99.972
3.253;98.970;95.655;99.972
3.254;98.970;95.652;99.972
3.255;98.969;95.649;99.972
3.256;98.969;95.647;99.972
3.257;98.968;95.644;99.972
3.258;98.968;95.641;99.972
3.258;98.967;95.638;99.972
3.259;98.966;95.636;99.971
3.260;98.966;95.633;99.971
3.261;98.965;95.630;99.971
3.262;98.965;95.627;99.971
3.262;98.964;95.625;99.971
3.263;98.963;95.622;99.971
3.264;98.963;95.619;99.971
3.265;98.962;95.617;99.971
3.266;98.961;95.614;99.971
3.267;98.961;95.611;99.971
3.268;98.960;95.608;99.971
3.268;98.959;95.606;99.971
3.269;98.959;95.603;99.971
3.270;98.958;95.600;99.971
3.271;98.958;95.597;99.971
3.272;98.957;95.595;99.971
3.273;98.957;95.592;99.971
3.273;98.956;95.589;99.971
3.274;98.956;95.586;99.971
3.275;98.955;95.584;99.971
3.276;98.955;95.581;99.971
3.277;98.955;95.578;99.971
3.277;98.954;95.576;99.971
3.278;98.954;95.573;99.971
3.279;98.953;95.570;99.971
3.280;98.953;95.567;99.971
3.281;98.952;95.565;99.971
3.282;98.952;95.562;99.971
3.282;98.951;95.559;99.971
3.283;98.951;95.556;99.971
3.284;98.950;95.554;99.971
3.285;98.950;95.551;99.971
3.286;98.949;95.548;99.971
3.287;98.949;95.545;99.971
3.287;98.948;95.543;99.971
3.288;98.948;95.540;99.971
3.289;98.947;95.537;99.971
3.290;98.947;95.535;99.971
3.291;98.946;95.532;99.971
3.292;98.946;95.529;99.971
3.293;98.945;95.527;99.971
3.293;98.945;95.525;99.971
3.294;98.945;95.523;99.971
3.295;98.944;95.522;99.971
3.296;98.944;95.520;99.971
3.297;98.943;95.518;99.971
3.297;98.943;95.517;99.971
3.298;98.942;95.515;99.971
3.299;98.942;95.513;99.971
3.300;98.941;95.512;99.971
3.301;98.941;95.510;99.970
3.302;98.940;95.508;99.970
3.302;98.940;95.507;99.970
3.303;98.939;95.505;99.970
3.304;98.939;95.503;99.970
3.305;98.938;95.502;99.970
3.306;98.938;95.500;99.970
3.307;98.937;95.498;99.970
3.308;98.937;95.497;99.970
3.308;98.936;95.495;99.970
3.309;98.936;95.493;99.970
3.310;98.935;95.492;99.970
3.311;98.935;95.490;99.970
3.312;98.934;95.488;99.970
3.312;98.934;95.487;99.970
3.313;98.933;95.485;99.970
3.314;98.933;95.483;99.970
3.315;98.932;95.482;99.970
3.316;98.932;95.480;99.970
3.317;98.931;95.478;99.970
3.317;98.931;95.476;99.970
3.318;98.930;95.475;99.970
3.319;98.930;95.473;99.970
3.320;98.929;95.471;99.970
3.321;98.929;95.470;99.970
3.322;98.928;95.468;99.970
3.323;98.927;95.466;99.970
3.323;98.926;95.465;99.970
3.324;98.925;95.463;99.970
3.325;98.924;95.461;99.970
3.326;98.923;95.459;99.970
3.327;98.922;95.458;99.970
3.328;98.921;95.456;99.970
3.328;98.920;95.454;99.970
3.329;98.919;95.453;99.970
3.330;98.918;95.451;99.970
3.331;98.917;95.449;99.970
3.332;98.916;95.448;99.970
3.332;98.916;95.446;99.970
3.333;98.915;95.444;99.970
3.334;98.915;95.442;99.970
3.335;98.914;95.441;99.970
3.336;98.914;95.439;99.970
3.337;98.913;95.437;99.970
3.338;98.913;95.436;99.970
3.338;98.912;95.434;99.970
3.339;98.912;95.432;99.970
3.340;98.911;95.431;99.969
3.341;98.911;95.429;99.969
3.342;98.911;95.427;99.969
3.343;98.910;95.425;99.969
3.343;98.910;95.424;99.969
3.344;98.909;95.422;99.969
3.345;98.909;95.420;99.969
3.346;98.908;95.419;99.969
3.347;98.908;95.417;99.969
3.348;98.908;95.415;99.969
3.348;98.907;95.414;99.969
3.349;98.907;95.412;99.969
3.350;98.906;95.410;99.969
3.351;98.906;95.408;99.969
3.352;98.905;95.407;99.969
3.352;98.905;95.405;99.969
3.353;98.904;95.403;99.969
3.354;98.903;95.402;99.969
3.355;98.903;95.400;99.969
3.356;98.902;95.398;99.969
3.357;98.902;95.397;99.969
3.357;98.901;95.395;99.969
3.358;98.900;95.393;99.969
3.359;98.900;95.391;99.969
3.360;98.899;95.390;99.969
3.361;98.899;95.388;99.969
3.362;98.898;95.386;99.969
3.363;98.897;95.385;99.969
3.363;98.897;95.383;99.969
3.364;98.896;95.381;99.969
3.365;98.896;95.380;99.969
3.366;98.895;95.378;99.969
3.367;98.895;95.376;99.969
3.367;98.895;95.375;99.969
3.368;98.894;95.373;99.969
3.369;98.894;95.371;99.969
3.370;98.894;95.370;99.969
3.371;98.893;95.368;99.969
3.372;98.893;95.366;99.969
3.372;98.892;95.365;99.969
3.373;98.892;95.363;99.969
3.374;98.892;95.361;99.969
3.375;98.891;95.360;99.969
3.376;98.891;95.358;99.969
3.377;98.891;95.356;99.968
3.378;98.890;95.355;99.968
3.378;98.890;95.353;99.968
3.379;98.890;95.351;99.968
3.380;98.889;95.350;99.968
3.381;98.889;95.348;99.968
3.382;98.888;95.347;99.968
3.383;98.888;95.345;99.968
3.383;98.887;95.343;99.968
3.384;98.887;95.342;99.968
3.385;98.886;95.340;99.968
3.386;98.885;95.338;99.968
3.387;98.885;95.337;99.968
3.387;98.884;95.335;99.968
3.388;98.884;95.332;99.968
3.389;98.883;95.330;99.968
3.390;98.883;95.328;99.968
3.391;98.882;95.325;99.968
3.392;98.882;95.323;99.968
3.393;98.881;95.321;99.968
3.393;98.880;95.318;99.968
3.394;98.880;95.316;99.968
3.395;98.879;95.314;99.968
3.396;98.878;95.311;99.968
3.397;98.878;95.309;99.968
3.398;98.877;95.306;99.968
3.398;98.876;95.304;99.968
3.399;98.876;95.302;99.968
3.400;98.875;95.299;99.968
3.401;98.874;95.297;99.968
3.402;98.874;95.295;99.968
3.402;98.873;95.293;99.968
3.403;98.873;95.290;99.968
3.404;98.872;95.288;99.968
3.405;98.871;95.286;99.968
3.406;98.871;95.283;99.968
3.407;98.870;95.281;99.968
3.407;98.869;95.279;99.968
3.408;98.869;95.276;99.968
3.409;98.868;95.274;99.968
3.410;98.867;95.272;99.968
3.411;98.867;95.269;99.968
3.412;98.866;95.267;99.967
3.412;98.866;95.265;99.967
3.413;98.865;95.262;99.967
3.414;98.864;95.260;99.967
3.415;98.864;95.258;99.967
3.416;98.863;95.256;99.967
3.417;98.862;95.253;99.967
3.418;98.862;95.251;99.967
3.418;98.861;95.249;99.967
3.419;98.860;95.246;99.967
3.420;98.860;95.244;99.967
3.421;98.859;95.242;99.967
3.422;98.859;95.240;99.967
3.422;98.858;95.237;99.967
3.423;98.857;95.235;99.967
3.424;98.856;95.233;99.967
3.425;98.856;95.230;99.967
3.426;98.855;95.228;99.967
3.427;98.854;95.226;99.967
3.427;98.854;95.224;99.967
3.428;98.853;95.221;99.967
3.429;98.852;95.219;99.967
3.430;98.851;95.217;99.967
3.431;98.851;95.215;99.967
3.432;98.850;95.212;99.967
3.433;98.849;95.210;99.967
3.433;98.849;95.208;99.967
3.434;98.848;95.206;99.967
3.435;98.847;95.203;99.967
3.436;98.846;95.201;99.967
3.437;98.846;95.199;99.967
3.438;98.845;95.197;99.967
3.438;98.844;95.194;99.967
3.439;98.844;95.192;99.967
3.440;98.843;95.190;99.967
3.441;98.842;95.188;99.967
3.442;98.842;95.186;99.967
3.442;98.841;95.183;99.967
3.443;98.840;95.181;99.967
3.444;98.840;95.179;99.967
3.445;98.839;95.177;99.967
3.446;98.838;95.175;99.966
3.447;98.838;95.172;99.966
3.448;98.837;95.170;99.966
3.448;98.836;95.168;99.966
3.449;98.835;95.166;99.966
3.450;98.835;95.164;99.966
3.451;98.834;95.161;99.966
3.452;98.833;95.159;99.966
3.453;98.833;95.157;99.966
3.453;98.832;95.155;99.966
3.454;98.831;95.153;99.966
3.455;98.831;95.151;99.966
3.456;98.830;95.148;99.966
3.457;98.829;95.146;99.966
3.457;98.829;95.144;99.966
3.458;98.828;95.142;99.966
3.459;98.827;95.140;99.966
3.460;98.827;95.138;99.966
3.461;98.826;95.135;99.966
3.462;98.825;95.133;99.966
3.463;98.825;95.131;99.966
3.463;98.824;95.129;99.966
3.464;98.823;95.127;99.966
3.465;98.823;95.125;99.966
3.466;98.822;95.123;99.966
3.467;98.821;95.121;99.966
3.468;98.821;95.119;99.966
3.468;98.820;95.116;99.966
3.469;98.820;95.115;99.966
3.470;98.819;95.113;99.966
3.471;98.818;95.112;99.966
3.472;98.818;95.110;99.966
3.473;98.817;95.109;99.966
3.473;98.816;95.108;99.966
3.474;98.816;95.106;99.966
3.475;98.815;95.105;99.966
3.476;98.814;95.104;99.966
3.477;98.814;95.102;99.966
3.477;98.813;95.101;99.966
3.478;98.813;95.099;99.966
3.479;98.812;95.098;99.966
3.480;98.811;95.097;99.965
3.481;98.811;95.095;99.965
3.482;98.810;95.094;99.965
3.482;98.809;95.090;99.965
3.483;98.809;95.086;99.965
3.484;98.808;95.081;99.965
3.485;98.808;95.077;99.965
3.486;98.807;95.073;99.965
3.487;98.806;95.071;99.965
3.488;98.806;95.069;99.965
3.488;98.805;95.066;99.965
3.489;98.804;95.064;99.965
3.490;98.804;95.062;99.965
3.491;98.803;95.060;99.965
3.492;98.803;95.058;99.965
3.492;98.802;95.056;99.965
3.493;98.801;95.054;99.965
3.494;98.801;95.052;99.965
3.495;98.800;95.050;99.965
3.496;98.800;95.048;99.965
3.497;98.799;95.046;99.965
3.497;98.798;95.044;99.965
3.498;98.798;95.042;99.965
3.499;98.797;95.041;99.965
3.500;98.797;95.039;99.965