time;median ;l_ci;u_ci
-24.000;25.440;13.816;42.145
-23.980;25.457;13.827;42.170
-23.960;25.475;13.838;42.195
-23.940;25.492;13.849;42.220
-23.920;25.509;13.860;42.245
-23.900;25.527;13.872;42.270
-23.880;25.544;13.883;42.295
-23.860;25.561;13.894;42.321
-23.840;25.579;13.905;42.346
-23.820;25.596;13.916;42.371
-23.800;25.614;13.927;42.396
-23.780;25.631;13.939;42.422
-23.760;25.649;13.950;42.447
-23.740;25.666;13.961;42.472
-23.720;25.684;13.972;42.498
-23.700;25.701;13.984;42.523
-23.680;25.719;13.995;42.548
-23.660;25.736;14.006;42.574
-23.640;25.754;14.018;42.599
-23.620;25.772;14.029;42.624
-23.600;25.789;14.040;42.650
-23.580;25.807;14.052;42.675
-23.560;25.825;14.063;42.701
-23.540;25.842;14.075;42.726
-23.520;25.860;14.086;42.752
-23.500;25.878;14.098;42.777
-23.480;25.896;14.109;42.803
-23.460;25.913;14.121;42.828
-23.440;25.931;14.132;42.854
-23.420;25.949;14.144;42.879
-23.400;25.967;14.155;42.905
-23.380;25.985;14.167;42.930
-23.360;26.002;14.178;42.956
-23.340;26.020;14.190;42.982
-23.320;26.038;14.202;43.007
-23.300;26.056;14.213;43.033
-23.280;26.074;14.225;43.059
-23.260;26.092;14.237;43.084
-23.240;26.110;14.248;43.110
-23.220;26.128;14.260;43.136
-23.200;26.146;14.272;43.161
-23.180;26.164;14.284;43.187
-23.160;26.182;14.295;43.213
-23.140;26.200;14.307;43.239
-23.120;26.218;14.319;43.265
-23.100;26.237;14.331;43.290
-23.080;26.255;14.343;43.316
-23.060;26.273;14.354;43.342
-23.040;26.291;14.366;43.368
-23.020;26.309;14.378;43.394
-23.000;26.327;14.390;43.420
-22.980;26.346;14.402;43.446
-22.960;26.364;14.414;43.472
-22.940;26.382;14.426;43.498
-22.920;26.400;14.438;43.524
-22.900;26.419;14.450;43.550
-22.880;26.437;14.462;43.576
-22.860;26.455;14.474;43.602
-22.840;26.474;14.486;43.628
-22.820;26.492;14.498;43.654
-22.800;26.511;14.510;43.680
-22.780;26.529;14.522;43.706
-22.760;26.548;14.535;43.732
-22.740;26.566;14.547;43.758
-22.720;26.585;14.559;43.784
-22.700;26.603;14.571;43.811
-22.680;26.622;14.583;43.837
-22.660;26.640;14.596;43.863
-22.640;26.659;14.608;43.889
-22.620;26.677;14.620;43.915
-22.600;26.696;14.632;43.942
-22.580;26.715;14.645;43.968
-22.560;26.733;14.657;43.994
-22.540;26.752;14.669;44.021
-22.520;26.771;14.682;44.047
-22.500;26.789;14.694;44.073
-22.480;26.808;14.707;44.100
-22.460;26.827;14.719;44.126
-22.440;26.846;14.731;44.152
-22.420;26.864;14.744;44.179
-22.400;26.883;14.756;44.205
-22.380;26.902;14.769;44.232
-22.360;26.921;14.782;44.258
-22.340;26.940;14.795;44.285
-22.320;26.959;14.808;44.311
-22.300;26.978;14.821;44.338
-22.280;26.997;14.835;44.364
-22.260;27.016;14.848;44.391
-22.240;27.035;14.861;44.417
-22.220;27.054;14.874;44.444
-22.200;27.073;14.887;44.470
-22.180;27.092;14.900;44.497
-22.160;27.111;14.914;44.524
-22.140;27.130;14.927;44.550
-22.120;27.149;14.940;44.577
-22.100;27.168;14.953;44.604
-22.080;27.187;14.967;44.630
-22.060;27.207;14.980;44.657
-22.040;27.226;14.993;44.684
-22.020;27.245;15.007;44.711
-22.000;27.264;15.020;44.737
-21.980;27.284;15.034;44.764
-21.960;27.303;15.047;44.791
-21.940;27.322;15.060;44.818
-21.920;27.342;15.074;44.845
-21.900;27.361;15.087;44.871
-21.880;27.380;15.101;44.898
-21.860;27.400;15.115;44.925
-21.840;27.419;15.128;44.952
-21.820;27.439;15.142;44.979
-21.800;27.458;15.155;45.006
-21.780;27.478;15.169;45.033
-21.760;27.497;15.183;45.060
-21.740;27.517;15.196;45.087
-21.720;27.536;15.210;45.114
-21.700;27.556;15.224;45.141
-21.680;27.576;15.238;45.168
-21.660;27.595;15.252;45.195
-21.640;27.615;15.265;45.222
-21.620;27.635;15.279;45.249
-21.600;27.654;15.293;45.277
-21.580;27.674;15.307;45.304
-21.560;27.694;15.321;45.331
-21.540;27.714;15.335;45.358
-21.520;27.733;15.349;45.385
-21.500;27.753;15.363;45.413
-21.480;27.773;15.377;45.440
-21.460;27.793;15.391;45.467
-21.440;27.813;15.405;45.494
-21.420;27.832;15.419;45.522
-21.400;27.852;15.433;45.549
-21.380;27.872;15.447;45.576
-21.360;27.892;15.462;45.604
-21.340;27.912;15.476;45.631
-21.320;27.932;15.490;45.658
-21.300;27.952;15.504;45.686
-21.280;27.972;15.519;45.713
-21.260;27.992;15.533;45.741
-21.240;28.012;15.547;45.768
-21.220;28.032;15.561;45.796
-21.200;28.052;15.576;45.823
-21.180;28.072;15.590;45.851
-21.160;28.092;15.605;45.878
-21.140;28.112;15.619;45.906
-21.120;28.132;15.634;45.933
-21.100;28.153;15.648;45.961
-21.080;28.173;15.663;45.988
-21.060;28.193;15.677;46.016
-21.040;28.213;15.692;46.044
-21.020;28.234;15.706;46.071
-21.000;28.254;15.721;46.099
-20.980;28.274;15.736;46.127
-20.960;28.295;15.750;46.154
-20.940;28.315;15.765;46.182
-20.920;28.335;15.780;46.210
-20.900;28.356;15.795;46.238
-20.880;28.376;15.809;46.266
-20.860;28.397;15.824;46.293
-20.840;28.417;15.839;46.321
-20.820;28.437;15.854;46.349
-20.800;28.458;15.869;46.377
-20.780;28.478;15.884;46.405
-20.760;28.499;15.899;46.433
-20.740;28.520;15.914;46.461
-20.720;28.540;15.929;46.489
-20.700;28.561;15.944;46.517
-20.680;28.582;15.959;46.545
-20.660;28.602;15.974;46.573
-20.640;28.623;15.989;46.601
-20.620;28.644;16.004;46.629
-20.600;28.664;16.020;46.657
-20.580;28.685;16.035;46.685
-20.560;28.706;16.050;46.713
-20.540;28.727;16.065;46.741
-20.520;28.748;16.081;46.769
-20.500;28.768;16.096;46.797
-20.480;28.789;16.111;46.825
-20.460;28.810;16.127;46.854
-20.440;28.831;16.142;46.882
-20.420;28.852;16.158;46.910
-20.400;28.873;16.173;46.938
-20.380;28.894;16.189;46.967
-20.360;28.915;16.204;46.995
-20.340;28.936;16.220;47.023
-20.320;28.958;16.235;47.052
-20.300;28.979;16.251;47.080
-20.280;29.000;16.266;47.108
-20.260;29.021;16.282;47.137
-20.240;29.042;16.298;47.165
-20.220;29.063;16.314;47.193
-20.200;29.085;16.329;47.222
-20.180;29.106;16.345;47.250
-20.160;29.127;16.361;47.279
-20.140;29.149;16.377;47.307
-20.120;29.170;16.393;47.336
-20.100;29.191;16.409;47.364
-20.080;29.213;16.425;47.393
-20.060;29.234;16.441;47.422
-20.040;29.256;16.457;47.450
-20.020;29.277;16.473;47.479
-20.000;29.299;16.489;47.507
-19.980;29.321;16.505;47.536
-19.960;29.342;16.521;47.565
-19.940;29.364;16.537;47.594
-19.920;29.386;16.553;47.622
-19.900;29.408;16.570;47.651
-19.880;29.430;16.586;47.680
-19.860;29.451;16.602;47.709
-19.840;29.473;16.618;47.737
-19.820;29.495;16.635;47.766
-19.800;29.517;16.651;47.795
-19.780;29.539;16.668;47.824
-19.760;29.561;16.684;47.853
-19.740;29.583;16.700;47.882
-19.720;29.605;16.717;47.911
-19.700;29.627;16.734;47.940
-19.680;29.649;16.750;47.968
-19.660;29.672;16.767;47.997
-19.640;29.694;16.783;48.026
-19.620;29.716;16.800;48.055
-19.600;29.738;16.817;48.085
-19.580;29.760;16.833;48.114
-19.560;29.783;16.850;48.143
-19.540;29.805;16.867;48.172
-19.520;29.827;16.884;48.201
-19.500;29.849;16.901;48.230
-19.480;29.872;16.918;48.259
-19.460;29.894;16.935;48.288
-19.440;29.917;16.951;48.318
-19.420;29.939;16.968;48.347
-19.400;29.961;16.985;48.376
-19.380;29.984;17.003;48.405
-19.360;30.006;17.020;48.435
-19.340;30.029;17.037;48.464
-19.320;30.052;17.054;48.493
-19.300;30.074;17.071;48.523
-19.280;30.097;17.088;48.552
-19.260;30.119;17.106;48.581
-19.240;30.142;17.123;48.611
-19.220;30.165;17.140;48.640
-19.200;30.188;17.158;48.670
-19.180;30.210;17.175;48.699
-19.160;30.233;17.192;48.729
-19.140;30.256;17.210;48.758
-19.120;30.279;17.227;48.788
-19.100;30.302;17.245;48.817
-19.080;30.325;17.263;48.847
-19.060;30.348;17.280;48.876
-19.040;30.371;17.298;48.906
-19.020;30.394;17.315;48.936
-19.000;30.417;17.333;48.965
-18.980;30.440;17.351;48.995
-18.960;30.463;17.369;49.025
-18.940;30.486;17.387;49.054
-18.920;30.509;17.404;49.084
-18.900;30.532;17.422;49.114
-18.880;30.556;17.440;49.144
-18.860;30.579;17.458;49.173
-18.840;30.602;17.476;49.203
-18.820;30.626;17.494;49.233
-18.800;30.649;17.512;49.263
-18.780;30.672;17.530;49.293
-18.760;30.696;17.548;49.323
-18.740;30.719;17.567;49.353
-18.720;30.743;17.585;49.383
-18.700;30.766;17.603;49.413
-18.680;30.790;17.621;49.443
-18.660;30.813;17.640;49.473
-18.640;30.837;17.658;49.503
-18.620;30.861;17.677;49.533
-18.600;30.884;17.695;49.563
-18.580;30.908;17.713;49.593
-18.560;30.932;17.732;49.623
-18.540;30.956;17.750;49.653
-18.520;30.979;17.769;49.683
-18.500;31.003;17.788;49.714
-18.480;31.027;17.806;49.744
-18.460;31.051;17.825;49.774
-18.440;31.075;17.844;49.804
-18.420;31.099;17.863;49.834
-18.400;31.123;17.881;49.865
-18.380;31.147;17.900;49.895
-18.360;31.171;17.919;49.925
-18.340;31.195;17.938;49.956
-18.320;31.219;17.957;49.986
-18.300;31.244;17.976;50.017
-18.280;31.268;17.995;50.047
-18.260;31.292;18.014;50.077
-18.240;31.316;18.033;50.108
-18.220;31.341;18.052;50.138
-18.200;31.365;18.072;50.169
-18.180;31.389;18.091;50.199
-18.160;31.414;18.110;50.230
-18.140;31.438;18.130;50.261
-18.120;31.463;18.149;50.291
-18.100;31.487;18.168;50.322
-18.080;31.512;18.188;50.352
-18.060;31.536;18.207;50.383
-18.040;31.561;18.227;50.414
-18.020;31.586;18.246;50.445
-18.000;31.610;18.266;50.475
-17.980;31.635;18.286;50.506
-17.960;31.660;18.305;50.537
-17.940;31.685;18.325;50.568
-17.920;31.709;18.345;50.598
-17.900;31.734;18.365;50.629
-17.880;31.759;18.384;50.660
-17.860;31.784;18.404;50.691
-17.840;31.809;18.424;50.722
-17.820;31.834;18.444;50.753
-17.800;31.859;18.464;50.784
-17.780;31.884;18.484;50.815
-17.760;31.909;18.504;50.846
-17.740;31.935;18.525;50.877
-17.720;31.960;18.545;50.908
-17.700;31.985;18.565;50.939
-17.680;32.011;18.585;50.970
-17.660;32.036;18.606;51.001
-17.640;32.061;18.626;51.032
-17.620;32.087;18.646;51.064
-17.600;32.112;18.667;51.095
-17.580;32.138;18.687;51.126
-17.560;32.163;18.708;51.157
-17.540;32.189;18.728;51.188
-17.520;32.215;18.749;51.220
-17.500;32.240;18.770;51.251
-17.480;32.266;18.790;51.282
-17.460;32.292;18.811;51.314
-17.440;32.318;18.832;51.345
-17.420;32.344;18.853;51.376
-17.400;32.369;18.874;51.408
-17.380;32.395;18.895;51.439
-17.360;32.421;18.916;51.471
-17.340;32.447;18.937;51.502
-17.320;32.473;18.958;51.534
-17.300;32.499;18.979;51.565
-17.280;32.525;19.000;51.597
-17.260;32.552;19.021;51.628
-17.240;32.578;19.043;51.660
-17.220;32.604;19.064;51.692
-17.200;32.630;19.085;51.723
-17.180;32.656;19.107;51.755
-17.160;32.683;19.128;51.787
-17.140;32.709;19.149;51.818
-17.120;32.736;19.171;51.850
-17.100;32.762;19.193;51.882
-17.080;32.789;19.214;51.914
-17.060;32.815;19.236;51.945
-17.040;32.842;19.258;51.977
-17.020;32.868;19.279;52.009
-17.000;32.895;19.301;52.041
-16.980;32.922;19.323;52.073
-16.960;32.948;19.345;52.105
-16.940;32.975;19.367;52.137
-16.920;33.002;19.389;52.169
-16.900;33.029;19.411;52.201
-16.880;33.056;19.433;52.233
-16.860;33.083;19.455;52.265
-16.840;33.110;19.477;52.297
-16.820;33.137;19.500;52.329
-16.800;33.164;19.522;52.361
-16.780;33.191;19.544;52.393
-16.760;33.218;19.567;52.426
-16.740;33.245;19.589;52.458
-16.720;33.272;19.611;52.490
-16.700;33.299;19.634;52.522
-16.680;33.327;19.657;52.554
-16.660;33.354;19.679;52.587
-16.640;33.381;19.702;52.619
-16.620;33.409;19.725;52.651
-16.600;33.436;19.747;52.684
-16.580;33.464;19.770;52.716
-16.560;33.491;19.793;52.749
-16.540;33.519;19.816;52.781
-16.520;33.547;19.839;52.813
-16.500;33.574;19.862;52.846
-16.480;33.602;19.885;52.879
-16.460;33.630;19.908;52.911
-16.440;33.658;19.932;52.944
-16.420;33.686;19.955;52.976
-16.400;33.713;19.978;53.009
-16.380;33.741;20.001;53.041
-16.360;33.769;20.025;53.074
-16.340;33.797;20.048;53.107
-16.320;33.825;20.072;53.140
-16.300;33.854;20.095;53.172
-16.280;33.882;20.119;53.205
-16.260;33.910;20.143;53.238
-16.240;33.938;20.166;53.271
-16.220;33.966;20.190;53.303
-16.200;33.995;20.214;53.336
-16.180;34.023;20.238;53.369
-16.160;34.052;20.262;53.402
-16.140;34.080;20.286;53.435
-16.120;34.109;20.310;53.468
-16.100;34.137;20.334;53.501
-16.080;34.166;20.358;53.534
-16.060;34.194;20.382;53.567
-16.040;34.223;20.406;53.600
-16.020;34.252;20.431;53.633
-16.000;34.281;20.455;53.666
-15.980;34.309;20.479;53.699
-15.960;34.338;20.504;53.733
-15.940;34.367;20.528;53.766
-15.920;34.396;20.553;53.799
-15.900;34.425;20.578;53.832
-15.880;34.454;20.602;53.866
-15.860;34.483;20.627;53.899
-15.840;34.512;20.652;53.932
-15.820;34.542;20.677;53.966
-15.800;34.571;20.702;53.999
-15.780;34.600;20.727;54.032
-15.760;34.629;20.752;54.066
-15.740;34.659;20.777;54.099
-15.720;34.688;20.802;54.133
-15.700;34.718;20.827;54.166
-15.680;34.747;20.852;54.200
-15.660;34.777;20.878;54.233
-15.640;34.807;20.903;54.267
-15.620;34.836;20.929;54.300
-15.600;34.866;20.954;54.334
-15.580;34.896;20.980;54.368
-15.560;34.925;21.005;54.401
-15.540;34.955;21.031;54.435
-15.520;34.985;21.057;54.469
-15.500;35.015;21.082;54.503
-15.480;35.045;21.108;54.536
-15.460;35.075;21.134;54.570
-15.440;35.105;21.160;54.604
-15.420;35.136;21.186;54.638
-15.400;35.166;21.212;54.672
-15.380;35.196;21.238;54.706
-15.360;35.226;21.265;54.740
-15.340;35.257;21.291;54.774
-15.320;35.287;21.317;54.808
-15.300;35.318;21.344;54.842
-15.280;35.348;21.370;54.876
-15.260;35.379;21.397;54.910
-15.240;35.409;21.423;54.944
-15.220;35.440;21.450;54.978
-15.200;35.471;21.477;55.012
-15.180;35.501;21.503;55.047
-15.160;35.532;21.530;55.081
-15.140;35.563;21.557;55.115
-15.120;35.594;21.584;55.149
-15.100;35.625;21.611;55.184
-15.080;35.656;21.638;55.218
-15.060;35.687;21.665;55.252
-15.040;35.718;21.692;55.287
-15.020;35.749;21.720;55.321
-15.000;35.780;21.747;55.356
-14.980;35.812;21.774;55.390
-14.960;35.843;21.802;55.425
-14.940;35.874;21.829;55.459
-14.920;35.906;21.857;55.494
-14.900;35.937;21.885;55.528
-14.880;35.969;21.912;55.563
-14.860;36.000;21.940;55.598
-14.840;36.032;21.968;55.632
-14.820;36.064;21.996;55.667
-14.800;36.096;22.024;55.702
-14.780;36.127;22.052;55.736
-14.760;36.159;22.080;55.771
-14.740;36.191;22.108;55.806
-14.720;36.223;22.137;55.841
-14.700;36.255;22.165;55.876
-14.680;36.287;22.193;55.911
-14.660;36.319;22.222;55.945
-14.640;36.351;22.250;55.980
-14.620;36.384;22.279;56.015
-14.600;36.416;22.307;56.050
-14.580;36.448;22.336;56.085
-14.560;36.481;22.365;56.120
-14.540;36.513;22.394;56.156
-14.520;36.546;22.423;56.191
-14.500;36.578;22.452;56.226
-14.480;36.611;22.481;56.261
-14.460;36.644;22.510;56.296
-14.440;36.676;22.539;56.331
-14.420;36.709;22.568;56.367
-14.400;36.742;22.598;56.402
-14.380;36.775;22.627;56.437
-14.360;36.808;22.657;56.473
-14.340;36.841;22.686;56.508
-14.320;36.874;22.716;56.543
-14.300;36.907;22.746;56.579
-14.280;36.940;22.775;56.614
-14.260;36.974;22.805;56.650
-14.240;37.007;22.835;56.685
-14.220;37.040;22.865;56.721
-14.200;37.074;22.895;56.757
-14.180;37.107;22.925;56.792
-14.160;37.141;22.956;56.828
-14.140;37.174;22.986;56.863
-14.120;37.208;23.016;56.899
-14.100;37.242;23.047;56.935
-14.080;37.276;23.077;56.971
-14.060;37.309;23.108;57.006
-14.040;37.343;23.138;57.042
-14.020;37.377;23.169;57.078
-14.000;37.411;23.200;57.114
-13.980;37.445;23.231;57.150
-13.960;37.479;23.262;57.186
-13.940;37.514;23.293;57.222
-13.920;37.548;23.324;57.258
-13.900;37.582;23.355;57.294
-13.880;37.617;23.386;57.330
-13.860;37.651;23.418;57.366
-13.840;37.686;23.449;57.402
-13.820;37.720;23.480;57.438
-13.800;37.755;23.512;57.475
-13.780;37.789;23.544;57.511
-13.760;37.824;23.575;57.547
-13.740;37.859;23.607;57.583
-13.720;37.894;23.639;57.620
-13.700;37.929;23.671;57.656
-13.680;37.964;23.703;57.692
-13.660;37.999;23.735;57.729
-13.640;38.034;23.767;57.765
-13.620;38.069;23.800;57.802
-13.600;38.104;23.832;57.838
-13.580;38.140;23.864;57.875
-13.560;38.175;23.897;57.911
-13.540;38.211;23.929;57.948
-13.520;38.246;23.962;57.984
-13.500;38.282;23.995;58.021
-13.480;38.317;24.028;58.058
-13.460;38.353;24.061;58.094
-13.440;38.389;24.094;58.131
-13.420;38.425;24.127;58.168
-13.400;38.461;24.160;58.205
-13.380;38.496;24.193;58.242
-13.360;38.533;24.226;58.278
-13.340;38.569;24.260;58.315
-13.320;38.605;24.293;58.352
-13.300;38.641;24.327;58.389
-13.280;38.677;24.360;58.426
-13.260;38.714;24.394;58.463
-13.240;38.750;24.428;58.500
-13.220;38.787;24.462;58.537
-13.200;38.823;24.496;58.574
-13.180;38.860;24.530;58.612
-13.160;38.896;24.564;58.649
-13.140;38.933;24.598;58.686
-13.120;38.970;24.633;58.723
-13.100;39.007;24.667;58.761
-13.080;39.044;24.702;58.798
-13.060;39.081;24.736;58.835
-13.040;39.118;24.771;58.873
-13.020;39.155;24.806;58.910
-13.000;39.193;24.840;58.947
-12.980;39.230;24.875;58.985
-12.960;39.268;24.910;59.022
-12.940;39.305;24.945;59.060
-12.920;39.343;24.981;59.098
-12.900;39.381;25.016;59.135
-12.880;39.418;25.051;59.173
-12.860;39.456;25.087;59.211
-12.840;39.494;25.122;59.248
-12.820;39.532;25.158;59.286
-12.800;39.570;25.194;59.324
-12.780;39.609;25.230;59.362
-12.760;39.647;25.265;59.399
-12.740;39.685;25.301;59.437
-12.720;39.723;25.338;59.475
-12.700;39.761;25.374;59.513
-12.680;39.799;25.410;59.551
-12.660;39.838;25.446;59.589
-12.640;39.876;25.483;59.627
-12.620;39.915;25.519;59.665
-12.600;39.953;25.556;59.703
-12.580;39.992;25.593;59.742
-12.560;40.031;25.630;59.780
-12.540;40.070;25.667;59.818
-12.520;40.108;25.704;59.856
-12.500;40.147;25.741;59.894
-12.480;40.186;25.778;59.933
-12.460;40.225;25.815;59.971
-12.440;40.264;25.853;60.010
-12.420;40.304;25.890;60.048
-12.400;40.343;25.928;60.086
-12.380;40.382;25.965;60.125
-12.360;40.422;26.003;60.163
-12.340;40.461;26.041;60.202
-12.320;40.501;26.079;60.241
-12.300;40.541;26.117;60.279
-12.280;40.581;26.155;60.318
-12.260;40.621;26.194;60.357
-12.240;40.661;26.232;60.395
-12.220;40.701;26.270;60.434
-12.200;40.741;26.309;60.473
-12.180;40.781;26.348;60.512
-12.160;40.822;26.386;60.551
-12.140;40.862;26.425;60.590
-12.120;40.902;26.464;60.629
-12.100;40.943;26.503;60.667
-12.080;40.984;26.543;60.707
-12.060;41.024;26.582;60.746
-12.040;41.065;26.621;60.785
-12.020;41.106;26.661;60.824
-12.000;41.147;26.700;60.863
-11.980;41.188;26.740;60.902
-11.960;41.229;26.780;60.941
-11.940;41.270;26.820;60.981
-11.920;41.312;26.860;61.020
-11.900;41.353;26.900;61.059
-11.880;41.395;26.940;61.099
-11.860;41.436;26.980;61.138
-11.840;41.478;27.021;61.178
-11.820;41.519;27.061;61.217
-11.800;41.561;27.102;61.257
-11.780;41.603;27.142;61.296
-11.760;41.645;27.183;61.336
-11.740;41.687;27.224;61.375
-11.720;41.729;27.265;61.415
-11.700;41.771;27.306;61.455
-11.680;41.813;27.348;61.495
-11.660;41.856;27.389;61.534
-11.640;41.898;27.430;61.574
-11.620;41.941;27.472;61.614
-11.600;41.983;27.514;61.654
-11.580;42.026;27.556;61.694
-11.560;42.069;27.597;61.734
-11.540;42.112;27.639;61.774
-11.520;42.155;27.682;61.814
-11.500;42.198;27.724;61.854
-11.480;42.241;27.766;61.894
-11.460;42.284;27.809;61.934
-11.440;42.327;27.851;61.974
-11.420;42.371;27.894;62.015
-11.400;42.414;27.937;62.055
-11.380;42.458;27.980;62.095
-11.360;42.501;28.023;62.136
-11.340;42.545;28.066;62.176
-11.320;42.589;28.109;62.216
-11.300;42.633;28.152;62.257
-11.280;42.677;28.196;62.297
-11.260;42.721;28.239;62.338
-11.240;42.765;28.283;62.379
-11.220;42.809;28.327;62.419
-11.200;42.854;28.371;62.460
-11.180;42.898;28.415;62.501
-11.160;42.943;28.459;62.541
-11.140;42.987;28.503;62.582
-11.120;43.032;28.548;62.623
-11.100;43.077;28.589;62.664
-11.080;43.122;28.631;62.705
-11.060;43.167;28.673;62.746
-11.040;43.212;28.714;62.787
-11.020;43.256;28.756;62.828
-11.000;43.301;28.798;62.869
-10.980;43.346;28.840;62.910
-10.960;43.392;28.883;62.951
-10.940;43.437;28.925;62.992
-10.920;43.482;28.967;63.033
-10.900;43.527;29.010;63.075
-10.880;43.573;29.052;63.116
-10.860;43.619;29.095;63.157
-10.840;43.664;29.138;63.199
-10.820;43.710;29.181;63.240
-10.800;43.756;29.224;63.281
-10.780;43.802;29.267;63.323
-10.760;43.848;29.311;63.365
-10.740;43.894;29.354;63.406
-10.720;43.940;29.398;63.448
-10.700;43.986;29.441;63.489
-10.680;44.032;29.485;63.531
-10.660;44.078;29.529;63.573
-10.640;44.125;29.573;63.615
-10.620;44.171;29.617;63.657
-10.600;44.218;29.661;63.698
-10.580;44.264;29.705;63.740
-10.560;44.311;29.750;63.782
-10.540;44.358;29.794;63.824
-10.520;44.405;29.839;63.866
-10.500;44.452;29.884;63.908
-10.480;44.499;29.929;63.951
-10.460;44.546;29.974;63.993
-10.440;44.593;30.019;64.035
-10.420;44.641;30.064;64.077
-10.400;44.688;30.110;64.119
-10.380;44.736;30.155;64.162
-10.360;44.783;30.201;64.204
-10.340;44.831;30.246;64.247
-10.320;44.879;30.292;64.289
-10.300;44.927;30.338;64.332
-10.280;44.975;30.384;64.374
-10.260;45.023;30.430;64.417
-10.240;45.071;30.477;64.459
-10.220;45.119;30.523;64.502
-10.200;45.167;30.570;64.545
-10.180;45.216;30.616;64.588
-10.160;45.264;30.663;64.630
-10.140;45.312;30.710;64.673
-10.120;45.361;30.757;64.716
-10.100;45.410;30.805;64.759
-10.080;45.459;30.852;64.802
-10.060;45.508;30.899;64.845
-10.040;45.557;30.947;64.888
-10.020;45.606;30.995;64.931
-10.000;45.655;31.042;64.975
-9.980;45.704;31.090;65.018
-9.960;45.754;31.138;65.061
-9.940;45.805;31.187;65.104
-9.920;45.855;31.235;65.148
-9.900;45.905;31.283;65.191
-9.880;45.956;31.332;65.235
-9.860;46.007;31.381;65.278
-9.840;46.057;31.429;65.322
-9.820;46.108;31.478;65.365
-9.800;46.159;31.527;65.409
-9.780;46.210;31.577;65.452
-9.760;46.262;31.626;65.496
-9.740;46.313;31.676;65.540
-9.720;46.365;31.725;65.584
-9.700;46.416;31.775;65.628
-9.680;46.468;31.825;65.672
-9.660;46.520;31.875;65.715
-9.640;46.571;31.925;65.759
-9.620;46.623;31.975;65.803
-9.600;46.676;32.026;65.848
-9.580;46.728;32.076;65.892
-9.560;46.780;32.127;65.936
-9.540;46.833;32.178;65.980
-9.520;46.885;32.229;66.024
-9.500;46.938;32.280;66.069
-9.480;46.991;32.331;66.113
-9.460;47.044;32.382;66.158
-9.440;47.097;32.434;66.202
-9.420;47.149;32.486;66.247
-9.400;47.202;32.537;66.291
-9.380;47.255;32.589;66.336
-9.360;47.308;32.641;66.380
-9.340;47.361;32.694;66.425
-9.320;47.414;32.746;66.470
-9.300;47.468;32.798;66.515
-9.280;47.521;32.851;66.560
-9.260;47.574;32.904;66.604
-9.240;47.627;32.959;66.649
-9.220;47.681;33.015;66.694
-9.200;47.734;33.071;66.739
-9.180;47.788;33.128;66.785
-9.160;47.842;33.185;66.830
-9.140;47.895;33.241;66.875
-9.120;47.949;33.298;66.920
-9.100;48.004;33.356;66.966
-9.080;48.058;33.413;67.011
-9.060;48.112;33.470;67.056
-9.040;48.167;33.528;67.102
-9.020;48.221;33.586;67.147
-9.000;48.276;33.644;67.193
-8.980;48.331;33.702;67.238
-8.960;48.386;33.760;67.284
-8.940;48.441;33.819;67.330
-8.920;48.496;33.877;67.376
-8.900;48.551;33.936;67.421
-8.880;48.606;33.995;67.467
-8.860;48.661;34.054;67.513
-8.840;48.716;34.113;67.559
-8.820;48.772;34.173;67.605
-8.800;48.828;34.232;67.651
-8.780;48.883;34.292;67.697
-8.760;48.939;34.352;67.744
-8.740;48.995;34.412;67.790
-8.720;49.051;34.472;67.836
-8.700;49.108;34.533;67.882
-8.680;49.164;34.594;67.929
-8.660;49.220;34.654;67.975
-8.640;49.277;34.715;68.022
-8.620;49.334;34.776;68.068
-8.600;49.391;34.838;68.115
-8.580;49.448;34.899;68.162
-8.560;49.505;34.961;68.208
-8.540;49.562;35.023;68.255
-8.520;49.619;35.085;68.302
-8.500;49.677;35.147;68.349
-8.480;49.735;35.209;68.396
-8.460;49.792;35.272;68.443
-8.440;49.851;35.334;68.490
-8.420;49.910;35.397;68.537
-8.400;49.968;35.460;68.584
-8.380;50.027;35.523;68.631
-8.360;50.086;35.587;68.678
-8.340;50.145;35.650;68.726
-8.320;50.205;35.714;68.773
-8.300;50.264;35.778;68.821
-8.280;50.324;35.842;68.868
-8.260;50.383;35.906;68.916
-8.240;50.443;35.971;68.963
-8.220;50.503;36.035;69.011
-8.200;50.563;36.100;69.059
-8.180;50.624;36.165;69.106
-8.160;50.684;36.231;69.154
-8.140;50.745;36.296;69.202
-8.120;50.805;36.362;69.250
-8.100;50.866;36.427;69.298
-8.080;50.927;36.493;69.346
-8.060;50.988;36.559;69.394
-8.040;51.049;36.626;69.442
-8.020;51.111;36.692;69.491
-8.000;51.172;36.759;69.539
-7.980;51.234;36.826;69.587
-7.960;51.296;36.894;69.636
-7.940;51.358;36.961;69.684
-7.920;51.420;37.029;69.733
-7.900;51.481;37.097;69.781
-7.880;51.542;37.165;69.830
-7.860;51.603;37.233;69.879
-7.840;51.664;37.301;69.927
-7.820;51.726;37.370;69.976
-7.800;51.787;37.439;70.025
-7.780;51.849;37.508;70.074
-7.760;51.910;37.577;70.123
-7.740;51.972;37.646;70.172
-7.720;52.034;37.716;70.221
-7.700;52.097;37.786;70.271
-7.680;52.160;37.856;70.320
-7.660;52.226;37.926;70.369
-7.640;52.292;37.996;70.419
-7.620;52.357;38.067;70.468
-7.600;52.423;38.138;70.518
-7.580;52.489;38.209;70.567
-7.560;52.556;38.280;70.617
-7.540;52.622;38.351;70.667
-7.520;52.689;38.423;70.716
-7.500;52.756;38.495;70.766
-7.480;52.822;38.567;70.816
-7.460;52.888;38.639;70.866
-7.440;52.954;38.711;70.916
-7.420;53.020;38.784;70.966
-7.400;53.086;38.857;71.016
-7.380;53.152;38.930;71.067
-7.360;53.218;39.003;71.117
-7.340;53.285;39.077;71.167
-7.320;53.351;39.150;71.218
-7.300;53.418;39.224;71.268
-7.280;53.485;39.299;71.319
-7.260;53.552;39.373;71.369
-7.240;53.619;39.447;71.420
-7.220;53.687;39.522;71.471
-7.200;53.754;39.597;71.522
-7.180;53.822;39.672;71.573
-7.160;53.890;39.748;71.623
-7.140;53.958;39.824;71.675
-7.120;54.026;39.899;71.726
-7.100;54.095;39.976;71.777
-7.080;54.163;40.052;71.828
-7.060;54.232;40.128;71.879
-7.040;54.301;40.205;71.931
-7.020;54.370;40.282;71.982
-7.000;54.439;40.359;72.034
-6.980;54.508;40.437;72.085
-6.960;54.578;40.514;72.137
-6.940;54.648;40.592;72.189
-6.920;54.717;40.670;72.241
-6.900;54.788;40.749;72.292
-6.880;54.858;40.827;72.344
-6.860;54.928;40.906;72.396
-6.840;54.999;40.985;72.448
-6.820;55.069;41.064;72.501
-6.800;55.140;41.144;72.553
-6.780;55.211;41.223;72.605
-6.760;55.283;41.303;72.658
-6.740;55.354;41.384;72.710
-6.720;55.426;41.464;72.763
-6.700;55.497;41.545;72.815
-6.680;55.569;41.626;72.868
-6.660;55.643;41.707;72.921
-6.640;55.715;41.788;72.973
-6.620;55.788;41.870;73.026
-6.600;55.861;41.951;73.079
-6.580;55.935;42.034;73.132
-6.560;56.008;42.116;73.186
-6.540;56.082;42.198;73.239
-6.520;56.156;42.281;73.292
-6.500;56.232;42.366;73.346
-6.480;56.308;42.452;73.399
-6.460;56.383;42.539;73.452
-6.440;56.458;42.626;73.506
-6.420;56.534;42.713;73.560
-6.400;56.610;42.801;73.614
-6.380;56.687;42.889;73.667
-6.360;56.764;42.977;73.721
-6.340;56.842;43.065;73.775
-6.320;56.919;43.154;73.829
-6.300;56.997;43.243;73.884
-6.280;57.075;43.332;73.938
-6.260;57.152;43.421;73.992
-6.240;57.230;43.511;74.047
-6.220;57.309;43.601;74.101
-6.200;57.387;43.691;74.156
-6.180;57.465;43.782;74.210
-6.160;57.544;43.873;74.265
-6.140;57.623;43.964;74.320
-6.120;57.702;44.055;74.375
-6.100;57.782;44.146;74.430
-6.080;57.861;44.238;74.485
-6.060;57.941;44.330;74.540
-6.040;58.021;44.423;74.596
-6.020;58.101;44.516;74.651
-6.000;58.181;44.609;74.706
-5.980;58.262;44.702;74.762
-5.960;58.343;44.795;74.817
-5.940;58.424;44.889;74.873
-5.920;58.505;44.983;74.929
-5.900;58.586;45.078;74.985
-5.880;58.668;45.172;75.041
-5.860;58.750;45.267;75.097
-5.840;58.832;45.362;75.153
-5.820;58.914;45.458;75.209
-5.800;58.997;45.554;75.266
-5.780;59.079;45.650;75.322
-5.760;59.160;45.746;75.378
-5.740;59.240;45.843;75.435
-5.720;59.321;45.940;75.492
-5.700;59.403;46.037;75.548
-5.680;59.487;46.135;75.605
-5.660;59.571;46.233;75.662
-5.640;59.656;46.331;75.719
-5.620;59.740;46.429;75.776
-5.600;59.825;46.528;75.834
-5.580;59.910;46.627;75.891
-5.560;59.994;46.726;75.948
-5.540;60.078;46.826;76.006
-5.520;60.162;46.923;76.063
-5.500;60.246;47.016;76.121
-5.480;60.328;47.109;76.179
-5.460;60.411;47.203;76.237
-5.440;60.494;47.296;76.295
-5.420;60.579;47.390;76.353
-5.400;60.664;47.484;76.411
-5.380;60.749;47.579;76.469
-5.360;60.836;47.674;76.528
-5.340;60.923;47.769;76.586
-5.320;61.010;47.864;76.645
-5.300;61.097;47.960;76.704
-5.280;61.184;48.056;76.763
-5.260;61.272;48.152;76.821
-5.240;61.360;48.248;76.880
-5.220;61.448;48.345;76.940
-5.200;61.537;48.442;76.999
-5.180;61.626;48.540;77.058
-5.160;61.716;48.637;77.118
-5.140;61.806;48.735;77.177
-5.120;61.896;48.841;77.237
-5.100;61.987;48.948;77.297
-5.080;62.077;49.056;77.357
-5.060;62.168;49.164;77.417
-5.040;62.260;49.272;77.477
-5.020;62.350;49.381;77.537
-5.000;62.440;49.490;77.597
-4.980;62.530;49.600;77.658
-4.960;62.620;49.709;77.718
-4.940;62.711;49.819;77.779
-4.920;62.801;49.925;77.840
-4.900;62.894;50.024;77.901
-4.880;62.988;50.123;77.962
-4.860;63.082;50.222;78.023
-4.840;63.177;50.321;78.084
-4.820;63.271;50.420;78.145
-4.800;63.366;50.520;78.207
-4.780;63.461;50.621;78.268
-4.760;63.556;50.721;78.330
-4.740;63.652;50.822;78.392
-4.720;63.748;50.923;78.454
-4.700;63.845;51.024;78.516
-4.680;63.942;51.126;78.578
-4.660;64.039;51.228;78.641
-4.640;64.137;51.330;78.703
-4.620;64.234;51.433;78.766
-4.600;64.332;51.536;78.828
-4.580;64.429;51.639;78.891
-4.560;64.526;51.742;78.954
-4.540;64.624;51.846;79.017
-4.520;64.722;51.951;79.080
-4.500;64.821;52.055;79.144
-4.480;64.919;52.160;79.207
-4.460;65.018;52.263;79.271
-4.440;65.117;52.370;79.334
-4.420;65.217;52.476;79.398
-4.400;65.316;52.582;79.462
-4.380;65.416;52.688;79.526
-4.360;65.516;52.795;79.591
-4.340;65.617;52.902;79.655
-4.320;65.718;53.009;79.720
-4.300;65.819;53.116;79.784
-4.280;65.920;53.225;79.849
-4.260;66.022;53.336;79.914
-4.240;66.124;53.448;79.979
-4.220;66.228;53.560;80.044
-4.200;66.331;53.672;80.110
-4.180;66.434;53.785;80.175
-4.160;66.538;53.898;80.241
-4.140;66.642;54.012;80.306
-4.120;66.743;54.125;80.372
-4.100;66.845;54.239;80.438
-4.080;66.946;54.354;80.505
-4.060;67.049;54.469;80.571
-4.040;67.151;54.584;80.637
-4.020;67.255;54.699;80.704
-4.000;67.360;54.815;80.771
-3.980;67.466;54.931;80.838
-3.960;67.572;55.048;80.905
-3.940;67.678;55.165;80.972
-3.920;67.784;55.282;81.040
-3.900;67.890;55.400;81.107
-3.880;67.997;55.518;81.175
-3.860;68.104;55.636;81.243
-3.840;68.211;55.755;81.309
-3.820;68.317;55.874;81.374
-3.800;68.425;55.993;81.439
-3.780;68.533;56.113;81.504
-3.760;68.642;56.233;81.569
-3.740;68.752;56.354;81.634
-3.720;68.861;56.475;81.699
-3.700;68.970;56.597;81.765
-3.680;69.077;56.719;81.831
-3.660;69.183;56.841;81.897
-3.640;69.290;56.964;81.963
-3.620;69.397;57.087;82.029
-3.600;69.508;57.210;82.095
-3.580;69.620;57.334;82.161
-3.560;69.733;57.458;82.228
-3.540;69.847;57.583;82.295
-3.520;69.961;57.708;82.362
-3.500;70.075;57.836;82.429
-3.480;70.189;57.969;82.496
-3.460;70.304;58.103;82.563
-3.440;70.419;58.237;82.631
-3.420;70.534;58.372;82.699
-3.400;70.649;58.507;82.766
-3.380;70.764;58.642;82.834
-3.360;70.878;58.778;82.903
-3.340;70.994;58.914;82.971
-3.320;71.109;59.051;83.039
-3.300;71.225;59.188;83.108
-3.280;71.341;59.326;83.177
-3.260;71.458;59.464;83.246
-3.240;71.575;59.603;83.315
-3.220;71.692;59.742;83.385
-3.200;71.810;59.882;83.457
-3.180;71.928;60.022;83.531
-3.160;72.047;60.162;83.606
-3.140;72.167;60.303;83.681
-3.120;72.287;60.445;83.756
-3.100;72.407;60.586;83.832
-3.080;72.528;60.729;83.907
-3.060;72.649;60.871;83.983
-3.040;72.770;61.015;84.059
-3.020;72.892;61.158;84.135
-3.000;73.014;61.302;84.212
-2.980;73.133;61.447;84.289
-2.960;73.253;61.592;84.365
-2.940;73.373;61.737;84.442
-2.920;73.493;61.883;84.520
-2.900;73.614;62.030;84.597
-2.880;73.735;62.176;84.675
-2.860;73.859;62.324;84.753
-2.840;73.983;62.472;84.831
-2.820;74.106;62.620;84.909
-2.800;74.229;62.772;84.988
-2.780;74.352;62.924;85.067
-2.760;74.478;63.076;85.146
-2.740;74.606;63.229;85.225
-2.720;74.735;63.383;85.304
-2.700;74.864;63.537;85.384
-2.680;74.993;63.692;85.464
-2.660;75.120;63.847;85.544
-2.640;75.247;64.002;85.624
-2.620;75.374;64.158;85.705
-2.600;75.501;64.315;85.786
-2.580;75.629;64.472;85.867
-2.560;75.757;64.629;85.948
-2.540;75.882;64.788;86.030
-2.520;76.008;64.946;86.111
-2.500;76.134;65.105;86.193
-2.480;76.263;65.265;86.275
-2.460;76.393;65.425;86.358
-2.440;76.521;65.586;86.441
-2.420;76.651;65.747;86.524
-2.400;76.781;65.894;86.607
-2.380;76.913;66.037;86.690
-2.360;77.045;66.181;86.774
-2.340;77.178;66.325;86.858
-2.320;77.312;66.483;86.942
-2.300;77.445;66.643;87.027
-2.280;77.576;66.805;87.111
-2.260;77.708;66.966;87.196
-2.240;77.845;67.129;87.281
-2.220;77.977;67.291;87.367
-2.200;78.110;67.455;87.453
-2.180;78.250;67.618;87.539
-2.160;78.390;67.783;87.625
-2.140;78.529;67.948;87.711
-2.120;78.669;68.107;87.798
-2.100;78.810;68.259;87.885
-2.080;78.950;68.411;87.973
-2.060;79.092;68.563;88.060
-2.040;79.233;68.716;88.148
-2.020;79.375;68.870;88.236
-2.000;79.518;69.024;88.325
-1.980;79.661;69.178;88.413
-1.960;79.805;69.333;88.502
-1.940;79.949;69.488;88.591
-1.920;80.093;69.644;88.681
-1.900;80.236;69.801;88.771
-1.880;80.378;69.958;88.861
-1.860;80.521;70.115;88.951
-1.840;80.666;70.273;89.042
-1.820;80.812;70.432;89.133
-1.800;80.959;70.591;89.224
-1.780;81.108;70.750;89.316
-1.760;81.258;70.910;89.407
-1.740;81.409;71.071;89.500
-1.720;81.553;71.232;89.592
-1.700;81.698;71.393;89.685
-1.680;81.845;71.555;89.778
-1.660;81.994;71.718;89.871
-1.640;82.143;71.881;89.965
-1.620;82.293;72.045;90.058
-1.600;82.446;72.209;90.153
-1.580;82.601;72.374;90.247
-1.560;82.756;72.539;90.342
-1.540;82.912;72.705;90.437
-1.520;83.069;72.871;90.533
-1.500;83.226;73.038;90.628
-1.480;83.384;73.205;90.725
-1.460;83.540;73.373;90.821
-1.440;83.694;73.541;90.918
-1.420;83.849;73.710;91.015
-1.400;84.006;73.880;91.112
-1.380;84.164;74.050;91.210
-1.360;84.310;74.221;91.308
-1.340;84.466;74.392;91.406
-1.320;84.622;74.564;91.505
-1.300;84.778;74.736;91.604
-1.280;84.926;74.909;91.703
-1.260;85.074;75.082;91.803
-1.240;85.231;75.256;91.903
-1.220;85.388;75.432;92.003
-1.200;85.546;75.607;92.104
-1.180;85.712;75.784;92.205
-1.160;85.878;75.961;92.305
-1.140;86.040;76.138;92.405
-1.120;86.202;76.316;92.505
-1.100;86.362;76.495;92.606
-1.080;86.517;76.674;92.707
-1.060;86.687;76.854;92.809
-1.040;86.860;77.034;92.910
-1.020;87.028;77.215;93.012
-1.000;87.191;77.397;93.115
-980;87.364;77.579;93.218
-960;87.539;77.762;93.321
-940;87.702;77.960;93.424
-920;87.860;78.164;93.528
-900;88.029;78.369;93.632
-880;88.197;78.564;93.737
-860;88.366;78.748;93.842
-840;88.534;78.933;93.950
-820;88.705;79.118;94.059
-800;88.883;79.304;94.168
-780;89.057;79.490;94.278
-760;89.235;79.677;94.388
-740;89.411;79.865;94.501
-720;89.581;80.053;94.615
-700;89.750;80.242;94.730
-680;89.919;80.431;94.845
-660;90.096;80.622;94.957
-640;90.255;80.812;95.068
-620;90.426;81.004;95.180
-600;90.604;81.196;95.291
-580;90.780;81.389;95.404
-560;90.958;81.582;95.516
-540;91.139;81.776;95.629
-520;91.319;81.971;95.742
-500;91.497;82.166;95.856
-480;91.673;82.362;95.970
-460;91.861;82.558;96.085
-440;92.046;82.756;96.201
-420;92.223;82.954;96.318
-400;92.399;83.152;96.435
-380;92.561;83.351;96.553
-360;92.735;83.552;96.679
-340;92.907;83.755;96.808
-320;93.089;83.977;96.908
-300;93.263;84.200;97.033
-280;93.460;84.424;97.158
-260;93.654;84.649;97.286
-240;93.845;84.874;97.415
-220;94.022;85.094;97.538
-200;94.206;85.300;97.675
-180;94.403;85.507;97.793
-160;94.594;85.714;97.922
-140;94.785;85.922;98.062
-120;94.977;86.131;98.196
-100;95.175;86.340;98.316
-80;95.383;86.550;98.448
-60;95.575;86.761;98.569
-40;95.759;86.972;98.704
-20;95.954;87.185;98.844
0;96.156;87.398;98.969
20;96.355;87.612;99.090
40;96.530;87.819;99.183
60;96.681;88.019;99.240
80;96.804;88.212;99.286
100;96.920;88.398;99.323
120;97.021;88.577;99.352
140;97.111;88.759;99.371
160;97.191;88.934;99.391
180;97.261;89.102;99.404
200;97.330;89.262;99.417
220;97.392;89.414;99.426
240;97.443;89.563;99.437
260;97.488;89.705;99.448
280;97.525;89.842;99.456
300;97.565;89.973;99.463
320;97.609;90.100;99.471
340;97.647;90.221;99.477
360;97.684;90.337;99.482
380;97.718;90.449;99.486
400;97.746;90.557;99.489
420;97.767;90.661;99.492
440;97.782;90.761;99.494
460;97.804;90.858;99.496
480;97.824;90.951;99.499
500;97.841;91.041;99.501
520;97.869;91.129;99.503
540;97.895;91.213;99.505
560;97.909;91.295;99.507
580;97.926;91.375;99.508
600;97.945;91.449;99.510
620;97.964;91.523;99.511
640;97.976;91.594;99.513
660;97.984;91.663;99.514
680;97.991;91.731;99.515
700;98.003;91.796;99.516
720;98.019;91.860;99.517
740;98.034;91.922;99.518
760;98.048;91.982;99.519
780;98.059;92.043;99.520
800;98.071;92.109;99.522
820;98.082;92.173;99.524
840;98.094;92.236;99.526
860;98.107;92.298;99.527
880;98.116;92.358;99.528
900;98.125;92.417;99.529
920;98.132;92.474;99.529
940;98.139;92.531;99.529
960;98.148;92.586;99.529
980;98.154;92.640;99.529
1.000;98.162;92.693;99.529
1.020;98.172;92.745;99.529
1.040;98.183;92.796;99.529
1.060;98.195;92.845;99.530
1.080;98.201;92.894;99.531
1.100;98.211;92.942;99.532
1.120;98.220;92.989;99.533
1.140;98.227;93.034;99.534
1.160;98.232;93.079;99.536
1.180;98.239;93.124;99.537
1.200;98.246;93.167;99.538
1.220;98.250;93.209;99.539
1.240;98.252;93.251;99.540
1.260;98.253;93.292;99.540
1.280;98.254;93.332;99.541
1.300;98.262;93.371;99.542
1.320;98.270;93.410;99.543
1.340;98.273;93.448;99.544
1.360;98.275;93.485;99.544
1.380;98.277;93.522;99.544
1.400;98.279;93.558;99.544
1.420;98.283;93.593;99.544
1.440;98.289;93.628;99.544
1.460;98.294;93.662;99.544
1.480;98.296;93.696;99.545
1.500;98.299;93.729;99.545
1.520;98.304;93.761;99.545
1.540;98.306;93.793;99.545
1.560;98.308;93.824;99.545
1.580;98.310;93.841;99.545
1.600;98.311;93.859;99.545
1.620;98.312;93.875;99.545
1.640;98.314;93.892;99.545
1.660;98.315;93.908;99.545
1.680;98.319;93.924;99.545
1.700;98.322;93.940;99.545
1.720;98.323;93.955;99.545
1.740;98.324;93.970;99.545
1.760;98.325;93.992;99.545
1.780;98.327;94.017;99.545
1.800;98.329;94.042;99.546
1.820;98.332;94.066;99.547
1.840;98.335;94.090;99.548
1.860;98.336;94.114;99.550
1.880;98.337;94.137;99.551
1.900;98.339;94.160;99.551
1.920;98.340;94.182;99.551
1.940;98.340;94.205;99.551
1.960;98.341;94.226;99.551
1.980;98.343;94.248;99.551
2.000;98.344;94.269;99.551
2.020;98.345;94.290;99.551
2.040;98.345;94.311;99.551
2.060;98.348;94.331;99.550
2.080;98.350;94.351;99.550
2.100;98.352;94.371;99.550
2.120;98.353;94.390;99.550
2.140;98.354;94.409;99.550
2.160;98.354;94.428;99.549
2.180;98.355;94.447;99.549
2.200;98.357;94.465;99.549
2.220;98.359;94.483;99.549
2.240;98.360;94.494;99.548
2.260;98.360;94.499;99.548
2.280;98.359;94.503;99.548
2.300;98.360;94.507;99.547
2.320;98.360;94.511;99.547
2.340;98.360;94.515;99.547
2.360;98.361;94.519;99.547
2.380;98.362;94.523;99.546
2.400;98.364;94.526;99.546
2.420;98.367;94.530;99.546
2.440;98.367;94.533;99.546
2.460;98.367;94.537;99.545
2.480;98.368;94.540;99.545
2.500;98.369;94.543;99.545
2.520;98.370;94.546;99.544
2.540;98.372;94.550;99.544
2.560;98.374;94.553;99.544
2.580;98.375;94.556;99.544
2.600;98.376;94.559;99.543
2.620;98.376;94.562;99.543
2.640;98.377;94.565;99.543
2.660;98.377;94.568;99.543
2.680;98.377;94.571;99.542
2.700;98.377;94.573;99.542
2.720;98.377;94.576;99.542
2.740;98.378;94.579;99.541
2.760;98.379;94.581;99.541
2.780;98.381;94.584;99.541
2.800;98.382;94.586;99.541
2.820;98.383;94.588;99.541
2.840;98.384;94.595;99.541
2.860;98.384;94.608;99.541
2.880;98.385;94.620;99.541
2.900;98.385;94.633;99.541
2.920;98.385;94.645;99.541
2.940;98.384;94.657;99.541
2.960;98.384;94.669;99.541
2.980;98.384;94.681;99.541
3.000;98.384;94.693;99.541
3.020;98.385;94.704;99.541
3.040;98.384;94.716;99.541
3.060;98.384;94.727;99.541
3.080;98.385;94.738;99.540
3.100;98.385;94.749;99.540
3.120;98.385;94.761;99.540
3.140;98.386;94.772;99.540
3.160;98.386;94.783;99.540
3.180;98.386;94.794;99.540
3.200;98.386;94.804;99.540
3.220;98.386;94.815;99.540
3.240;98.387;94.826;99.540
3.260;98.387;94.836;99.540
3.280;98.387;94.846;99.539
3.300;98.388;94.857;99.539
3.320;98.388;94.867;99.539
3.340;98.388;94.877;99.539
3.360;98.389;94.886;99.539
3.380;98.391;94.896;99.539
3.400;98.391;94.906;99.539
3.420;98.391;94.915;99.539
3.440;98.391;94.925;99.539
3.460;98.391;94.934;99.538
3.480;98.391;94.943;99.538
3.500;98.391;94.953;99.538
3.520;98.392;94.962;99.539
3.540;98.393;94.971;99.540
3.560;98.392;94.979;99.540
3.580;98.392;94.988;99.541
3.600;98.392;94.997;99.541
3.620;98.392;95.005;99.540
3.640;98.392;95.014;99.540
3.660;98.393;95.022;99.540
3.680;98.394;95.031;99.540
3.700;98.395;95.039;99.540
3.720;98.396;95.047;99.540
3.740;98.396;95.055;99.540
3.760;98.396;95.063;99.539
3.780;98.395;95.071;99.539
3.800;98.395;95.079;99.539
3.820;98.395;95.086;99.539
3.840;98.396;95.094;99.539
3.860;98.397;95.101;99.539
3.880;98.397;95.109;99.538
3.900;98.398;95.116;99.538
3.920;98.398;95.124;99.538
3.940;98.397;95.131;99.538
3.960;98.397;95.138;99.538
3.980;98.396;95.145;99.538
4.000;98.396;95.152;99.537
4.020;98.396;95.159;99.537
4.040;98.395;95.166;99.537
4.060;98.395;95.173;99.537
4.080;98.394;95.180;99.537
4.100;98.394;95.186;99.536
4.120;98.393;95.193;99.536
4.140;98.393;95.199;99.536
4.160;98.392;95.206;99.536
4.180;98.392;95.212;99.536
4.200;98.391;95.219;99.536
4.220;98.391;95.225;99.535
4.240;98.390;95.231;99.535
4.260;98.390;95.237;99.535
4.280;98.389;95.243;99.535
4.300;98.388;95.249;99.535
4.320;98.388;95.255;99.534
4.340;98.387;95.261;99.534
4.360;98.387;95.267;99.534
4.380;98.386;95.273;99.534
4.400;98.386;95.279;99.534
4.420;98.385;95.284;99.533
4.440;98.385;95.289;99.533
4.460;98.385;95.288;99.533
4.480;98.385;95.287;99.533
4.500;98.384;95.286;99.533
4.520;98.384;95.285;99.532
4.540;98.384;95.284;99.532
4.560;98.384;95.282;99.532
4.580;98.384;95.281;99.532
4.600;98.384;95.287;99.532
4.620;98.384;95.293;99.531
4.640;98.384;95.299;99.531
4.660;98.384;95.305;99.531
4.680;98.384;95.311;99.531
4.700;98.384;95.316;99.531
4.720;98.384;95.322;99.530
4.740;98.384;95.328;99.530
4.760;98.383;95.333;99.530
4.780;98.383;95.339;99.530
4.800;98.383;95.344;99.530
4.820;98.383;95.346;99.529
4.840;98.383;95.346;99.529
4.860;98.383;95.346;99.529
4.880;98.383;95.346;99.529
4.900;98.382;95.346;99.529
4.920;98.382;95.346;99.528
4.940;98.382;95.346;99.528
4.960;98.381;95.346;99.528
4.980;98.381;95.346;99.528
5.000;98.380;95.345;99.527
5.020;98.379;95.345;99.527
5.040;98.379;95.345;99.527
5.060;98.378;95.345;99.527
5.080;98.378;95.345;99.527
5.100;98.377;95.344;99.526
5.120;98.377;95.344;99.526
5.140;98.376;95.344;99.526
5.160;98.376;95.344;99.526
5.180;98.375;95.343;99.525
5.200;98.375;95.342;99.525
5.220;98.374;95.341;99.525
5.240;98.375;95.340;99.525
5.260;98.375;95.339;99.525
5.280;98.375;95.337;99.524
5.300;98.375;95.336;99.524
5.320;98.375;95.335;99.524
5.340;98.375;95.334;99.524
5.360;98.375;95.333;99.523
5.380;98.375;95.332;99.523
5.400;98.375;95.331;99.523
5.420;98.375;95.330;99.523
5.440;98.375;95.329;99.523
5.460;98.375;95.327;99.522
5.480;98.375;95.326;99.522
5.500;98.375;95.325;99.522
5.520;98.375;95.324;99.522
5.540;98.374;95.323;99.521
5.560;98.373;95.322;99.521
5.580;98.372;95.321;99.521
5.600;98.371;95.319;99.521
5.620;98.370;95.318;99.520
5.640;98.369;95.317;99.520
5.660;98.368;95.316;99.520
5.680;98.367;95.315;99.520
5.700;98.366;95.314;99.520
5.720;98.366;95.313;99.519
5.740;98.366;95.312;99.519
5.760;98.365;95.310;99.519
5.780;98.365;95.309;99.519
5.800;98.365;95.308;99.518
5.820;98.365;95.307;99.518
5.840;98.365;95.306;99.518
5.860;98.365;95.305;99.518
5.880;98.364;95.303;99.517
5.900;98.364;95.301;99.517
5.920;98.364;95.299;99.517
5.940;98.363;95.296;99.517
5.960;98.363;95.294;99.516
5.980;98.362;95.292;99.516
6.000;98.362;95.290;99.516
6.020;98.361;95.288;99.516
6.040;98.361;95.286;99.516
6.060;98.360;95.284;99.515
6.080;98.360;95.281;99.515
6.100;98.359;95.279;99.515
6.120;98.359;95.277;99.515
6.140;98.358;95.275;99.514
6.160;98.358;95.273;99.514
6.180;98.357;95.271;99.514
6.200;98.357;95.268;99.514
6.220;98.356;95.266;99.513
6.240;98.356;95.264;99.513
6.260;98.356;95.262;99.513
6.280;98.355;95.259;99.513
6.300;98.355;95.257;99.512
6.320;98.354;95.255;99.512
6.340;98.353;95.253;99.512
6.360;98.353;95.250;99.512
6.380;98.353;95.248;99.511
6.400;98.352;95.246;99.511
6.420;98.352;95.243;99.511
6.440;98.352;95.241;99.511
6.460;98.351;95.239;99.510
6.480;98.351;95.237;99.510
6.500;98.350;95.234;99.510
6.520;98.350;95.232;99.510
6.540;98.349;95.230;99.509
6.560;98.349;95.231;99.509
6.580;98.348;95.232;99.509
6.600;98.347;95.233;99.509
6.620;98.347;95.234;99.508
6.640;98.346;95.235;99.508
6.660;98.345;95.236;99.508
6.680;98.344;95.237;99.508
6.700;98.343;95.238;99.507
6.720;98.342;95.239;99.507
6.740;98.341;95.240;99.507
6.760;98.341;95.241;99.507
6.780;98.340;95.240;99.506
6.800;98.340;95.239;99.506
6.820;98.339;95.237;99.506
6.840;98.338;95.236;99.506
6.860;98.337;95.234;99.505
6.880;98.337;95.233;99.505
6.900;98.336;95.231;99.505
6.920;98.335;95.229;99.505
6.940;98.335;95.228;99.504
6.960;98.334;95.226;99.504
6.980;98.333;95.225;99.504
7.000;98.333;95.223;99.503
7.020;98.332;95.222;99.503
7.040;98.332;95.220;99.503
7.060;98.331;95.219;99.503
7.080;98.331;95.217;99.502
7.100;98.330;95.216;99.502
7.120;98.330;95.215;99.502
7.140;98.329;95.213;99.502
7.160;98.329;95.212;99.501
7.180;98.328;95.210;99.501
7.200;98.327;95.209;99.501
7.220;98.327;95.207;99.501
7.240;98.326;95.206;99.500
7.260;98.325;95.207;99.500
7.280;98.325;95.209;99.500
7.300;98.324;95.211;99.499
7.320;98.323;95.213;99.499
7.340;98.323;95.216;99.499
7.360;98.322;95.218;99.499
7.380;98.322;95.219;99.498
7.400;98.322;95.218;99.498
7.420;98.322;95.217;99.498
7.440;98.321;95.216;99.498
7.460;98.320;95.215;99.497
7.480;98.319;95.214;99.497
7.500;98.318;95.213;99.497
7.520;98.317;95.212;99.497
7.540;98.317;95.213;99.496
7.560;98.316;95.215;99.496
7.580;98.315;95.217;99.496
7.600;98.314;95.219;99.495
7.620;98.313;95.221;99.495
7.640;98.312;95.223;99.495
7.660;98.311;95.223;99.495
7.680;98.310;95.222;99.494
7.700;98.310;95.220;99.494
7.720;98.309;95.219;99.494
7.740;98.308;95.217;99.493
7.760;98.307;95.216;99.493
7.780;98.306;95.214;99.493
7.800;98.305;95.213;99.493
7.820;98.304;95.211;99.492
7.840;98.303;95.210;99.492
7.860;98.303;95.209;99.492
7.880;98.302;95.207;99.492
7.900;98.301;95.206;99.491
7.920;98.300;95.204;99.491
7.940;98.299;95.203;99.491
7.960;98.298;95.201;99.490
7.980;98.297;95.200;99.490
8.000;98.296;95.198;99.490
8.020;98.295;95.197;99.490
8.040;98.294;95.195;99.489
8.060;98.292;95.194;99.489
8.080;98.291;95.192;99.489
8.100;98.290;95.190;99.488
8.120;98.289;95.189;99.488
8.140;98.288;95.187;99.488
8.160;98.287;95.186;99.488
8.180;98.286;95.184;99.487
8.200;98.285;95.183;99.487
8.220;98.284;95.181;99.487
8.240;98.283;95.180;99.486
8.260;98.282;95.178;99.486
8.280;98.281;95.177;99.486
8.300;98.280;95.175;99.486
8.320;98.279;95.174;99.485
8.340;98.278;95.172;99.485
8.360;98.277;95.170;99.485
8.380;98.276;95.169;99.484
8.400;98.275;95.167;99.484
8.420;98.274;95.166;99.484
8.440;98.273;95.164;99.484
8.460;98.272;95.163;99.483
8.480;98.271;95.161;99.483
8.500;98.270;95.159;99.483
8.520;98.269;95.158;99.482
8.540;98.268;95.156;99.482
8.560;98.267;95.155;99.482
8.580;98.266;95.153;99.482
8.600;98.265;95.151;99.481
8.620;98.264;95.150;99.481
8.640;98.263;95.148;99.481
8.660;98.262;95.147;99.480
8.680;98.261;95.145;99.480
8.700;98.260;95.143;99.480
8.720;98.259;95.142;99.479
8.740;98.258;95.140;99.479
8.760;98.258;95.139;99.479
8.780;98.257;95.137;99.479
8.800;98.256;95.135;99.478
8.820;98.256;95.134;99.478
8.840;98.255;95.133;99.478
8.860;98.254;95.132;99.477
8.880;98.254;95.131;99.477
8.900;98.253;95.129;99.477
8.920;98.252;95.128;99.477
8.940;98.252;95.127;99.476
8.960;98.251;95.126;99.476
8.980;98.251;95.124;99.476
9.000;98.250;95.123;99.475
9.020;98.250;95.122;99.475
9.040;98.249;95.121;99.475
9.060;98.249;95.120;99.474
9.080;98.248;95.119;99.474
9.100;98.248;95.118;99.474
9.120;98.247;95.118;99.473
9.140;98.246;95.118;99.473
9.160;98.245;95.118;99.473
9.180;98.245;95.118;99.473
9.200;98.245;95.118;99.472
9.220;98.244;95.118;99.472
9.240;98.244;95.118;99.472
9.260;98.244;95.118;99.471
9.280;98.243;95.118;99.471
9.300;98.242;95.118;99.471
9.320;98.241;95.118;99.470
9.340;98.240;95.118;99.470
9.360;98.239;95.118;99.470
9.380;98.238;95.118;99.470
9.400;98.236;95.118;99.469
9.420;98.235;95.118;99.469
9.440;98.234;95.118;99.469
9.460;98.233;95.118;99.468
9.480;98.232;95.118;99.468
9.500;98.230;95.118;99.468
9.520;98.229;95.117;99.467
9.540;98.228;95.117;99.467
9.560;98.227;95.117;99.467
9.580;98.226;95.117;99.466
9.600;98.225;95.117;99.466
9.620;98.224;95.117;99.466
9.640;98.223;95.117;99.466
9.660;98.222;95.117;99.465
9.680;98.221;95.117;99.465
9.700;98.220;95.117;99.465
9.720;98.219;95.117;99.464
9.740;98.218;95.117;99.464
9.760;98.217;95.117;99.464
9.780;98.216;95.117;99.463
9.800;98.214;95.116;99.463
9.820;98.213;95.116;99.463
9.840;98.212;95.116;99.462
9.860;98.211;95.116;99.462
9.880;98.210;95.116;99.462
9.900;98.209;95.116;99.461
9.920;98.208;95.116;99.461
9.940;98.207;95.116;99.461
9.960;98.206;95.116;99.461
9.980;98.205;95.115;99.460
10.000;98.204;95.115;99.460
10.020;98.203;95.115;99.460
10.040;98.202;95.115;99.459
10.060;98.201;95.115;99.459
10.080;98.200;95.115;99.459
10.100;98.199;95.115;99.458
10.120;98.198;95.114;99.458
10.140;98.197;95.114;99.458
10.160;98.196;95.114;99.457
10.180;98.195;95.114;99.457
10.200;98.194;95.114;99.457
10.220;98.193;95.114;99.456
10.240;98.192;95.113;99.456
10.260;98.191;95.113;99.456
10.280;98.191;95.113;99.455
10.300;98.190;95.113;99.455
10.320;98.189;95.113;99.455
10.340;98.188;95.113;99.454
10.360;98.188;95.112;99.454
10.380;98.187;95.112;99.454
10.400;98.186;95.112;99.454
10.420;98.186;95.112;99.453
10.440;98.185;95.112;99.453
10.460;98.184;95.111;99.453
10.480;98.183;95.111;99.452
10.500;98.182;95.111;99.452
10.520;98.181;95.111;99.452
10.540;98.181;95.111;99.451
10.560;98.180;95.110;99.451
10.580;98.179;95.110;99.451
10.600;98.178;95.110;99.450
10.620;98.177;95.110;99.450
10.640;98.176;95.110;99.450
10.660;98.175;95.109;99.449
10.680;98.174;95.109;99.449
10.700;98.173;95.109;99.449
10.720;98.173;95.109;99.448
10.740;98.172;95.108;99.448
10.760;98.171;95.108;99.448
10.780;98.170;95.108;99.447
10.800;98.169;95.108;99.447
10.820;98.168;95.107;99.447
10.840;98.167;95.107;99.446
10.860;98.166;95.107;99.446
10.880;98.166;95.107;99.446
10.900;98.165;95.107;99.445
10.920;98.164;95.106;99.445
10.940;98.163;95.106;99.445
10.960;98.162;95.106;99.444
10.980;98.161;95.105;99.444
11.000;98.160;95.105;99.444
11.020;98.159;95.105;99.443
11.040;98.158;95.105;99.443
11.060;98.157;95.104;99.443
11.080;98.155;95.104;99.442
11.100;98.154;95.102;99.442
11.120;98.153;95.100;99.442
11.140;98.151;95.098;99.441
11.160;98.150;95.096;99.441
11.180;98.149;95.094;99.441
11.200;98.148;95.092;99.440
11.220;98.146;95.090;99.440
11.240;98.145;95.088;99.440
11.260;98.144;95.086;99.440
11.280;98.143;95.084;99.439
11.300;98.142;95.082;99.439
11.320;98.141;95.080;99.439
11.340;98.139;95.078;99.438
11.360;98.138;95.076;99.438
11.380;98.137;95.074;99.438
11.400;98.136;95.072;99.437
11.420;98.135;95.070;99.437
11.440;98.134;95.068;99.437
11.460;98.133;95.066;99.436
11.480;98.132;95.065;99.436
11.500;98.131;95.063;99.436
11.520;98.131;95.061;99.435
11.540;98.130;95.059;99.435
11.560;98.129;95.057;99.435
11.580;98.128;95.055;99.434
11.600;98.127;95.053;99.434
11.620;98.126;95.051;99.434
11.640;98.125;95.049;99.433
11.660;98.124;95.047;99.433
11.680;98.123;95.045;99.433
11.700;98.122;95.043;99.432
11.720;98.121;95.041;99.432
11.740;98.120;95.040;99.432
11.760;98.119;95.038;99.431
11.780;98.118;95.036;99.431
11.800;98.117;95.034;99.431
11.820;98.116;95.032;99.430
11.840;98.115;95.030;99.430
11.860;98.114;95.028;99.430
11.880;98.113;95.026;99.429
11.900;98.112;95.024;99.429
11.920;98.111;95.022;99.429
11.940;98.110;95.021;99.428
11.960;98.108;95.019;99.428
11.980;98.107;95.017;99.428
12.000;98.106;95.015;99.427
12.020;98.105;95.013;99.427
12.040;98.103;95.011;99.427
12.060;98.102;95.009;99.426
12.080;98.101;95.007;99.426
12.100;98.099;95.006;99.426
12.120;98.098;95.004;99.425
12.140;98.097;95.002;99.425
12.160;98.096;95.000;99.425
12.180;98.096;94.998;99.424
12.200;98.095;94.996;99.424
12.220;98.094;94.995;99.424
12.240;98.093;94.993;99.423
12.260;98.093;94.991;99.423
12.280;98.092;94.989;99.423
12.300;98.091;94.987;99.422
12.320;98.090;94.985;99.422
12.340;98.090;94.984;99.422
12.360;98.089;94.982;99.421
12.380;98.088;94.980;99.421
12.400;98.087;94.978;99.421
12.420;98.086;94.976;99.420
12.440;98.085;94.974;99.420
12.460;98.084;94.973;99.420
12.480;98.083;94.971;99.419
12.500;98.082;94.968;99.419
12.520;98.081;94.966;99.419
12.540;98.081;94.963;99.418
12.560;98.080;94.961;99.418
12.580;98.079;94.958;99.418
12.600;98.079;94.956;99.417
12.620;98.078;94.954;99.417
12.640;98.077;94.951;99.417
12.660;98.076;94.949;99.416
12.680;98.075;94.946;99.416
12.700;98.074;94.944;99.416
12.720;98.073;94.942;99.415
12.740;98.072;94.939;99.415
12.760;98.071;94.937;99.415
12.780;98.069;94.934;99.414
12.800;98.068;94.932;99.414
12.820;98.067;94.930;99.414
12.840;98.066;94.927;99.413
12.860;98.065;94.925;99.413
12.880;98.064;94.923;99.413
12.900;98.063;94.920;99.413
12.920;98.062;94.918;99.412
12.940;98.061;94.915;99.412
12.960;98.061;94.913;99.412
12.980;98.060;94.911;99.411
13.000;98.059;94.908;99.411
13.020;98.058;94.906;99.411
13.040;98.057;94.904;99.410
13.060;98.057;94.901;99.410
13.080;98.056;94.899;99.410
13.100;98.055;94.897;99.409
13.120;98.054;94.894;99.409
13.140;98.053;94.892;99.409
13.160;98.052;94.890;99.408
13.180;98.051;94.887;99.408
13.200;98.050;94.885;99.408
13.220;98.049;94.883;99.407
13.240;98.048;94.881;99.407
13.260;98.047;94.880;99.407
13.280;98.046;94.879;99.406
13.300;98.045;94.878;99.406
13.320;98.045;94.876;99.406
13.340;98.044;94.875;99.405
13.360;98.043;94.874;99.405
13.380;98.043;94.873;99.405
13.400;98.042;94.872;99.404
13.420;98.041;94.871;99.404
13.440;98.041;94.870;99.404
13.460;98.040;94.869;99.403
13.480;98.039;94.868;99.403
13.500;98.039;94.867;99.403
13.520;98.038;94.866;99.403
13.540;98.038;94.865;99.402
13.560;98.037;94.864;99.402
13.580;98.036;94.863;99.402
13.600;98.035;94.862;99.401
13.620;98.034;94.861;99.401
13.640;98.033;94.860;99.401
13.660;98.033;94.859;99.400
13.680;98.032;94.858;99.400
13.700;98.031;94.857;99.400
13.720;98.030;94.856;99.399
13.740;98.029;94.855;99.399
13.760;98.028;94.854;99.399
13.780;98.027;94.853;99.398
13.800;98.027;94.852;99.398
13.820;98.026;94.851;99.398
13.840;98.025;94.850;99.398
13.860;98.024;94.849;99.397
13.880;98.023;94.848;99.397
13.900;98.022;94.847;99.397
13.920;98.021;94.846;99.396
13.940;98.019;94.845;99.396
13.960;98.018;94.844;99.396
13.980;98.017;94.843;99.395
14.000;98.016;94.842;99.395
14.020;98.015;94.841;99.395
14.040;98.014;94.840;99.394
14.060;98.013;94.839;99.394
14.080;98.011;94.838;99.394
14.100;98.010;94.837;99.394
14.120;98.009;94.836;99.393
14.140;98.008;94.835;99.393
14.160;98.007;94.834;99.393
14.180;98.006;94.833;99.392
14.200;98.005;94.831;99.392
14.220;98.004;94.830;99.392
14.240;98.004;94.828;99.391
14.260;98.003;94.827;99.391
14.280;98.003;94.826;99.391
14.300;98.002;94.824;99.390
14.320;98.002;94.823;99.390
14.340;98.001;94.821;99.390
14.360;98.001;94.820;99.390
14.380;98.000;94.819;99.389
14.400;98.000;94.817;99.389
14.420;98.000;94.816;99.389
14.440;97.999;94.815;99.388
14.460;97.999;94.813;99.388
14.480;97.998;94.812;99.388
14.500;97.998;94.811;99.388
14.520;97.998;94.809;99.387
14.540;97.997;94.808;99.387
14.560;97.997;94.807;99.387
14.580;97.997;94.805;99.386
14.600;97.997;94.804;99.386
14.620;97.997;94.803;99.386
14.640;97.996;94.801;99.385
14.660;97.996;94.800;99.385
14.680;97.996;94.799;99.385
14.700;97.995;94.798;99.385
14.720;97.995;94.796;99.384
14.740;97.994;94.795;99.384
14.760;97.994;94.794;99.384
14.780;97.994;94.793;99.383
14.800;97.993;94.791;99.383
14.820;97.993;94.790;99.383
14.840;97.992;94.789;99.383
14.860;97.992;94.788;99.382
14.880;97.992;94.787;99.382
14.900;97.991;94.785;99.382
14.920;97.991;94.784;99.381
14.940;97.991;94.783;99.381
14.960;97.990;94.782;99.381
14.980;97.989;94.781;99.381
15.000;97.988;94.780;99.380
15.020;97.987;94.778;99.380
15.040;97.986;94.777;99.380
15.060;97.986;94.776;99.379
15.080;97.985;94.775;99.379
15.100;97.984;94.774;99.379
15.120;97.983;94.773;99.379
15.140;97.982;94.772;99.378
15.160;97.982;94.771;99.378
15.180;97.981;94.769;99.378
15.200;97.981;94.768;99.378
15.220;97.980;94.767;99.377
15.240;97.980;94.766;99.377
15.260;97.979;94.765;99.377
15.280;97.979;94.764;99.376
15.300;97.978;94.763;99.376
15.320;97.977;94.762;99.376
15.340;97.977;94.761;99.376
15.360;97.976;94.760;99.375
15.380;97.975;94.759;99.375
15.400;97.974;94.758;99.375
15.420;97.974;94.757;99.375
15.440;97.973;94.756;99.374
15.460;97.973;94.755;99.374
15.480;97.972;94.754;99.374
15.500;97.972;94.753;99.374
15.520;97.971;94.752;99.373
15.540;97.971;94.751;99.373
15.560;97.970;94.750;99.373
15.580;97.970;94.749;99.373
15.600;97.969;94.748;99.372
15.620;97.969;94.747;99.372
15.640;97.968;94.746;99.372
15.660;97.967;94.745;99.372
15.680;97.967;94.744;99.371
15.700;97.967;94.743;99.371
15.720;97.966;94.742;99.371
15.740;97.966;94.742;99.371
15.760;97.965;94.741;99.370
15.780;97.965;94.740;99.370
15.800;97.964;94.739;99.370
15.820;97.964;94.738;99.370
15.840;97.964;94.737;99.370
15.860;97.963;94.736;99.370
15.880;97.963;94.735;99.370
15.900;97.962;94.735;99.369
15.920;97.962;94.734;99.369
15.940;97.961;94.733;99.369
15.960;97.961;94.732;99.369
15.980;97.961;94.731;99.369
16.000;97.960;94.730;99.369
16.020;97.960;94.730;99.369
16.040;97.959;94.729;99.369
16.060;97.959;94.728;99.369
16.080;97.959;94.727;99.368
16.100;97.958;94.727;99.368
16.120;97.958;94.726;99.368
16.140;97.958;94.725;99.368
16.160;97.957;94.724;99.368
16.180;97.957;94.724;99.368
16.200;97.956;94.723;99.368
16.220;97.956;94.722;99.368
16.240;97.956;94.721;99.368
16.260;97.956;94.721;99.368
16.280;97.955;94.720;99.368
16.300;97.955;94.719;99.367
16.320;97.955;94.719;99.367
16.340;97.955;94.718;99.367
16.360;97.954;94.717;99.367
16.380;97.954;94.717;99.367
16.400;97.954;94.716;99.367
16.420;97.954;94.715;99.367
16.440;97.954;94.715;99.367
16.460;97.953;94.714;99.367
16.480;97.953;94.714;99.367
16.500;97.953;94.713;99.367
16.520;97.953;94.712;99.367
16.540;97.953;94.712;99.367
16.560;97.953;94.711;99.366
16.580;97.953;94.711;99.366
16.600;97.952;94.710;99.366
16.620;97.952;94.710;99.366
16.640;97.952;94.709;99.366
16.660;97.952;94.709;99.366
16.680;97.952;94.708;99.366
16.700;97.952;94.707;99.366
16.720;97.952;94.707;99.366
16.740;97.951;94.706;99.366
16.760;97.951;94.706;99.366
16.780;97.951;94.706;99.366
16.800;97.951;94.705;99.366
16.820;97.951;94.705;99.366
16.840;97.951;94.704;99.366
16.860;97.951;94.704;99.366
16.880;97.951;94.703;99.366
16.900;97.950;94.703;99.366
16.920;97.950;94.702;99.366
16.940;97.950;94.702;99.365
16.960;97.950;94.702;99.365
16.980;97.950;94.701;99.365
17.000;97.950;94.701;99.365
17.020;97.950;94.701;99.365
17.040;97.950;94.700;99.365
17.060;97.950;94.700;99.365
17.080;97.949;94.699;99.365
17.100;97.949;94.699;99.364
17.120;97.949;94.699;99.364
17.140;97.949;94.699;99.364
17.160;97.949;94.698;99.364
17.180;97.949;94.698;99.364
17.200;97.949;94.698;99.364
17.220;97.948;94.697;99.363
17.240;97.948;94.697;99.363
17.260;97.948;94.697;99.363
17.280;97.948;94.697;99.363
17.300;97.948;94.696;99.363
17.320;97.948;94.696;99.363
17.340;97.948;94.696;99.362
17.360;97.948;94.696;99.362
17.380;97.947;94.696;99.362
17.400;97.947;94.695;99.362
17.420;97.947;94.695;99.362
17.440;97.947;94.695;99.362
17.460;97.947;94.695;99.361
17.480;97.947;94.695;99.361
17.500;97.947;94.695;99.361
17.520;97.947;94.695;99.361
17.540;97.947;94.694;99.361
17.560;97.947;94.694;99.361
17.580;97.947;94.694;99.361
17.600;97.947;94.694;99.360
17.620;97.948;94.694;99.360
17.640;97.948;94.694;99.360
17.660;97.948;94.694;99.360
17.680;97.948;94.694;99.360
17.700;97.948;94.694;99.360
17.720;97.948;94.694;99.360
17.740;97.948;94.694;99.359
17.760;97.948;94.694;99.359
17.780;97.948;94.694;99.359
17.800;97.948;94.694;99.359
17.820;97.948;94.694;99.359
17.840;97.948;94.694;99.359
17.860;97.948;94.694;99.359
17.880;97.948;94.694;99.359
17.900;97.948;94.694;99.358
17.920;97.948;94.694;99.358
17.940;97.949;94.694;99.358
17.960;97.949;94.695;99.358
17.980;97.949;94.695;99.358
18.000;97.949;94.695;99.358
18.020;97.949;94.695;99.358
18.040;97.949;94.695;99.358
18.060;97.949;94.695;99.358
18.080;97.949;94.695;99.357
18.100;97.949;94.696;99.357
18.120;97.949;94.696;99.357
18.140;97.949;94.696;99.357
18.160;97.949;94.696;99.357
18.180;97.949;94.696;99.357
18.200;97.949;94.697;99.357
18.220;97.949;94.697;99.357
18.240;97.949;94.697;99.357
18.260;97.949;94.697;99.357
18.280;97.949;94.698;99.356
18.300;97.949;94.698;99.356
18.320;97.949;94.698;99.356
18.340;97.949;94.699;99.356
18.360;97.949;94.699;99.356
18.380;97.949;94.699;99.356
18.400;97.950;94.700;99.356
18.420;97.950;94.700;99.356
18.440;97.950;94.700;99.356
18.460;97.950;94.701;99.356
18.480;97.950;94.701;99.356
18.500;97.950;94.702;99.356
18.520;97.950;94.702;99.356
18.540;97.950;94.703;99.355
18.560;97.950;94.703;99.355
18.580;97.950;94.703;99.355
18.600;97.950;94.704;99.355
18.620;97.950;94.704;99.355
18.640;97.950;94.705;99.355
18.660;97.950;94.705;99.355
18.680;97.949;94.706;99.355
18.700;97.949;94.706;99.355
18.720;97.949;94.707;99.355
18.740;97.949;94.708;99.355
18.760;97.949;94.708;99.355
18.780;97.949;94.709;99.355
18.800;97.949;94.709;99.355
18.820;97.948;94.710;99.355
18.840;97.948;94.710;99.355
18.860;97.948;94.711;99.355
18.880;97.949;94.712;99.355
18.900;97.949;94.712;99.355
18.920;97.949;94.713;99.355
18.940;97.949;94.714;99.355
18.960;97.949;94.714;99.354
18.980;97.950;94.715;99.354
19.000;97.950;94.716;99.354
19.020;97.950;94.716;99.354
19.040;97.950;94.716;99.354
19.060;97.951;94.716;99.354
19.080;97.951;94.717;99.354
19.100;97.951;94.717;99.354
19.120;97.952;94.717;99.354
19.140;97.952;94.717;99.354
19.160;97.952;94.717;99.354
19.180;97.953;94.718;99.354
19.200;97.953;94.718;99.354
19.220;97.953;94.718;99.354
19.240;97.953;94.718;99.354
19.260;97.954;94.718;99.354
19.280;97.954;94.719;99.354
19.300;97.954;94.719;99.354
19.320;97.955;94.719;99.354
19.340;97.955;94.720;99.354
19.360;97.955;94.720;99.354
19.380;97.956;94.720;99.354
19.400;97.956;94.720;99.354
19.420;97.956;94.721;99.354
19.440;97.957;94.721;99.354
19.460;97.957;94.721;99.354
19.480;97.958;94.722;99.355
19.500;97.958;94.722;99.355
19.520;97.958;94.722;99.355
19.540;97.959;94.723;99.355
19.560;97.959;94.723;99.355
19.580;97.960;94.723;99.355
19.600;97.960;94.724;99.355
19.620;97.961;94.724;99.355
19.640;97.961;94.725;99.355
19.660;97.962;94.725;99.355
19.680;97.962;94.725;99.355
19.700;97.963;94.726;99.355
19.720;97.963;94.726;99.355
19.740;97.964;94.727;99.355
19.760;97.964;94.727;99.355
19.780;97.965;94.727;99.355
19.800;97.965;94.728;99.355
19.820;97.966;94.728;99.355
19.840;97.966;94.729;99.355
19.860;97.967;94.729;99.355
19.880;97.967;94.730;99.356
19.900;97.968;94.730;99.356
19.920;97.968;94.731;99.356
19.940;97.969;94.731;99.356
19.960;97.969;94.732;99.356
19.980;97.970;94.732;99.356
20.000;97.971;94.733;99.356
20.020;97.971;94.733;99.356
20.040;97.971;94.734;99.356
20.060;97.972;94.735;99.356
20.080;97.972;94.735;99.356
20.100;97.973;94.736;99.357
20.120;97.974;94.736;99.357
20.140;97.974;94.737;99.357
20.160;97.975;94.738;99.357
20.180;97.975;94.738;99.357
20.200;97.976;94.739;99.357
20.220;97.976;94.739;99.357
20.240;97.977;94.740;99.357
20.260;97.977;94.741;99.358
20.280;97.978;94.742;99.358
20.300;97.979;94.744;99.358
20.320;97.979;94.745;99.358
20.340;97.980;94.746;99.358
20.360;97.980;94.747;99.358
20.380;97.981;94.748;99.358
20.400;97.982;94.750;99.358
20.420;97.982;94.751;99.359
20.440;97.983;94.752;99.359
20.460;97.984;94.753;99.359
20.480;97.984;94.755;99.359
20.500;97.985;94.756;99.359
20.520;97.986;94.757;99.359
20.540;97.986;94.759;99.360
20.560;97.987;94.760;99.360
20.580;97.988;94.761;99.360
20.600;97.988;94.763;99.360
20.620;97.989;94.764;99.360
20.640;97.990;94.765;99.360
20.660;97.990;94.767;99.361
20.680;97.991;94.768;99.361
20.700;97.992;94.769;99.361
20.720;97.993;94.771;99.361
20.740;97.994;94.772;99.361
20.760;97.995;94.773;99.362
20.780;97.995;94.775;99.362
20.800;97.996;94.776;99.362
20.820;97.997;94.778;99.362
20.840;97.998;94.779;99.362
20.860;97.999;94.780;99.363
20.880;98.000;94.782;99.363
20.900;98.001;94.783;99.363
20.920;98.001;94.785;99.363
20.940;98.002;94.786;99.363
20.960;98.003;94.788;99.364
20.980;98.003;94.789;99.364
21.000;98.004;94.791;99.364
21.020;98.005;94.792;99.364
21.040;98.005;94.794;99.365
21.060;98.006;94.795;99.365
21.080;98.007;94.797;99.365
21.100;98.008;94.798;99.365
21.120;98.008;94.800;99.366
21.140;98.009;94.801;99.366
21.160;98.010;94.803;99.366
21.180;98.010;94.804;99.367
21.200;98.011;94.806;99.367
21.220;98.012;94.808;99.368
21.240;98.013;94.809;99.368
21.260;98.014;94.811;99.368
21.280;98.015;94.812;99.369
21.300;98.016;94.814;99.369
21.320;98.017;94.816;99.369
21.340;98.018;94.817;99.370
21.360;98.019;94.819;99.370
21.380;98.020;94.820;99.371
21.400;98.021;94.822;99.371
21.420;98.022;94.824;99.371
21.440;98.024;94.825;99.372
21.460;98.025;94.827;99.372
21.480;98.026;94.829;99.373
21.500;98.027;94.830;99.373
21.520;98.028;94.832;99.373
21.540;98.029;94.834;99.374
21.560;98.030;94.836;99.374
21.580;98.031;94.837;99.375
21.600;98.032;94.839;99.375
21.620;98.034;94.841;99.375
21.640;98.035;94.843;99.376
21.660;98.036;94.844;99.376
21.680;98.037;94.846;99.377
21.700;98.038;94.848;99.377
21.720;98.040;94.850;99.378
21.740;98.041;94.851;99.378
21.760;98.042;94.853;99.378
21.780;98.044;94.855;99.379
21.800;98.045;94.857;99.379
21.820;98.046;94.859;99.380
21.840;98.048;94.861;99.380
21.860;98.049;94.862;99.381
21.880;98.050;94.864;99.381
21.900;98.051;94.866;99.382
21.920;98.052;94.868;99.382
21.940;98.053;94.870;99.382
21.960;98.055;94.872;99.383
21.980;98.056;94.874;99.383
22.000;98.057;94.876;99.384
22.020;98.058;94.878;99.384
22.040;98.060;94.880;99.385
22.060;98.061;94.882;99.385
22.080;98.062;94.884;99.386
22.100;98.064;94.885;99.386
22.120;98.065;94.887;99.387
22.140;98.066;94.889;99.387
22.160;98.068;94.891;99.388
22.180;98.069;94.893;99.388
22.200;98.070;94.895;99.389
22.220;98.071;94.898;99.389
22.240;98.072;94.900;99.390
22.260;98.073;94.902;99.390
22.280;98.074;94.904;99.391
22.300;98.076;94.906;99.391
22.320;98.077;94.908;99.392
22.340;98.078;94.910;99.392
22.360;98.079;94.912;99.393
22.380;98.080;94.914;99.393
22.400;98.082;94.916;99.394
22.420;98.083;94.918;99.394
22.440;98.084;94.921;99.395
22.460;98.086;94.923;99.396
22.480;98.087;94.925;99.396
22.500;98.088;94.927;99.397
22.520;98.090;94.930;99.397
22.540;98.091;94.932;99.398
22.560;98.092;94.935;99.398
22.580;98.094;94.937;99.399
22.600;98.095;94.940;99.399
22.620;98.097;94.942;99.400
22.640;98.098;94.945;99.401
22.660;98.099;94.947;99.401
22.680;98.101;94.950;99.402
22.700;98.102;94.952;99.402
22.720;98.103;94.955;99.403
22.740;98.105;94.958;99.404
22.760;98.106;94.960;99.404
22.780;98.107;94.963;99.405
22.800;98.108;94.965;99.405
22.820;98.110;94.968;99.406
22.840;98.111;94.971;99.407
22.860;98.112;94.973;99.407
22.880;98.114;94.976;99.408
22.900;98.116;94.979;99.408
22.920;98.117;94.982;99.409
22.940;98.119;94.984;99.410
22.960;98.121;94.987;99.410
22.980;98.122;94.990;99.411
23.000;98.124;94.993;99.412
23.020;98.126;94.995;99.412
23.040;98.127;94.998;99.413
23.060;98.129;95.001;99.414
23.080;98.131;95.004;99.414
23.100;98.134;95.007;99.415
23.120;98.136;95.010;99.416
23.140;98.138;95.013;99.416
23.160;98.141;95.015;99.417
23.180;98.143;95.018;99.418
23.200;98.145;95.021;99.418
23.220;98.148;95.024;99.419
23.240;98.150;95.027;99.420
23.260;98.152;95.030;99.420
23.280;98.153;95.033;99.421
23.300;98.155;95.036;99.422
23.320;98.156;95.039;99.422
23.340;98.158;95.042;99.423
23.360;98.159;95.045;99.424
23.380;98.161;95.048;99.424
23.400;98.163;95.051;99.425
23.420;98.164;95.055;99.426
23.440;98.166;95.058;99.427
23.460;98.167;95.061;99.427
23.480;98.169;95.064;99.428
23.500;98.171;95.067;99.429
23.520;98.173;95.070;99.430
23.540;98.175;95.074;99.430
23.560;98.178;95.077;99.431
23.580;98.180;95.080;99.432
23.600;98.181;95.083;99.433
23.620;98.184;95.087;99.433
23.640;98.186;95.090;99.434
23.660;98.187;95.093;99.435
23.680;98.190;95.096;99.436
23.700;98.192;95.100;99.437
23.720;98.194;95.103;99.438
23.740;98.196;95.106;99.439
23.760;98.198;95.108;99.440
23.780;98.200;95.110;99.441
23.800;98.203;95.112;99.443
23.820;98.205;95.115;99.444
23.840;98.207;95.117;99.445
23.860;98.210;95.119;99.446
23.880;98.212;95.122;99.447
23.900;98.214;95.124;99.448
23.920;98.217;95.127;99.449
23.940;98.220;95.129;99.449
23.960;98.223;95.132;99.450
23.980;98.227;95.134;99.450
24.000;98.230;95.137;99.451
24.020;98.232;95.139;99.452
24.040;98.235;95.142;99.452
24.060;98.237;95.144;99.453
24.080;98.240;95.147;99.453
24.100;98.242;95.149;99.455
24.120;98.245;95.152;99.456
24.140;98.246;95.154;99.456
24.160;98.248;95.157;99.457
24.180;98.250;95.160;99.458
24.200;98.251;95.163;99.459
24.220;98.253;95.166;99.460
24.240;98.254;95.169;99.461
24.260;98.256;95.172;99.462
24.280;98.258;95.176;99.462
24.300;98.260;95.179;99.463
24.320;98.262;95.181;99.464
24.340;98.264;95.184;99.465
24.360;98.266;95.187;99.465
24.380;98.268;95.190;99.466
24.400;98.269;95.192;99.466
24.420;98.271;95.195;99.467
24.440;98.273;95.198;99.468
24.460;98.274;95.200;99.468
24.480;98.276;95.203;99.469
24.500;98.277;95.205;99.469
24.520;98.279;95.207;99.470
24.540;98.280;95.209;99.470
24.560;98.282;95.212;99.470
24.580;98.283;95.214;99.471
24.600;98.285;95.216;99.471
24.620;98.286;95.218;99.472
24.640;98.287;95.220;99.472
24.660;98.288;95.222;99.472
24.680;98.290;95.223;99.473
24.700;98.291;95.225;99.473
24.720;98.292;95.227;99.473
24.740;98.293;95.228;99.473
24.760;98.294;95.230;99.474
24.780;98.295;95.232;99.474
24.800;98.296;95.234;99.474
24.820;98.297;95.236;99.474
24.840;98.298;95.239;99.475
24.860;98.299;95.241;99.475
24.880;98.300;95.243;99.475
24.900;98.301;95.246;99.475
24.920;98.301;95.248;99.475
24.940;98.302;95.250;99.475
24.960;98.303;95.252;99.476
24.980;98.304;95.254;99.476
25.000;98.304;95.257;99.476
25.020;98.305;95.259;99.476
25.040;98.306;95.261;99.476
25.060;98.307;95.263;99.476
25.080;98.308;95.265;99.476
25.100;98.308;95.267;99.476
25.120;98.309;95.269;99.476
25.140;98.310;95.271;99.476
25.160;98.310;95.273;99.476
25.180;98.311;95.275;99.476
25.200;98.312;95.277;99.476
25.220;98.312;95.279;99.476
25.240;98.312;95.281;99.476
25.260;98.312;95.283;99.476
25.280;98.312;95.285;99.476
25.300;98.312;95.287;99.476
25.320;98.313;95.289;99.476
25.340;98.313;95.291;99.476
25.360;98.313;95.292;99.476
25.380;98.314;95.294;99.476
25.400;98.314;95.296;99.476
25.420;98.314;95.298;99.476
25.440;98.314;95.300;99.476
25.460;98.314;95.301;99.476
25.480;98.314;95.303;99.476
25.500;98.314;95.305;99.476
25.520;98.314;95.306;99.476
25.540;98.314;95.308;99.476
25.560;98.314;95.309;99.476
25.580;98.314;95.311;99.476
25.600;98.314;95.313;99.476
25.620;98.313;95.314;99.475
25.640;98.313;95.316;99.475
25.660;98.313;95.317;99.475
25.680;98.313;95.319;99.475
25.700;98.313;95.320;99.475
25.720;98.313;95.322;99.475
25.740;98.312;95.323;99.475
25.760;98.312;95.324;99.475
25.780;98.312;95.326;99.475
25.800;98.312;95.327;99.474
25.820;98.312;95.329;99.474
25.840;98.312;95.330;99.474
25.860;98.312;95.331;99.474
25.880;98.312;95.333;99.474
25.900;98.312;95.334;99.474
25.920;98.312;95.335;99.474
25.940;98.312;95.336;99.473
25.960;98.312;95.336;99.473
25.980;98.312;95.336;99.473
26.000;98.312;95.337;99.473
26.020;98.312;95.337;99.473
26.040;98.312;95.337;99.473
26.060;98.312;95.337;99.472
26.080;98.312;95.338;99.472
26.100;98.312;95.338;99.472
26.120;98.312;95.338;99.472
26.140;98.312;95.338;99.472
26.160;98.313;95.338;99.471
26.180;98.313;95.338;99.471
26.200;98.313;95.339;99.471
26.220;98.313;95.339;99.471
26.240;98.313;95.339;99.471
26.260;98.313;95.339;99.470
26.280;98.313;95.339;99.470
26.300;98.313;95.339;99.470
26.320;98.312;95.339;99.470
26.340;98.312;95.339;99.470
26.360;98.312;95.339;99.469
26.380;98.312;95.339;99.469
26.400;98.312;95.339;99.469
26.420;98.312;95.338;99.469
26.440;98.312;95.338;99.468
26.460;98.311;95.338;99.468
26.480;98.311;95.338;99.468
26.500;98.310;95.338;99.468
26.520;98.310;95.338;99.468
26.540;98.310;95.338;99.467
26.560;98.309;95.338;99.467
26.580;98.308;95.337;99.467
26.600;98.307;95.337;99.467
26.620;98.307;95.337;99.466
26.640;98.306;95.336;99.466
26.660;98.306;95.336;99.466
26.680;98.306;95.336;99.466
26.700;98.305;95.335;99.465
26.720;98.305;95.335;99.465
26.740;98.305;95.335;99.465
26.760;98.305;95.334;99.465
26.780;98.305;95.334;99.464
26.800;98.304;95.333;99.464
26.820;98.304;95.333;99.464
26.840;98.303;95.332;99.463
26.860;98.303;95.332;99.463
26.880;98.302;95.331;99.463
26.900;98.302;95.331;99.463
26.920;98.301;95.330;99.462
26.940;98.301;95.330;99.462
26.960;98.300;95.329;99.462
26.980;98.300;95.329;99.462
27.000;98.299;95.328;99.461
27.020;98.299;95.327;99.461
27.040;98.298;95.327;99.461
27.060;98.298;95.326;99.460
27.080;98.297;95.326;99.460
27.100;98.297;95.325;99.460
27.120;98.296;95.324;99.460
27.140;98.296;95.324;99.459
27.160;98.295;95.323;99.459
27.180;98.295;95.322;99.459
27.200;98.295;95.322;99.459
27.220;98.294;95.321;99.458
27.240;98.294;95.320;99.458
27.260;98.293;95.319;99.458
27.280;98.293;95.319;99.457
27.300;98.292;95.318;99.457
27.320;98.292;95.317;99.457
27.340;98.291;95.316;99.456
27.360;98.290;95.316;99.456
27.380;98.290;95.315;99.456
27.400;98.289;95.314;99.456
27.420;98.288;95.313;99.455
27.440;98.287;95.312;99.455
27.460;98.286;95.311;99.455
27.480;98.285;95.311;99.454
27.500;98.284;95.310;99.454
27.520;98.283;95.309;99.454
27.540;98.282;95.308;99.453
27.560;98.281;95.307;99.453
27.580;98.280;95.306;99.453
27.600;98.279;95.305;99.453
27.620;98.278;95.304;99.452
27.640;98.277;95.303;99.452
27.660;98.276;95.302;99.452
27.680;98.275;95.301;99.451
27.700;98.274;95.300;99.451
27.720;98.273;95.299;99.451
27.740;98.272;95.298;99.450
27.760;98.271;95.297;99.450
27.780;98.270;95.296;99.450
27.800;98.269;95.295;99.449
27.820;98.267;95.294;99.449
27.840;98.266;95.293;99.449
27.860;98.265;95.292;99.448
27.880;98.264;95.291;99.448
27.900;98.263;95.290;99.448
27.920;98.262;95.289;99.447
27.940;98.261;95.288;99.447
27.960;98.261;95.286;99.447
27.980;98.260;95.285;99.446
28.000;98.259;95.284;99.446
28.020;98.258;95.283;99.446
28.040;98.258;95.282;99.445
28.060;98.257;95.281;99.445
28.080;98.256;95.280;99.445
28.100;98.255;95.278;99.444
28.120;98.254;95.277;99.444
28.140;98.253;95.276;99.444
28.160;98.252;95.275;99.443
28.180;98.251;95.274;99.443
28.200;98.250;95.272;99.443
28.220;98.249;95.271;99.442
28.240;98.248;95.270;99.442
28.260;98.247;95.269;99.442
28.280;98.246;95.267;99.441
28.300;98.246;95.266;99.441
28.320;98.245;95.265;99.441
28.340;98.244;95.264;99.440
28.360;98.243;95.262;99.440
28.380;98.243;95.261;99.439
28.400;98.242;95.260;99.439
28.420;98.241;95.258;99.439
28.440;98.240;95.257;99.438
28.460;98.239;95.256;99.438
28.480;98.239;95.254;99.438
28.500;98.238;95.253;99.437
28.520;98.237;95.252;99.437
28.540;98.236;95.250;99.437
28.560;98.236;95.249;99.436
28.580;98.235;95.248;99.436
28.600;98.234;95.246;99.435
28.620;98.234;95.245;99.435
28.640;98.233;95.243;99.435
28.660;98.233;95.242;99.434
28.680;98.232;95.241;99.434
28.700;98.232;95.239;99.434
28.720;98.231;95.238;99.433
28.740;98.230;95.236;99.433
28.760;98.229;95.235;99.433
28.780;98.228;95.233;99.432
28.800;98.227;95.232;99.432
28.820;98.226;95.231;99.432
28.840;98.225;95.229;99.431
28.860;98.224;95.228;99.431
28.880;98.223;95.226;99.431
28.900;98.222;95.225;99.431
28.920;98.221;95.223;99.430
28.940;98.219;95.222;99.430
28.960;98.218;95.220;99.430
28.980;98.216;95.219;99.429
29.000;98.215;95.217;99.429
29.020;98.213;95.216;99.429
29.040;98.212;95.214;99.429
29.060;98.210;95.213;99.428
29.080;98.209;95.211;99.428
29.100;98.207;95.210;99.428
29.120;98.206;95.208;99.427
29.140;98.205;95.206;99.427
29.160;98.204;95.205;99.427
29.180;98.203;95.203;99.427
29.200;98.202;95.202;99.426
29.220;98.201;95.200;99.426
29.240;98.200;95.199;99.426
29.260;98.198;95.197;99.425
29.280;98.197;95.195;99.425
29.300;98.196;95.194;99.425
29.320;98.195;95.192;99.425
29.340;98.194;95.191;99.424
29.360;98.193;95.189;99.424
29.380;98.191;95.187;99.423
29.400;98.190;95.186;99.423
29.420;98.189;95.184;99.423
29.440;98.188;95.183;99.422
29.460;98.187;95.181;99.422
29.480;98.186;95.179;99.421
29.500;98.184;95.178;99.421
29.520;98.183;95.176;99.420
29.540;98.182;95.174;99.420
29.560;98.181;95.173;99.420
29.580;98.180;95.171;99.419
29.600;98.179;95.169;99.419
29.620;98.177;95.168;99.418
29.640;98.176;95.166;99.418
29.660;98.175;95.164;99.417
29.680;98.174;95.163;99.417
29.700;98.173;95.161;99.417
29.720;98.172;95.159;99.416
29.740;98.170;95.157;99.416
29.760;98.169;95.156;99.415
29.780;98.168;95.154;99.415
29.800;98.166;95.152;99.414
29.820;98.165;95.151;99.414
29.840;98.164;95.149;99.414
29.860;98.162;95.147;99.413
29.880;98.161;95.145;99.413
29.900;98.160;95.144;99.412
29.920;98.158;95.142;99.412
29.940;98.157;95.140;99.411
29.960;98.156;95.139;99.411
29.980;98.154;95.137;99.410
30.000;98.153;95.135;99.410
30.020;98.152;95.133;99.410
30.040;98.150;95.132;99.409
30.060;98.149;95.130;99.409
30.080;98.148;95.128;99.408
30.100;98.146;95.126;99.408
30.120;98.145;95.125;99.407
30.140;98.144;95.123;99.407
30.160;98.142;95.121;99.406
30.180;98.141;95.119;99.406
30.200;98.140;95.118;99.405
30.220;98.138;95.116;99.405
30.240;98.137;95.114;99.405
30.260;98.135;95.112;99.404
30.280;98.134;95.111;99.404
30.300;98.133;95.109;99.403
30.320;98.131;95.107;99.403
30.340;98.131;95.105;99.402
30.360;98.130;95.103;99.402
30.380;98.129;95.102;99.401
30.400;98.128;95.100;99.401
30.420;98.127;95.098;99.400
30.440;98.126;95.096;99.400
30.460;98.125;95.094;99.399
30.480;98.124;95.093;99.399
30.500;98.123;95.091;99.399
30.520;98.122;95.089;99.398
30.540;98.122;95.087;99.398
30.560;98.121;95.085;99.397
30.580;98.120;95.084;99.397
30.600;98.119;95.082;99.396
30.620;98.118;95.080;99.396
30.640;98.117;95.078;99.395
30.660;98.117;95.076;99.395
30.680;98.116;95.075;99.394
30.700;98.115;95.073;99.394
30.720;98.114;95.071;99.393
30.740;98.113;95.069;99.393
30.760;98.112;95.067;99.392
30.780;98.111;95.065;99.392
30.800;98.111;95.063;99.391
30.820;98.110;95.062;99.391
30.840;98.109;95.060;99.390
30.860;98.108;95.058;99.390
30.880;98.107;95.056;99.390
30.900;98.106;95.054;99.389
30.920;98.105;95.052;99.389
30.940;98.105;95.051;99.388
30.960;98.104;95.048;99.388
30.980;98.103;95.045;99.387
31.000;98.102;95.042;99.387
31.020;98.101;95.039;99.386
31.040;98.100;95.036;99.386
31.060;98.099;95.033;99.385
31.080;98.098;95.030;99.385
31.100;98.097;95.027;99.384
31.120;98.095;95.024;99.384
31.140;98.093;95.021;99.383
31.160;98.092;95.018;99.383
31.180;98.091;95.015;99.382
31.200;98.090;95.012;99.382
31.220;98.088;95.009;99.381
31.240;98.087;95.006;99.381
31.260;98.086;95.003;99.380
31.280;98.085;95.000;99.380
31.300;98.084;94.997;99.379
31.320;98.082;94.994;99.379
31.340;98.081;94.991;99.378
31.360;98.080;94.988;99.378
31.380;98.079;94.985;99.377
31.400;98.078;94.982;99.377
31.420;98.077;94.979;99.376
31.440;98.076;94.976;99.376
31.460;98.075;94.973;99.375
31.480;98.074;94.970;99.375
31.500;98.073;94.967;99.374
31.520;98.071;94.964;99.374
31.540;98.070;94.961;99.373
31.560;98.068;94.958;99.373
31.580;98.067;94.955;99.372
31.600;98.066;94.952;99.372
31.620;98.064;94.949;99.371
31.640;98.063;94.946;99.371
31.660;98.061;94.943;99.370
31.680;98.060;94.941;99.370
31.700;98.059;94.938;99.369
31.720;98.057;94.935;99.369
31.740;98.056;94.932;99.368
31.760;98.055;94.929;99.368
31.780;98.053;94.926;99.367
31.800;98.052;94.923;99.367
31.820;98.051;94.920;99.366
31.840;98.050;94.917;99.366
31.860;98.048;94.914;99.365
31.880;98.047;94.911;99.365
31.900;98.046;94.908;99.364
31.920;98.045;94.905;99.364
31.940;98.044;94.902;99.363
31.960;98.042;94.899;99.363
31.980;98.041;94.897;99.363
32.000;98.040;94.894;99.362
32.020;98.039;94.891;99.362
32.040;98.037;94.888;99.361
32.060;98.036;94.885;99.361
32.080;98.035;94.882;99.361
32.100;98.034;94.879;99.360
32.120;98.033;94.876;99.360
32.140;98.031;94.873;99.360
32.160;98.030;94.870;99.359
32.180;98.029;94.868;99.359
32.200;98.028;94.865;99.358
32.220;98.027;94.862;99.358
32.240;98.025;94.859;99.358
32.260;98.024;94.856;99.357
32.280;98.023;94.853;99.357
32.300;98.021;94.850;99.356
32.320;98.020;94.847;99.356
32.340;98.018;94.845;99.356
32.360;98.017;94.842;99.355
32.380;98.015;94.839;99.355
32.400;98.014;94.836;99.355
32.420;98.012;94.833;99.354
32.440;98.011;94.830;99.354
32.460;98.009;94.827;99.353
32.480;98.008;94.825;99.353
32.500;98.006;94.823;99.353
32.520;98.005;94.821;99.352
32.540;98.003;94.819;99.352
32.560;98.002;94.817;99.351
32.580;98.000;94.816;99.351
32.600;97.999;94.814;99.351
32.620;97.997;94.812;99.350
32.640;97.996;94.810;99.350
32.660;97.994;94.809;99.350
32.680;97.993;94.807;99.349
32.700;97.992;94.805;99.349
32.720;97.990;94.803;99.348
32.740;97.989;94.802;99.348
32.760;97.988;94.800;99.348
32.780;97.987;94.798;99.347
32.800;97.985;94.796;99.347
32.820;97.984;94.795;99.346
32.840;97.983;94.793;99.346
32.860;97.982;94.791;99.346
32.880;97.981;94.789;99.345
32.900;97.980;94.788;99.345
32.920;97.979;94.786;99.344
32.940;97.978;94.784;99.344
32.960;97.977;94.782;99.344
32.980;97.976;94.781;99.343
33.000;97.975;94.779;99.343
33.020;97.974;94.777;99.343
33.040;97.973;94.775;99.342
33.060;97.972;94.773;99.342
33.080;97.971;94.772;99.341
33.100;97.970;94.770;99.341
33.120;97.968;94.768;99.341
33.140;97.967;94.766;99.340
33.160;97.966;94.765;99.340
33.180;97.965;94.763;99.339
33.200;97.964;94.761;99.339
33.220;97.963;94.759;99.339
33.240;97.962;94.758;99.338
33.260;97.961;94.756;99.338
33.280;97.960;94.754;99.337
33.300;97.958;94.753;99.337
33.320;97.957;94.751;99.337
33.340;97.956;94.749;99.336
33.360;97.954;94.747;99.336
33.380;97.953;94.746;99.335
33.400;97.952;94.744;99.335
33.420;97.950;94.742;99.335
33.440;97.949;94.740;99.334
33.460;97.948;94.735;99.334
33.480;97.946;94.730;99.333
33.500;97.945;94.725;99.333
33.520;97.944;94.721;99.333
33.540;97.943;94.716;99.332
33.560;97.941;94.711;99.332
33.580;97.939;94.706;99.331
33.600;97.938;94.703;99.331
33.620;97.936;94.702;99.331
33.640;97.935;94.701;99.330
33.660;97.934;94.700;99.330
33.680;97.932;94.699;99.329
33.700;97.931;94.698;99.329
33.720;97.930;94.698;99.329
33.740;97.929;94.697;99.328
33.760;97.927;94.696;99.328
33.780;97.926;94.695;99.327
33.800;97.925;94.694;99.327
33.820;97.924;94.693;99.327
33.840;97.923;94.692;99.326
33.860;97.922;94.691;99.326
33.880;97.921;94.690;99.325
33.900;97.920;94.690;99.325
33.920;97.919;94.689;99.325
33.940;97.918;94.688;99.324
33.960;97.916;94.687;99.324
33.980;97.915;94.686;99.323
34.000;97.914;94.685;99.323
34.020;97.913;94.683;99.323
34.040;97.912;94.680;99.322
34.060;97.911;94.677;99.322
34.080;97.910;94.675;99.322
34.100;97.909;94.672;99.321
34.120;97.908;94.670;99.321
34.140;97.906;94.667;99.320
34.160;97.905;94.664;99.320
34.180;97.904;94.662;99.320
34.200;97.903;94.659;99.319
34.220;97.902;94.656;99.319
34.240;97.901;94.654;99.318
34.260;97.900;94.651;99.318
34.280;97.899;94.649;99.318
34.300;97.898;94.646;99.317
34.320;97.897;94.644;99.317
34.340;97.895;94.641;99.316
34.360;97.894;94.638;99.316
34.380;97.893;94.636;99.316
34.400;97.892;94.633;99.315
34.420;97.891;94.631;99.315
34.440;97.890;94.628;99.314
34.460;97.889;94.625;99.314
34.480;97.888;94.623;99.314
34.500;97.887;94.620;99.313
34.520;97.886;94.618;99.313
34.540;97.885;94.615;99.312
34.560;97.884;94.613;99.312
34.580;97.883;94.610;99.312
34.600;97.882;94.608;99.311
34.620;97.881;94.605;99.311
34.640;97.881;94.602;99.310
34.660;97.880;94.600;99.310
34.680;97.879;94.597;99.310
34.700;97.878;94.595;99.309
34.720;97.877;94.592;99.309
34.740;97.876;94.590;99.308
34.760;97.875;94.587;99.308
34.780;97.874;94.586;99.308
34.800;97.873;94.585;99.307
34.820;97.872;94.583;99.307
34.840;97.871;94.582;99.306
34.860;97.870;94.581;99.306
34.880;97.869;94.579;99.306
34.900;97.868;94.578;99.305
34.920;97.868;94.577;99.305
34.940;97.867;94.575;99.304
34.960;97.866;94.574;99.304
34.980;97.865;94.573;99.304
35.000;97.864;94.571;99.303
35.020;97.863;94.570;99.303
35.040;97.862;94.569;99.302
35.060;97.861;94.568;99.302
35.080;97.860;94.566;99.302
35.100;97.859;94.565;99.301
35.120;97.858;94.564;99.301
35.140;97.858;94.562;99.300
35.160;97.857;94.561;99.300
35.180;97.856;94.560;99.300
35.200;97.855;94.558;99.299
35.220;97.854;94.557;99.299
35.240;97.853;94.556;99.299
35.260;97.852;94.555;99.298
35.280;97.851;94.553;99.298
35.300;97.850;94.552;99.297
35.320;97.849;94.551;99.297
35.340;97.848;94.549;99.297
35.360;97.847;94.548;99.296
35.380;97.846;94.547;99.296
35.400;97.846;94.546;99.295
35.420;97.845;94.544;99.295
35.440;97.844;94.543;99.295
35.460;97.843;94.542;99.294
35.480;97.843;94.541;99.294
35.500;97.842;94.539;99.293
35.520;97.841;94.538;99.293
35.540;97.840;94.537;99.293
35.560;97.839;94.536;99.292
35.580;97.838;94.534;99.292
35.600;97.837;94.533;99.291
35.620;97.836;94.532;99.291
35.640;97.836;94.531;99.291
35.660;97.835;94.529;99.290
35.680;97.834;94.528;99.290
35.700;97.833;94.527;99.290
35.720;97.832;94.526;99.289
35.740;97.831;94.524;99.289
35.760;97.831;94.523;99.288
35.780;97.830;94.522;99.288
35.800;97.829;94.521;99.288
35.820;97.828;94.520;99.287
35.840;97.827;94.518;99.287
35.860;97.826;94.517;99.286
35.880;97.825;94.516;99.286
35.900;97.825;94.515;99.286
35.920;97.824;94.513;99.285
35.940;97.823;94.512;99.285
35.960;97.822;94.511;99.285
35.980;97.821;94.510;99.284
36.000;97.820;94.509;99.284
36.020;97.820;94.507;99.283
36.040;97.819;94.506;99.283
36.060;97.818;94.505;99.283
36.080;97.817;94.504;99.282
36.100;97.816;94.503;99.282
36.120;97.814;94.501;99.282
36.140;97.813;94.500;99.281
36.160;97.811;94.499;99.281
36.180;97.810;94.498;99.280
36.200;97.808;94.497;99.280
36.220;97.806;94.496;99.280
36.240;97.805;94.494;99.279
36.260;97.803;94.493;99.279
36.280;97.802;94.492;99.279
36.300;97.801;94.491;99.278
36.320;97.800;94.490;99.278
36.340;97.798;94.488;99.277
36.360;97.797;94.487;99.277
36.380;97.796;94.486;99.277
36.400;97.795;94.485;99.276
36.420;97.795;94.484;99.276
36.440;97.794;94.483;99.276
36.460;97.793;94.481;99.275
36.480;97.793;94.480;99.275
36.500;97.792;94.479;99.274
36.520;97.792;94.478;99.274
36.540;97.791;94.477;99.274
36.560;97.791;94.475;99.273
36.580;97.790;94.474;99.273
36.600;97.789;94.472;99.273
36.620;97.789;94.470;99.272
36.640;97.788;94.469;99.272
36.660;97.788;94.467;99.272
36.680;97.787;94.466;99.271
36.700;97.787;94.464;99.271
36.720;97.786;94.462;99.270
36.740;97.786;94.461;99.270
36.760;97.785;94.459;99.270
36.780;97.785;94.458;99.269
36.800;97.784;94.456;99.269
36.820;97.783;94.454;99.269
36.840;97.783;94.453;99.268
36.860;97.782;94.451;99.268
36.880;97.782;94.450;99.268
36.900;97.781;94.448;99.267
36.920;97.781;94.447;99.267
36.940;97.780;94.445;99.267
36.960;97.780;94.443;99.266
36.980;97.779;94.442;99.266
37.000;97.779;94.440;99.265
37.020;97.778;94.439;99.265
37.040;97.778;94.437;99.265
37.060;97.777;94.436;99.264
37.080;97.776;94.434;99.264
37.100;97.776;94.432;99.264
37.120;97.775;94.431;99.263
37.140;97.774;94.429;99.263
37.160;97.773;94.428;99.263
37.180;97.773;94.426;99.262
37.200;97.772;94.425;99.262
37.220;97.771;94.423;99.262
37.240;97.770;94.421;99.261
37.260;97.769;94.420;99.261
37.280;97.769;94.418;99.261
37.300;97.768;94.416;99.260
37.320;97.767;94.414;99.260
37.340;97.767;94.412;99.260
37.360;97.766;94.410;99.259
37.380;97.765;94.408;99.259
37.400;97.764;94.407;99.258
37.420;97.763;94.405;99.258
37.440;97.763;94.403;99.258
37.460;97.762;94.401;99.257
37.480;97.761;94.399;99.257
37.500;97.760;94.398;99.257
37.520;97.759;94.396;99.256
37.540;97.758;94.394;99.256
37.560;97.757;94.392;99.256
37.580;97.756;94.390;99.255
37.600;97.756;94.389;99.255
37.620;97.755;94.387;99.255
37.640;97.754;94.385;99.254
37.660;97.753;94.383;99.254
37.680;97.752;94.382;99.254
37.700;97.751;94.380;99.253
37.720;97.750;94.378;99.253
37.740;97.749;94.377;99.253
37.760;97.748;94.375;99.252
37.780;97.748;94.373;99.252
37.800;97.747;94.371;99.252
37.820;97.746;94.370;99.251
37.840;97.745;94.368;99.251
37.860;97.744;94.366;99.251
37.880;97.743;94.365;99.251
37.900;97.742;94.363;99.250
37.920;97.741;94.361;99.250
37.940;97.739;94.360;99.250
37.960;97.738;94.358;99.249
37.980;97.736;94.356;99.249
38.000;97.734;94.355;99.249
38.020;97.733;94.353;99.248
38.040;97.731;94.351;99.248
38.060;97.730;94.350;99.248
38.080;97.728;94.348;99.247
38.100;97.726;94.347;99.247
38.120;97.725;94.345;99.247
38.140;97.724;94.343;99.246
38.160;97.723;94.342;99.246
38.180;97.722;94.340;99.246
38.200;97.721;94.339;99.245
38.220;97.720;94.337;99.245
38.240;97.719;94.336;99.245
38.260;97.718;94.334;99.245
38.280;97.717;94.333;99.244
38.300;97.716;94.331;99.244
38.320;97.715;94.329;99.244
38.340;97.714;94.328;99.243
38.360;97.713;94.326;99.243
38.380;97.713;94.325;99.243
38.400;97.712;94.324;99.242
38.420;97.711;94.323;99.242
38.440;97.711;94.323;99.242
38.460;97.710;94.322;99.242
38.480;97.710;94.321;99.241
38.500;97.709;94.320;99.241
38.520;97.708;94.319;99.241
38.540;97.708;94.318;99.240
38.560;97.707;94.317;99.240
38.580;97.706;94.317;99.240
38.600;97.705;94.316;99.240
38.620;97.704;94.315;99.239
38.640;97.703;94.314;99.239
38.660;97.702;94.313;99.239
38.680;97.701;94.312;99.238
38.700;97.700;94.312;99.238
38.720;97.699;94.311;99.238
38.740;97.698;94.310;99.238
38.760;97.697;94.309;99.237
38.780;97.697;94.308;99.237
38.800;97.696;94.307;99.237
38.820;97.695;94.307;99.236
38.840;97.694;94.306;99.236
38.860;97.693;94.305;99.236
38.880;97.693;94.304;99.236
38.900;97.692;94.303;99.235
38.920;97.692;94.301;99.235
38.940;97.692;94.300;99.235
38.960;97.691;94.299;99.235
38.980;97.691;94.297;99.234
39.000;97.690;94.296;99.234
39.020;97.689;94.295;99.234
39.040;97.688;94.294;99.234
39.060;97.687;94.292;99.233
39.080;97.686;94.291;99.233
39.100;97.685;94.290;99.233
39.120;97.685;94.288;99.232
39.140;97.684;94.287;99.232
39.160;97.682;94.286;99.232
39.180;97.681;94.285;99.232
39.200;97.680;94.283;99.231
39.220;97.679;94.282;99.231
39.240;97.678;94.281;99.231
39.260;97.676;94.280;99.231
39.280;97.675;94.278;99.231
39.300;97.674;94.277;99.230
39.320;97.673;94.276;99.230
39.340;97.672;94.275;99.230
39.360;97.670;94.273;99.230
39.380;97.669;94.272;99.230
39.400;97.668;94.271;99.229
39.420;97.667;94.270;99.229
39.440;97.666;94.269;99.229
39.460;97.665;94.267;99.229
39.480;97.663;94.266;99.229
39.500;97.663;94.265;99.228
39.520;97.662;94.264;99.228
39.540;97.661;94.263;99.228
39.560;97.660;94.261;99.228
39.580;97.660;94.260;99.228
39.600;97.659;94.259;99.227
39.620;97.658;94.258;99.227
39.640;97.657;94.257;99.227
39.660;97.657;94.256;99.227
39.680;97.656;94.254;99.227
39.700;97.655;94.253;99.226
39.720;97.654;94.252;99.226
39.740;97.654;94.251;99.226
39.760;97.653;94.250;99.226
39.780;97.652;94.247;99.226
39.800;97.652;94.245;99.226
39.820;97.651;94.243;99.225
39.840;97.650;94.241;99.225
39.860;97.650;94.239;99.225
39.880;97.649;94.236;99.225
39.900;97.648;94.234;99.225
39.920;97.648;94.232;99.225
39.940;97.647;94.230;99.224
39.960;97.646;94.229;99.224
39.980;97.646;94.229;99.224
40.000;97.645;94.228;99.224
40.020;97.644;94.227;99.224
40.040;97.644;94.226;99.224
40.060;97.643;94.225;99.223
40.080;97.643;94.224;99.223
40.100;97.643;94.223;99.223
40.120;97.642;94.223;99.223
40.140;97.642;94.222;99.223
40.160;97.641;94.221;99.223
40.180;97.641;94.220;99.222
40.200;97.640;94.219;99.222
40.220;97.639;94.219;99.222
40.240;97.639;94.218;99.222
40.260;97.638;94.217;99.222
40.280;97.638;94.216;99.222
40.300;97.638;94.215;99.222
40.320;97.637;94.215;99.221
40.340;97.637;94.214;99.221
40.360;97.637;94.213;99.221
40.380;97.637;94.213;99.221
40.400;97.637;94.212;99.221
40.420;97.637;94.211;99.221
40.440;97.636;94.210;99.221
40.460;97.636;94.210;99.220
40.480;97.635;94.209;99.220
40.500;97.634;94.209;99.220
40.520;97.634;94.208;99.220
40.540;97.633;94.207;99.220
40.560;97.633;94.207;99.220
40.580;97.632;94.206;99.220
40.600;97.632;94.205;99.220
40.620;97.632;94.204;99.220
40.640;97.631;94.203;99.219
40.660;97.630;94.202;99.219
40.680;97.629;94.201;99.219
40.700;97.628;94.200;99.219
40.720;97.627;94.199;99.219
40.740;97.627;94.198;99.219
40.760;97.626;94.198;99.219
40.780;97.625;94.197;99.219
40.800;97.624;94.196;99.219
40.820;97.623;94.195;99.218
40.840;97.622;94.194;99.218
40.860;97.621;94.193;99.218
40.880;97.620;94.192;99.218
40.900;97.619;94.191;99.218
40.920;97.619;94.190;99.218
40.940;97.618;94.190;99.218
40.960;97.618;94.189;99.218
40.980;97.618;94.188;99.218
41.000;97.618;94.187;99.218
41.020;97.618;94.186;99.217
41.040;97.618;94.185;99.217
41.060;97.618;94.184;99.217
41.080;97.618;94.184;99.217
41.100;97.618;94.183;99.217
41.120;97.618;94.182;99.217
41.140;97.618;94.181;99.217
41.160;97.618;94.180;99.217
41.180;97.618;94.180;99.217
41.200;97.618;94.179;99.217
41.220;97.618;94.178;99.217
41.240;97.618;94.177;99.217
41.260;97.618;94.177;99.217
41.280;97.618;94.176;99.217
41.300;97.617;94.175;99.216
41.320;97.617;94.174;99.216
41.340;97.617;94.174;99.216
41.360;97.616;94.173;99.216
41.380;97.616;94.172;99.216
41.400;97.616;94.171;99.216
41.420;97.616;94.171;99.216
41.440;97.616;94.170;99.216
41.460;97.616;94.169;99.216
41.480;97.616;94.169;99.216
41.500;97.616;94.168;99.216
41.520;97.616;94.167;99.216
41.540;97.616;94.166;99.216
41.560;97.616;94.166;99.216
41.580;97.616;94.165;99.216
41.600;97.616;94.164;99.216
41.620;97.616;94.164;99.216
41.640;97.616;94.163;99.216
41.660;97.616;94.163;99.216
41.680;97.616;94.162;99.216
41.700;97.617;94.161;99.216
41.720;97.617;94.161;99.216
41.740;97.617;94.160;99.216
41.760;97.617;94.160;99.215
41.780;97.617;94.159;99.215
41.800;97.617;94.158;99.215
41.820;97.617;94.158;99.215
41.840;97.617;94.157;99.215
41.860;97.617;94.157;99.215
41.880;97.617;94.156;99.215
41.900;97.617;94.156;99.215
41.920;97.618;94.155;99.215
41.940;97.618;94.155;99.215
41.960;97.618;94.154;99.215
41.980;97.618;94.154;99.215
42.000;97.618;94.153;99.215
42.020;97.618;94.153;99.215
42.040;97.618;94.152;99.215
42.060;97.619;94.152;99.215
42.080;97.619;94.151;99.215
42.100;97.619;94.151;99.215
42.120;97.619;94.150;99.215
42.140;97.619;94.150;99.215
42.160;97.619;94.149;99.215
42.180;97.619;94.149;99.215
42.200;97.619;94.148;99.215
42.220;97.619;94.148;99.214
42.240;97.619;94.148;99.214
42.260;97.619;94.147;99.214
42.280;97.619;94.147;99.214
42.300;97.619;94.146;99.214
42.320;97.619;94.146;99.214
42.340;97.619;94.146;99.214
42.360;97.619;94.145;99.214
42.380;97.619;94.145;99.213
42.400;97.619;94.145;99.213
42.420;97.620;94.144;99.213
42.440;97.620;94.144;99.213
42.460;97.620;94.144;99.213
42.480;97.620;94.143;99.213
42.500;97.621;94.143;99.213
42.520;97.621;94.143;99.213
42.540;97.621;94.142;99.213
42.560;97.621;94.142;99.213
42.580;97.621;94.142;99.212
42.600;97.622;94.142;99.212
42.620;97.622;94.141;99.212
42.640;97.622;94.141;99.212
42.660;97.622;94.141;99.212
42.680;97.623;94.141;99.212
42.700;97.623;94.140;99.212
42.720;97.623;94.140;99.212
42.740;97.623;94.140;99.212
42.760;97.624;94.140;99.212
42.780;97.624;94.140;99.212
42.800;97.624;94.140;99.212
42.820;97.624;94.139;99.212
42.840;97.625;94.139;99.212
42.860;97.625;94.139;99.212
42.880;97.625;94.139;99.212
42.900;97.626;94.139;99.212
42.920;97.626;94.139;99.212
42.940;97.627;94.139;99.212
42.960;97.627;94.139;99.212
42.980;97.627;94.139;99.213
43.000;97.628;94.139;99.213
43.020;97.628;94.139;99.213
43.040;97.628;94.139;99.213
43.060;97.629;94.139;99.213
43.080;97.629;94.139;99.213
43.100;97.630;94.139;99.213
43.120;97.630;94.139;99.213
43.140;97.630;94.139;99.213
43.160;97.631;94.139;99.213
43.180;97.631;94.139;99.214
43.200;97.632;94.139;99.214
43.220;97.632;94.139;99.214
43.240;97.633;94.139;99.214
43.260;97.633;94.139;99.214
43.280;97.633;94.139;99.214
43.300;97.633;94.139;99.214
43.320;97.633;94.139;99.214
43.340;97.634;94.139;99.214
43.360;97.634;94.139;99.215
43.380;97.634;94.140;99.215
43.400;97.634;94.140;99.215
43.420;97.635;94.140;99.215
43.440;97.635;94.140;99.215
43.460;97.635;94.140;99.215
43.480;97.636;94.140;99.215
43.500;97.636;94.141;99.216
43.520;97.637;94.141;99.216
43.540;97.637;94.141;99.216
43.560;97.638;94.141;99.216
43.580;97.638;94.142;99.216
43.600;97.638;94.142;99.216
43.620;97.639;94.142;99.216
43.640;97.639;94.142;99.217
43.660;97.640;94.143;99.217
43.680;97.640;94.143;99.217
43.700;97.641;94.143;99.217
43.720;97.641;94.144;99.217
43.740;97.642;94.144;99.218
43.760;97.642;94.144;99.218
43.780;97.643;94.145;99.218
43.800;97.643;94.145;99.218
43.820;97.644;94.145;99.218
43.840;97.644;94.146;99.218
43.860;97.645;94.146;99.219
43.880;97.645;94.147;99.219
43.900;97.646;94.147;99.219
43.920;97.646;94.147;99.219
43.940;97.647;94.148;99.219
43.960;97.647;94.148;99.220
43.980;97.648;94.149;99.220
44.000;97.648;94.149;99.220
44.020;97.649;94.150;99.220
44.040;97.649;94.150;99.220
44.060;97.650;94.151;99.221
44.080;97.651;94.151;99.221
44.100;97.651;94.152;99.221
44.120;97.652;94.152;99.221
44.140;97.652;94.153;99.222
44.160;97.653;94.154;99.222
44.180;97.653;94.154;99.222
44.200;97.654;94.155;99.222
44.220;97.655;94.155;99.222
44.240;97.655;94.156;99.223
44.260;97.656;94.157;99.223
44.280;97.656;94.157;99.223
44.300;97.657;94.158;99.223
44.320;97.658;94.159;99.224
44.340;97.658;94.159;99.224
44.360;97.659;94.160;99.224
44.380;97.659;94.161;99.224
44.400;97.660;94.161;99.225
44.420;97.661;94.162;99.225
44.440;97.661;94.163;99.225
44.460;97.662;94.165;99.226
44.480;97.663;94.167;99.226
44.500;97.663;94.170;99.226
44.520;97.664;94.172;99.226
44.540;97.665;94.174;99.227
44.560;97.666;94.177;99.227
44.580;97.666;94.179;99.227
44.600;97.667;94.181;99.228
44.620;97.668;94.184;99.228
44.640;97.668;94.186;99.228
44.660;97.669;94.189;99.228
44.680;97.670;94.191;99.229
44.700;97.671;94.194;99.229
44.720;97.672;94.196;99.229
44.740;97.673;94.199;99.230
44.760;97.674;94.201;99.230
44.780;97.675;94.204;99.230
44.800;97.677;94.207;99.231
44.820;97.678;94.209;99.231
44.840;97.679;94.212;99.231
44.860;97.680;94.214;99.232
44.880;97.681;94.217;99.232
44.900;97.683;94.220;99.232
44.920;97.684;94.223;99.233
44.940;97.685;94.225;99.233
44.960;97.686;94.228;99.233
44.980;97.688;94.231;99.234
45.000;97.689;94.234;99.234
45.020;97.690;94.237;99.234
45.040;97.691;94.240;99.235
45.060;97.692;94.243;99.235
45.080;97.693;94.245;99.235
45.100;97.694;94.248;99.236
45.120;97.695;94.251;99.236
45.140;97.696;94.254;99.236
45.160;97.697;94.257;99.237
45.180;97.698;94.261;99.237
45.200;97.699;94.264;99.238
45.220;97.700;94.267;99.238
45.240;97.701;94.270;99.238
45.260;97.702;94.273;99.239
45.280;97.703;94.276;99.239
45.300;97.704;94.279;99.240
45.320;97.705;94.283;99.240
45.340;97.706;94.286;99.240
45.360;97.707;94.289;99.241
45.380;97.708;94.293;99.241
45.400;97.709;94.296;99.242
45.420;97.710;94.299;99.242
45.440;97.711;94.303;99.242
45.460;97.712;94.306;99.243
45.480;97.713;94.310;99.243
45.500;97.714;94.313;99.244
45.520;97.716;94.317;99.244
45.540;97.717;94.320;99.245
45.560;97.718;94.324;99.245
45.580;97.719;94.328;99.246
45.600;97.720;94.331;99.246
45.620;97.722;94.335;99.247
45.640;97.723;94.339;99.248
45.660;97.725;94.342;99.248
45.680;97.726;94.346;99.249
45.700;97.728;94.350;99.249
45.720;97.729;94.354;99.250
45.740;97.730;94.357;99.250
45.760;97.731;94.361;99.251
45.780;97.733;94.365;99.251
45.800;97.734;94.369;99.252
45.820;97.736;94.373;99.253
45.840;97.738;94.377;99.253
45.860;97.739;94.381;99.254
45.880;97.741;94.385;99.254
45.900;97.742;94.389;99.255
45.920;97.744;94.393;99.255
45.940;97.746;94.397;99.256
45.960;97.748;94.401;99.257
45.980;97.749;94.406;99.257
46.000;97.752;94.410;99.258
46.020;97.755;94.414;99.258
46.040;97.758;94.416;99.259
46.060;97.761;94.418;99.260
46.080;97.763;94.421;99.260
46.100;97.766;94.423;99.261
46.120;97.768;94.426;99.262
46.140;97.770;94.428;99.262
46.160;97.772;94.431;99.263
46.180;97.773;94.433;99.263
46.200;97.775;94.436;99.264
46.220;97.776;94.438;99.265
46.240;97.777;94.441;99.265
46.260;97.779;94.444;99.266
46.280;97.780;94.446;99.267
46.300;97.781;94.449;99.267
46.320;97.783;94.452;99.268
46.340;97.784;94.454;99.269
46.360;97.785;94.457;99.269
46.380;97.787;94.460;99.270
46.400;97.789;94.463;99.271
46.420;97.791;94.465;99.271
46.440;97.793;94.468;99.272
46.460;97.795;94.471;99.273
46.480;97.797;94.474;99.273
46.500;97.799;94.477;99.274
46.520;97.801;94.480;99.275
46.540;97.804;94.483;99.276
46.560;97.806;94.486;99.276
46.580;97.808;94.489;99.277
46.600;97.810;94.492;99.278
46.620;97.812;94.495;99.278
46.640;97.814;94.498;99.279
46.660;97.817;94.501;99.280
46.680;97.819;94.506;99.281
46.700;97.820;94.511;99.281
46.720;97.822;94.517;99.282
46.740;97.824;94.523;99.283
46.760;97.826;94.529;99.284
46.780;97.828;94.535;99.284
46.800;97.831;94.541;99.285
46.820;97.833;94.547;99.286
46.840;97.835;94.553;99.287
46.860;97.838;94.559;99.287
46.880;97.841;94.565;99.288
46.900;97.844;94.570;99.289
46.920;97.845;94.573;99.290
46.940;97.847;94.576;99.291
46.960;97.849;94.578;99.291
46.980;97.850;94.581;99.292
47.000;97.852;94.584;99.293
47.020;97.855;94.587;99.294
47.040;97.857;94.590;99.295
47.060;97.860;94.593;99.296
47.080;97.862;94.596;99.296
47.100;97.865;94.599;99.297
47.120;97.867;94.601;99.298
47.140;97.869;94.604;99.299
47.160;97.872;94.607;99.300
47.180;97.874;94.610;99.301
47.200;97.877;94.613;99.301
47.220;97.879;94.616;99.302
47.240;97.882;94.620;99.303
47.260;97.885;94.623;99.304
47.280;97.887;94.626;99.305
47.300;97.889;94.629;99.306
47.320;97.892;94.632;99.307
47.340;97.895;94.635;99.307
47.360;97.898;94.638;99.308
47.380;97.902;94.641;99.309
47.400;97.904;94.645;99.310
47.420;97.907;94.648;99.311
47.440;97.910;94.651;99.312
47.460;97.914;94.654;99.313
47.480;97.917;94.658;99.314
47.500;97.919;94.661;99.315
47.520;97.921;94.664;99.316
47.540;97.924;94.668;99.317
47.560;97.926;94.671;99.318
47.580;97.929;94.674;99.318
47.600;97.932;94.678;99.319
47.620;97.936;94.681;99.320
47.640;97.940;94.684;99.321
47.660;97.943;94.688;99.322
47.680;97.946;94.691;99.323
47.700;97.949;94.695;99.324
47.720;97.951;94.699;99.325
47.740;97.954;94.703;99.326
47.760;97.957;94.708;99.327
47.780;97.961;94.712;99.328
47.800;97.968;94.717;99.329
47.820;97.972;94.722;99.330
47.840;97.974;94.726;99.331
47.860;97.976;94.731;99.332
47.880;97.978;94.735;99.333
47.900;97.980;94.740;99.334
47.920;97.983;94.745;99.335
47.940;97.986;94.750;99.336
47.960;97.990;94.754;99.337
47.980;97.994;94.759;99.338
48.000;97.997;94.764;99.340
48.020;98.000;94.769;99.341
48.040;98.003;94.774;99.342
48.060;98.006;94.779;99.343
48.080;98.008;94.784;99.344
48.100;98.011;94.788;99.345
48.120;98.014;94.793;99.346
48.140;98.017;94.798;99.347
48.160;98.021;94.802;99.347
48.180;98.023;94.807;99.348
48.200;98.025;94.810;99.349
48.220;98.027;94.812;99.350
48.240;98.029;94.815;99.351
48.260;98.032;94.817;99.352
48.280;98.034;94.820;99.353
48.300;98.036;94.822;99.354
48.320;98.039;94.825;99.355
48.340;98.041;94.827;99.355
48.360;98.043;94.830;99.356
48.380;98.045;94.832;99.357
48.400;98.047;94.835;99.357
48.420;98.049;94.837;99.358
48.440;98.051;94.839;99.359
48.460;98.052;94.842;99.359
48.480;98.054;94.844;99.360
48.500;98.056;94.846;99.360
48.520;98.057;94.848;99.361
48.540;98.059;94.851;99.361
48.560;98.060;94.853;99.362
48.580;98.062;94.855;99.362
48.600;98.063;94.857;99.362
48.620;98.064;94.859;99.363
48.640;98.066;94.861;99.363
48.660;98.067;94.863;99.363
48.680;98.068;94.865;99.364
48.700;98.069;94.867;99.364
48.720;98.070;94.869;99.364
48.740;98.071;94.871;99.365
48.760;98.072;94.873;99.365
48.780;98.073;94.875;99.365
48.800;98.074;94.877;99.365
48.820;98.075;94.879;99.365
48.840;98.076;94.881;99.365
48.860;98.077;94.883;99.366
48.880;98.078;94.885;99.366
48.900;98.079;94.887;99.366
48.920;98.080;94.889;99.366
48.940;98.080;94.890;99.366
48.960;98.081;94.892;99.366
48.980;98.081;94.894;99.366
49.000;98.081;94.896;99.366
49.020;98.082;94.897;99.366
49.040;98.082;94.899;99.366
49.060;98.082;94.901;99.366
49.080;98.081;94.902;99.366
49.100;98.081;94.904;99.366
49.120;98.081;94.905;99.366
49.140;98.081;94.908;99.366
49.160;98.081;94.910;99.365
49.180;98.081;94.913;99.365
49.200;98.081;94.918;99.365
49.220;98.081;94.922;99.365
49.240;98.080;94.926;99.365
49.260;98.080;94.930;99.365
49.280;98.080;94.934;99.365
49.300;98.080;94.938;99.365
49.320;98.079;94.942;99.365
49.340;98.079;94.945;99.364
49.360;98.079;94.949;99.364
49.380;98.079;94.952;99.364
49.400;98.079;94.953;99.364
49.420;98.079;94.953;99.364
49.440;98.079;94.953;99.364
49.460;98.080;94.953;99.363
49.480;98.081;94.953;99.363
49.500;98.081;94.953;99.363
49.520;98.081;94.953;99.363
49.540;98.081;94.953;99.363
49.560;98.082;94.953;99.363
49.580;98.082;94.952;99.363
49.600;98.082;94.952;99.362
49.620;98.083;94.952;99.362
49.640;98.083;94.952;99.362
49.660;98.083;94.951;99.362
49.680;98.083;94.952;99.362
49.700;98.084;94.953;99.362
49.720;98.084;94.954;99.361
49.740;98.084;94.955;99.361
49.760;98.085;94.956;99.361
49.780;98.085;94.957;99.361
49.800;98.085;94.958;99.361
49.820;98.085;94.959;99.361
49.840;98.084;94.959;99.360
49.860;98.083;94.960;99.360
49.880;98.083;94.961;99.360
49.900;98.082;94.961;99.360
49.920;98.081;94.962;99.360
49.940;98.080;94.963;99.359
49.960;98.079;94.963;99.359
49.980;98.079;94.964;99.359
50.000;98.079;94.964;99.359
50.020;98.079;94.965;99.359
50.040;98.079;94.965;99.358
50.060;98.078;94.965;99.358
50.080;98.078;94.966;99.358
50.100;98.078;94.966;99.358
50.120;98.078;94.966;99.357
50.140;98.078;94.967;99.357
50.160;98.077;94.967;99.357
50.180;98.077;94.967;99.357
50.200;98.077;94.967;99.357
50.220;98.076;94.967;99.356
50.240;98.076;94.967;99.356
50.260;98.076;94.968;99.356
50.280;98.075;94.968;99.356
50.300;98.075;94.968;99.355
50.320;98.075;94.968;99.355
50.340;98.074;94.968;99.355
50.360;98.074;94.967;99.355
50.380;98.073;94.967;99.354
50.400;98.073;94.967;99.354
50.420;98.072;94.967;99.354
50.440;98.071;94.967;99.353
50.460;98.071;94.967;99.353
50.480;98.070;94.966;99.353
50.500;98.069;94.967;99.352
50.520;98.069;94.967;99.352
50.540;98.068;94.967;99.352
50.560;98.068;94.967;99.351
50.580;98.067;94.968;99.351
50.600;98.067;94.968;99.350
50.620;98.066;94.968;99.350
50.640;98.066;94.968;99.350
50.660;98.065;94.968;99.349
50.680;98.064;94.969;99.349
50.700;98.063;94.969;99.349
50.720;98.062;94.969;99.348
50.740;98.060;94.969;99.348
50.760;98.059;94.969;99.347
50.780;98.057;94.969;99.347
50.800;98.055;94.969;99.347
50.820;98.053;94.969;99.346
50.840;98.051;94.970;99.346
50.860;98.050;94.970;99.345
50.880;98.049;94.970;99.345
50.900;98.048;94.970;99.345
50.920;98.047;94.970;99.344
50.940;98.046;94.970;99.344
50.960;98.045;94.970;99.343
50.980;98.044;94.970;99.343
51.000;98.043;94.970;99.342
51.020;98.042;94.969;99.342
51.040;98.041;94.967;99.342
51.060;98.040;94.965;99.341
51.080;98.040;94.963;99.341
51.100;98.039;94.960;99.340
51.120;98.038;94.958;99.340
51.140;98.037;94.956;99.339
51.160;98.036;94.953;99.339
51.180;98.035;94.951;99.339
51.200;98.034;94.948;99.338
51.220;98.033;94.946;99.338
51.240;98.032;94.943;99.337
51.260;98.031;94.941;99.337
51.280;98.030;94.938;99.336
51.300;98.029;94.936;99.336
51.320;98.028;94.933;99.335
51.340;98.027;94.930;99.335
51.360;98.026;94.929;99.334
51.380;98.025;94.927;99.334
51.400;98.025;94.926;99.333
51.420;98.024;94.924;99.333
51.440;98.023;94.923;99.333
51.460;98.022;94.921;99.332
51.480;98.021;94.920;99.332
51.500;98.020;94.918;99.331
51.520;98.020;94.917;99.331
51.540;98.019;94.915;99.330
51.560;98.018;94.914;99.330
51.580;98.017;94.912;99.329
51.600;98.016;94.910;99.329
51.620;98.015;94.909;99.328
51.640;98.014;94.907;99.328
51.660;98.013;94.905;99.327
51.680;98.011;94.904;99.327
51.700;98.010;94.902;99.326
51.720;98.009;94.900;99.326
51.740;98.009;94.898;99.325
51.760;98.008;94.896;99.325
51.780;98.007;94.895;99.324
51.800;98.006;94.892;99.324
51.820;98.005;94.888;99.323
51.840;98.004;94.885;99.323
51.860;98.003;94.881;99.322
51.880;98.002;94.877;99.322
51.900;98.001;94.874;99.321
51.920;98.000;94.870;99.321
51.940;97.998;94.866;99.320
51.960;97.997;94.863;99.319
51.980;97.996;94.859;99.319
52.000;97.995;94.855;99.318
52.020;97.994;94.851;99.318
52.040;97.992;94.847;99.317
52.060;97.991;94.844;99.317
52.080;97.990;94.840;99.316
52.100;97.988;94.836;99.316
52.120;97.987;94.832;99.315
52.140;97.986;94.828;99.315
52.160;97.984;94.824;99.314
52.180;97.983;94.821;99.314
52.200;97.982;94.817;99.313
52.220;97.980;94.813;99.313
52.240;97.979;94.809;99.312
52.260;97.977;94.805;99.311
52.280;97.976;94.801;99.311
52.300;97.975;94.797;99.310
52.320;97.973;94.793;99.310
52.340;97.972;94.789;99.309
52.360;97.970;94.786;99.309
52.380;97.969;94.782;99.308
52.400;97.967;94.778;99.308
52.420;97.966;94.774;99.307
52.440;97.965;94.770;99.306
52.460;97.964;94.766;99.306
52.480;97.963;94.762;99.305
52.500;97.962;94.758;99.305
52.520;97.961;94.754;99.304
52.540;97.960;94.750;99.304
52.560;97.959;94.746;99.303
52.580;97.958;94.742;99.302
52.600;97.957;94.738;99.302
52.620;97.956;94.734;99.301
52.640;97.955;94.730;99.301
52.660;97.954;94.726;99.300
52.680;97.953;94.722;99.299
52.700;97.952;94.718;99.299
52.720;97.951;94.714;99.298
52.740;97.950;94.710;99.298
52.760;97.949;94.707;99.297
52.780;97.948;94.704;99.297
52.800;97.947;94.702;99.296
52.820;97.945;94.700;99.295
52.840;97.944;94.697;99.295
52.860;97.942;94.695;99.294
52.880;97.941;94.693;99.294
52.900;97.940;94.691;99.293
52.920;97.938;94.688;99.292
52.940;97.937;94.686;99.292
52.960;97.937;94.684;99.291
52.980;97.936;94.681;99.290
53.000;97.935;94.679;99.290
53.020;97.934;94.677;99.289
53.040;97.933;94.674;99.289
53.060;97.931;94.672;99.288
53.080;97.930;94.670;99.287
53.100;97.929;94.667;99.287
53.120;97.928;94.665;99.286
53.140;97.927;94.663;99.286
53.160;97.926;94.660;99.285
53.180;97.925;94.658;99.284
53.200;97.924;94.656;99.284
53.220;97.923;94.653;99.283
53.240;97.922;94.651;99.282
53.260;97.921;94.649;99.282
53.280;97.919;94.646;99.281
53.300;97.917;94.644;99.281
53.320;97.915;94.641;99.280
53.340;97.912;94.639;99.279
53.360;97.910;94.637;99.279
53.380;97.909;94.634;99.278
53.400;97.907;94.632;99.278
53.420;97.905;94.630;99.277
53.440;97.904;94.627;99.277
53.460;97.902;94.625;99.276
53.480;97.901;94.623;99.276
53.500;97.899;94.620;99.275
53.520;97.897;94.618;99.275
53.540;97.896;94.616;99.275
53.560;97.895;94.613;99.274
53.580;97.894;94.611;99.274
53.600;97.893;94.609;99.273
53.620;97.891;94.606;99.273
53.640;97.890;94.604;99.272
53.660;97.889;94.601;99.272
53.680;97.887;94.599;99.271
53.700;97.886;94.597;99.271
53.720;97.884;94.594;99.271
53.740;97.883;94.592;99.270
53.760;97.881;94.590;99.270
53.780;97.880;94.587;99.269
53.800;97.879;94.585;99.269
53.820;97.877;94.582;99.268
53.840;97.876;94.580;99.268
53.860;97.874;94.578;99.267
53.880;97.873;94.575;99.267
53.900;97.871;94.573;99.267
53.920;97.870;94.570;99.266
53.940;97.868;94.568;99.266
53.960;97.867;94.565;99.265
53.980;97.865;94.563;99.265
54.000;97.864;94.561;99.264
54.020;97.862;94.558;99.264
54.040;97.861;94.556;99.263
54.060;97.859;94.553;99.263
54.080;97.858;94.551;99.262
54.100;97.856;94.548;99.262
54.120;97.854;94.546;99.262
54.140;97.852;94.544;99.261
54.160;97.851;94.541;99.261
54.180;97.849;94.539;99.260
54.200;97.847;94.536;99.260
54.220;97.846;94.534;99.259
54.240;97.845;94.531;99.259
54.260;97.843;94.529;99.258
54.280;97.842;94.526;99.258
54.300;97.840;94.524;99.257
54.320;97.839;94.521;99.257
54.340;97.837;94.519;99.256
54.360;97.835;94.516;99.256
54.380;97.833;94.514;99.255
54.400;97.831;94.512;99.255
54.420;97.829;94.509;99.255
54.440;97.827;94.507;99.254
54.460;97.826;94.504;99.254
54.480;97.824;94.502;99.253
54.500;97.823;94.499;99.253
54.520;97.822;94.497;99.252
54.540;97.820;94.494;99.252
54.560;97.818;94.492;99.251
54.580;97.817;94.489;99.251
54.600;97.815;94.487;99.250
54.620;97.813;94.484;99.250
54.640;97.811;94.482;99.249
54.660;97.809;94.479;99.249
54.680;97.808;94.477;99.248
54.700;97.806;94.474;99.248
54.720;97.804;94.472;99.247
54.740;97.803;94.469;99.247
54.760;97.801;94.466;99.246
54.780;97.800;94.464;99.246
54.800;97.799;94.460;99.245
54.820;97.797;94.456;99.245
54.840;97.796;94.453;99.244
54.860;97.794;94.449;99.244
54.880;97.793;94.445;99.243
54.900;97.792;94.442;99.243
54.920;97.790;94.438;99.242
54.940;97.788;94.434;99.242
54.960;97.787;94.432;99.242
54.980;97.784;94.430;99.241
55.000;97.782;94.428;99.241
55.020;97.780;94.426;99.240
55.040;97.778;94.424;99.240
55.060;97.777;94.422;99.239
55.080;97.775;94.420;99.239
55.100;97.773;94.418;99.238
55.120;97.772;94.416;99.238
55.140;97.770;94.414;99.237
55.160;97.769;94.412;99.237
55.180;97.767;94.409;99.236
55.200;97.766;94.407;99.236
55.220;97.764;94.405;99.235
55.240;97.762;94.403;99.235
55.260;97.761;94.401;99.234
55.280;97.759;94.399;99.234
55.300;97.757;94.397;99.233
55.320;97.756;94.394;99.232
55.340;97.754;94.392;99.232
55.360;97.752;94.389;99.231
55.380;97.751;94.386;99.231
55.400;97.749;94.384;99.230
55.420;97.747;94.381;99.230
55.440;97.745;94.379;99.229
55.460;97.743;94.376;99.229
55.480;97.742;94.373;99.228
55.500;97.740;94.371;99.228
55.520;97.738;94.368;99.227
55.540;97.736;94.365;99.227
55.560;97.734;94.363;99.226
55.580;97.732;94.360;99.226
55.600;97.730;94.357;99.225
55.620;97.729;94.355;99.225
55.640;97.727;94.352;99.224
55.660;97.724;94.350;99.224
55.680;97.722;94.347;99.223
55.700;97.720;94.344;99.223
55.720;97.718;94.342;99.222
55.740;97.716;94.339;99.222
55.760;97.715;94.336;99.221
55.780;97.713;94.334;99.221
55.800;97.711;94.331;99.220
55.820;97.709;94.328;99.220
55.840;97.707;94.326;99.219
55.860;97.705;94.323;99.219
55.880;97.703;94.320;99.218
55.900;97.701;94.318;99.218
55.920;97.700;94.315;99.217
55.940;97.698;94.312;99.216
55.960;97.696;94.310;99.216
55.980;97.694;94.307;99.215
56.000;97.693;94.304;99.215
56.020;97.690;94.302;99.214
56.040;97.688;94.299;99.214
56.060;97.686;94.296;99.213
56.080;97.683;94.294;99.213
56.100;97.681;94.291;99.212
56.120;97.679;94.288;99.212
56.140;97.676;94.286;99.211
56.160;97.674;94.283;99.211
56.180;97.672;94.280;99.210
56.200;97.670;94.278;99.210
56.220;97.668;94.275;99.209
56.240;97.667;94.272;99.208
56.260;97.665;94.270;99.208
56.280;97.663;94.267;99.207
56.300;97.662;94.264;99.207
56.320;97.660;94.262;99.206
56.340;97.659;94.259;99.206
56.360;97.657;94.256;99.205
56.380;97.655;94.254;99.205
56.400;97.654;94.251;99.204
56.420;97.652;94.248;99.204
56.440;97.650;94.245;99.203
56.460;97.649;94.243;99.203
56.480;97.647;94.240;99.202
56.500;97.645;94.237;99.201
56.520;97.644;94.235;99.201
56.540;97.642;94.232;99.200
56.560;97.640;94.229;99.200
56.580;97.639;94.227;99.199
56.600;97.637;94.224;99.199
56.620;97.635;94.221;99.198
56.640;97.634;94.219;99.198
56.660;97.632;94.216;99.197
56.680;97.630;94.213;99.196
56.700;97.629;94.210;99.196
56.720;97.627;94.208;99.195
56.740;97.625;94.205;99.195
56.760;97.624;94.202;99.194
56.780;97.622;94.200;99.194
56.800;97.619;94.197;99.193
56.820;97.617;94.194;99.193
56.840;97.615;94.192;99.192
56.860;97.613;94.189;99.192
56.880;97.611;94.186;99.191
56.900;97.609;94.183;99.190
56.920;97.606;94.181;99.190
56.940;97.604;94.178;99.189
56.960;97.602;94.175;99.189
56.980;97.600;94.173;99.188
57.000;97.598;94.170;99.187
57.020;97.595;94.167;99.187
57.040;97.593;94.165;99.186
57.060;97.592;94.162;99.185
57.080;97.590;94.159;99.184
57.100;97.589;94.155;99.184
57.120;97.587;94.149;99.183
57.140;97.586;94.143;99.182
57.160;97.584;94.137;99.181
57.180;97.582;94.131;99.181
57.200;97.581;94.125;99.180
57.220;97.579;94.118;99.179
57.240;97.577;94.112;99.178
57.260;97.575;94.106;99.178
57.280;97.572;94.100;99.177
57.300;97.570;94.093;99.176
57.320;97.567;94.087;99.175
57.340;97.565;94.081;99.175
57.360;97.563;94.075;99.174
57.380;97.560;94.069;99.173
57.400;97.558;94.062;99.172
57.420;97.555;94.056;99.172
57.440;97.553;94.050;99.171
57.460;97.550;94.044;99.170
57.480;97.548;94.037;99.169
57.500;97.545;94.031;99.168
57.520;97.543;94.025;99.168
57.540;97.540;94.018;99.167
57.560;97.538;94.012;99.166
57.580;97.535;94.006;99.165
57.600;97.533;93.999;99.165
57.620;97.530;93.993;99.164
57.640;97.528;93.987;99.163
57.660;97.525;93.980;99.162
57.680;97.522;93.974;99.161
57.700;97.520;93.968;99.161
57.720;97.517;93.961;99.160
57.740;97.515;93.955;99.159
57.760;97.512;93.948;99.158
57.780;97.510;93.942;99.158
57.800;97.507;93.936;99.157
57.820;97.505;93.929;99.156
57.840;97.502;93.923;99.155
57.860;97.500;93.916;99.154
57.880;97.497;93.910;99.154
57.900;97.495;93.903;99.153
57.920;97.493;93.897;99.152
57.940;97.491;93.890;99.151
57.960;97.489;93.884;99.150
57.980;97.487;93.878;99.150
58.000;97.486;93.871;99.149
58.020;97.484;93.864;99.148
58.040;97.482;93.858;99.147
58.060;97.480;93.851;99.146
58.080;97.478;93.845;99.146
58.100;97.477;93.838;99.145
58.120;97.475;93.832;99.144
58.140;97.473;93.825;99.143
58.160;97.471;93.819;99.142
58.180;97.468;93.813;99.142
58.200;97.467;93.812;99.141
58.220;97.465;93.810;99.140
58.240;97.463;93.809;99.139
58.260;97.461;93.807;99.138
58.280;97.459;93.806;99.138
58.300;97.456;93.805;99.137
58.320;97.455;93.803;99.136
58.340;97.453;93.802;99.135
58.360;97.452;93.800;99.134
58.380;97.450;93.799;99.134
58.400;97.448;93.798;99.133
58.420;97.446;93.796;99.132
58.440;97.443;93.795;99.131
58.460;97.441;93.793;99.131
58.480;97.439;93.792;99.130
58.500;97.437;93.791;99.130
58.520;97.436;93.789;99.129
58.540;97.434;93.788;99.129
58.560;97.431;93.786;99.128
58.580;97.429;93.785;99.128
58.600;97.427;93.784;99.127
58.620;97.424;93.782;99.127
58.640;97.422;93.781;99.126
58.660;97.420;93.779;99.126
58.680;97.417;93.778;99.125
58.700;97.415;93.777;99.125
58.720;97.413;93.775;99.124
58.740;97.410;93.774;99.124
58.760;97.408;93.772;99.123
58.780;97.406;93.771;99.123
58.800;97.403;93.770;99.123
58.820;97.401;93.768;99.122
58.840;97.399;93.767;99.122
58.860;97.396;93.765;99.121
58.880;97.394;93.764;99.121
58.900;97.392;93.763;99.120
58.920;97.389;93.761;99.120
58.940;97.387;93.760;99.119
58.960;97.385;93.758;99.119
58.980;97.383;93.757;99.118
59.000;97.382;93.756;99.118
59.020;97.380;93.754;99.117
59.040;97.378;93.753;99.117
59.060;97.376;93.751;99.116
59.080;97.374;93.750;99.116
59.100;97.373;93.748;99.115
59.120;97.371;93.747;99.115
59.140;97.369;93.746;99.115
59.160;97.367;93.744;99.114
59.180;97.366;93.743;99.114
59.200;97.364;93.741;99.113
59.220;97.362;93.740;99.113
59.240;97.360;93.739;99.112
59.260;97.358;93.737;99.112
59.280;97.357;93.736;99.111
59.300;97.354;93.734;99.111
59.320;97.351;93.733;99.110
59.340;97.349;93.731;99.110
59.360;97.346;93.730;99.109
59.380;97.344;93.729;99.109
59.400;97.342;93.727;99.108
59.420;97.340;93.726;99.108
59.440;97.337;93.719;99.108
59.460;97.335;93.712;99.107
59.480;97.333;93.704;99.107
59.500;97.331;93.697;99.106
59.520;97.329;93.689;99.106
59.540;97.326;93.681;99.105
59.560;97.324;93.674;99.105
59.580;97.322;93.666;99.104
59.600;97.319;93.659;99.104
59.620;97.317;93.651;99.103
59.640;97.315;93.643;99.103
59.660;97.313;93.636;99.102
59.680;97.311;93.628;99.102
59.700;97.309;93.620;99.102
59.720;97.307;93.613;99.101
59.740;97.305;93.605;99.101
59.760;97.303;93.597;99.100
59.780;97.301;93.590;99.100
59.800;97.299;93.582;99.099
59.820;97.297;93.574;99.099
59.840;97.295;93.567;99.098
59.860;97.293;93.559;99.098
59.880;97.291;93.551;99.097
59.900;97.289;93.545;99.097
59.920;97.287;93.542;99.096
59.940;97.285;93.539;99.096
59.960;97.283;93.536;99.096
59.980;97.281;93.533;99.095
60.000;97.279;93.530;99.095
60.020;97.277;93.526;99.094
60.040;97.275;93.523;99.094
60.060;97.274;93.520;99.093
60.080;97.272;93.517;99.093
60.100;97.270;93.514;99.092
60.120;97.269;93.511;99.092
60.140;97.267;93.508;99.091
60.160;97.265;93.505;99.091
60.180;97.262;93.502;99.091
60.200;97.260;93.499;99.090
60.220;97.258;93.496;99.090
60.240;97.256;93.493;99.089
60.260;97.253;93.490;99.089
60.280;97.251;93.487;99.088
60.300;97.249;93.484;99.088
60.320;97.248;93.481;99.087
60.340;97.246;93.478;99.087
60.360;97.244;93.475;99.086
60.380;97.242;93.471;99.086
60.400;97.240;93.468;99.086
60.420;97.238;93.465;99.085
60.440;97.237;93.462;99.085
60.460;97.235;93.459;99.084
60.480;97.233;93.456;99.084
60.500;97.231;93.453;99.083
60.520;97.230;93.450;99.083
60.540;97.228;93.447;99.082
60.560;97.226;93.444;99.082
60.580;97.225;93.441;99.081
60.600;97.223;93.437;99.081
60.620;97.222;93.434;99.081
60.640;97.220;93.431;99.080
60.660;97.218;93.428;99.080
60.680;97.216;93.425;99.079
60.700;97.214;93.422;99.079
60.720;97.212;93.419;99.078
60.740;97.210;93.416;99.077
60.760;97.208;93.413;99.077
60.780;97.206;93.410;99.076
60.800;97.204;93.406;99.076
60.820;97.202;93.403;99.075
60.840;97.201;93.400;99.074
60.860;97.199;93.397;99.074
60.880;97.197;93.394;99.073
60.900;97.195;93.391;99.072
60.920;97.193;93.388;99.072
60.940;97.192;93.385;99.071
60.960;97.190;93.381;99.071
60.980;97.188;93.378;99.070
61.000;97.186;93.375;99.069
61.020;97.184;93.372;99.069
61.040;97.183;93.369;99.068
61.060;97.181;93.366;99.068
61.080;97.179;93.363;99.067
61.100;97.177;93.359;99.066
61.120;97.175;93.356;99.066
61.140;97.174;93.353;99.065
61.160;97.172;93.350;99.065
61.180;97.170;93.347;99.064
61.200;97.168;93.344;99.063
61.220;97.167;93.340;99.063
61.240;97.165;93.337;99.062
61.260;97.163;93.334;99.062
61.280;97.161;93.331;99.061
61.300;97.159;93.328;99.060
61.320;97.158;93.325;99.060
61.340;97.156;93.321;99.059
61.360;97.154;93.318;99.059
61.380;97.151;93.315;99.058
61.400;97.149;93.312;99.057
61.420;97.148;93.309;99.057
61.440;97.146;93.305;99.056
61.460;97.145;93.302;99.055
61.480;97.143;93.299;99.055
61.500;97.142;93.296;99.054
61.520;97.140;93.293;99.054
61.540;97.138;93.290;99.053
61.560;97.136;93.286;99.052
61.580;97.134;93.283;99.052
61.600;97.133;93.280;99.051
61.620;97.130;93.275;99.051
61.640;97.128;93.271;99.050
61.660;97.126;93.267;99.049
61.680;97.124;93.262;99.049
61.700;97.121;93.258;99.048
61.720;97.119;93.253;99.048
61.740;97.117;93.249;99.047
61.760;97.114;93.245;99.046
61.780;97.112;93.240;99.046
61.800;97.111;93.236;99.045
61.820;97.110;93.227;99.044
61.840;97.109;93.217;99.044
61.860;97.107;93.206;99.043
61.880;97.106;93.196;99.043
61.900;97.105;93.191;99.042
61.920;97.103;93.189;99.041
61.940;97.102;93.188;99.041
61.960;97.101;93.186;99.040
61.980;97.099;93.185;99.040
62.000;97.097;93.183;99.039
62.020;97.095;93.176;99.038
62.040;97.093;93.167;99.038
62.060;97.089;93.158;99.037
62.080;97.086;93.149;99.037
62.100;97.084;93.140;99.036
62.120;97.082;93.131;99.035
62.140;97.080;93.122;99.035
62.160;97.078;93.113;99.034
62.180;97.077;93.104;99.033
62.200;97.075;93.095;99.033
62.220;97.073;93.086;99.032
62.240;97.072;93.081;99.032
62.260;97.070;93.077;99.031
62.280;97.068;93.072;99.030
62.300;97.066;93.068;99.030
62.320;97.065;93.064;99.029
62.340;97.063;93.060;99.029
62.360;97.061;93.056;99.028
62.380;97.060;93.052;99.027
62.400;97.058;93.048;99.027
62.420;97.056;93.044;99.026
62.440;97.054;93.040;99.026
62.460;97.053;93.036;99.025
62.480;97.051;93.031;99.024
62.500;97.049;93.027;99.024
62.520;97.047;93.023;99.023
62.540;97.044;93.019;99.023
62.560;97.042;93.015;99.022
62.580;97.040;93.011;99.021
62.600;97.039;93.007;99.021
62.620;97.036;93.003;99.020
62.640;97.035;92.999;99.020
62.660;97.033;92.995;99.019
62.680;97.032;92.991;99.018
62.700;97.030;92.987;99.018
62.720;97.029;92.983;99.017
62.740;97.027;92.979;99.016
62.760;97.026;92.975;99.016
62.780;97.024;92.971;99.015
62.800;97.023;92.967;99.015
62.820;97.022;92.963;99.014
62.840;97.020;92.958;99.013
62.860;97.018;92.954;99.013
62.880;97.016;92.950;99.012
62.900;97.014;92.946;99.012
62.920;97.013;92.942;99.011
62.940;97.011;92.938;99.010
62.960;97.010;92.934;99.010
62.980;97.008;92.928;99.009
63.000;97.005;92.922;99.009
63.020;97.003;92.915;99.008
63.040;97.001;92.909;99.007
63.060;96.998;92.902;99.007
63.080;96.996;92.895;99.006
63.100;96.994;92.889;99.006
63.120;96.991;92.882;99.005
63.140;96.989;92.875;99.004
63.160;96.987;92.869;99.004
63.180;96.984;92.862;99.003
63.200;96.982;92.855;99.003
63.220;96.980;92.849;99.002
63.240;96.977;92.842;99.001
63.260;96.975;92.835;99.001
63.280;96.972;92.829;99.000
63.300;96.970;92.822;99.000
63.320;96.967;92.815;98.999
63.340;96.964;92.808;98.998
63.360;96.961;92.802;98.998
63.380;96.958;92.795;98.997
63.400;96.957;92.788;98.997
63.420;96.955;92.781;98.996
63.440;96.954;92.775;98.995
63.460;96.953;92.768;98.995
63.480;96.951;92.761;98.994
63.500;96.949;92.754;98.994
63.520;96.947;92.747;98.993
63.540;96.945;92.740;98.993
63.560;96.943;92.733;98.992
63.580;96.941;92.726;98.991
63.600;96.939;92.719;98.991
63.620;96.937;92.712;98.990
63.640;96.935;92.705;98.990
63.660;96.933;92.698;98.989
63.680;96.930;92.691;98.988
63.700;96.928;92.684;98.988
63.720;96.926;92.677;98.987
63.740;96.924;92.669;98.987
63.760;96.922;92.662;98.986
63.780;96.920;92.655;98.985
63.800;96.918;92.648;98.985
63.820;96.916;92.641;98.984
63.840;96.914;92.634;98.984
63.860;96.912;92.627;98.983
63.880;96.910;92.619;98.982
63.900;96.907;92.612;98.982
63.920;96.905;92.605;98.981
63.940;96.903;92.598;98.981
63.960;96.902;92.591;98.980
63.980;96.900;92.583;98.979
64.000;96.898;92.575;98.978
64.020;96.897;92.568;98.977
64.040;96.895;92.560;98.976
64.060;96.893;92.552;98.975
64.080;96.891;92.544;98.974
64.100;96.890;92.536;98.974
64.120;96.888;92.528;98.973
64.140;96.886;92.520;98.972
64.160;96.884;92.512;98.971
64.180;96.883;92.504;98.970
64.200;96.881;92.497;98.969
64.220;96.879;92.489;98.968
64.240;96.877;92.481;98.968
64.260;96.876;92.473;98.967
64.280;96.874;92.466;98.966
64.300;96.872;92.458;98.965
64.320;96.870;92.450;98.964
64.340;96.869;92.442;98.963
64.360;96.867;92.434;98.962
64.380;96.865;92.427;98.961
64.400;96.864;92.419;98.961
64.420;96.862;92.411;98.960
64.440;96.859;92.402;98.959
64.460;96.856;92.393;98.958
64.480;96.853;92.383;98.957
64.500;96.851;92.373;98.956
64.520;96.848;92.363;98.955
64.540;96.845;92.353;98.955
64.560;96.843;92.343;98.954
64.580;96.840;92.333;98.953
64.600;96.837;92.323;98.952
64.620;96.834;92.314;98.951
64.640;96.832;92.304;98.950
64.660;96.829;92.294;98.949
64.680;96.826;92.284;98.948
64.700;96.823;92.274;98.948
64.720;96.821;92.264;98.947
64.740;96.818;92.254;98.946
64.760;96.815;92.244;98.945
64.780;96.812;92.234;98.944
64.800;96.810;92.224;98.943
64.820;96.807;92.214;98.942
64.840;96.804;92.204;98.941
64.860;96.801;92.194;98.940
64.880;96.798;92.184;98.940
64.900;96.795;92.174;98.939
64.920;96.792;92.164;98.938
64.940;96.788;92.154;98.937
64.960;96.785;92.144;98.936
64.980;96.782;92.134;98.935
65.000;96.779;92.124;98.934
65.020;96.777;92.119;98.933
65.040;96.774;92.113;98.932
65.060;96.772;92.108;98.932
65.080;96.770;92.103;98.931
65.100;96.767;92.097;98.930
65.120;96.765;92.092;98.930
65.140;96.762;92.087;98.929
65.160;96.760;92.082;98.929
65.180;96.758;92.076;98.928
65.200;96.756;92.071;98.928
65.220;96.754;92.066;98.927
65.240;96.753;92.060;98.927
65.260;96.751;92.055;98.926
65.280;96.750;92.050;98.926
65.300;96.748;92.044;98.925
65.320;96.746;92.039;98.925
65.340;96.744;92.034;98.924
65.360;96.741;92.028;98.924
65.380;96.739;92.023;98.923
65.400;96.737;92.017;98.923
65.420;96.735;92.009;98.922
65.440;96.733;92.001;98.922
65.460;96.730;91.992;98.921
65.480;96.728;91.984;98.921
65.500;96.726;91.976;98.920
65.520;96.724;91.968;98.920
65.540;96.721;91.960;98.919
65.560;96.719;91.952;98.919
65.580;96.717;91.943;98.918
65.600;96.714;91.935;98.918
65.620;96.710;91.927;98.917
65.640;96.707;91.919;98.917
65.660;96.704;91.911;98.916
65.680;96.701;91.902;98.915
65.700;96.698;91.894;98.914
65.720;96.694;91.886;98.913
65.740;96.691;91.878;98.912
65.760;96.688;91.869;98.911
65.780;96.685;91.861;98.910
65.800;96.681;91.853;98.909
65.820;96.678;91.845;98.908
65.840;96.675;91.836;98.907
65.860;96.672;91.828;98.906
65.880;96.670;91.821;98.905
65.900;96.669;91.818;98.904
65.920;96.668;91.814;98.903
65.940;96.667;91.810;98.902
65.960;96.666;91.806;98.901
65.980;96.665;91.803;98.900
66.000;96.663;91.799;98.900
66.020;96.661;91.795;98.899
66.040;96.661;91.792;98.898
66.060;96.660;91.788;98.897
66.080;96.659;91.784;98.896
66.100;96.658;91.780;98.895
66.120;96.657;91.777;98.894
66.140;96.656;91.773;98.893
66.160;96.655;91.765;98.892
66.180;96.653;91.757;98.891
66.200;96.651;91.749;98.890
66.220;96.649;91.741;98.889
66.240;96.646;91.733;98.888
66.260;96.644;91.725;98.887
66.280;96.641;91.717;98.886
66.300;96.639;91.709;98.885
66.320;96.638;91.701;98.884
66.340;96.636;91.693;98.883
66.360;96.634;91.685;98.882
66.380;96.631;91.677;98.881
66.400;96.629;91.669;98.880
66.420;96.626;91.661;98.879
66.440;96.624;91.653;98.878
66.460;96.622;91.645;98.877
66.480;96.620;91.637;98.876
66.500;96.618;91.629;98.874
66.520;96.616;91.621;98.873
66.540;96.612;91.613;98.872
66.560;96.610;91.605;98.871
66.580;96.608;91.597;98.870
66.600;96.607;91.589;98.869
66.620;96.605;91.584;98.868
66.640;96.604;91.579;98.867
66.660;96.602;91.574;98.866
66.680;96.601;91.569;98.865
66.700;96.599;91.564;98.864
66.720;96.597;91.559;98.863
66.740;96.594;91.554;98.862
66.760;96.592;91.549;98.862
66.780;96.590;91.543;98.861
66.800;96.587;91.538;98.861
66.820;96.585;91.533;98.860
66.840;96.582;91.528;98.859
66.860;96.580;91.523;98.858
66.880;96.578;91.518;98.857
66.900;96.575;91.513;98.856
66.920;96.573;91.508;98.855
66.940;96.571;91.503;98.854
66.960;96.570;91.498;98.854
66.980;96.568;91.492;98.853
67.000;96.567;91.487;98.852
67.020;96.565;91.482;98.851
67.040;96.564;91.477;98.850
67.060;96.562;91.472;98.849
67.080;96.561;91.467;98.848
67.100;96.559;91.462;98.847
67.120;96.558;91.457;98.846
67.140;96.557;91.452;98.845
67.160;96.555;91.446;98.844
67.180;96.553;91.441;98.843
67.200;96.551;91.436;98.842
67.220;96.548;91.431;98.841
67.240;96.546;91.426;98.840
67.260;96.544;91.421;98.839
67.280;96.542;91.416;98.838
67.300;96.540;91.411;98.837
67.320;96.538;91.405;98.836
67.340;96.536;91.400;98.835
67.360;96.533;91.395;98.834
67.380;96.531;91.390;98.833
67.400;96.530;91.385;98.832
67.420;96.528;91.380;98.831
67.440;96.526;91.375;98.830
67.460;96.524;91.369;98.830
67.480;96.522;91.364;98.829
67.500;96.519;91.359;98.828
67.520;96.517;91.354;98.827
67.540;96.514;91.349;98.826
67.560;96.512;91.344;98.825
67.580;96.509;91.339;98.824
67.600;96.507;91.334;98.823
67.620;96.504;91.329;98.822
67.640;96.502;91.324;98.821
67.660;96.499;91.318;98.820
67.680;96.497;91.313;98.819
67.700;96.494;91.308;98.818
67.720;96.492;91.303;98.817
67.740;96.489;91.298;98.816
67.760;96.487;91.293;98.815
67.780;96.485;91.288;98.814
67.800;96.482;91.283;98.813
67.820;96.480;91.278;98.812
67.840;96.478;91.273;98.811
67.860;96.476;91.268;98.810
67.880;96.475;91.262;98.809
67.900;96.474;91.257;98.808
67.920;96.471;91.252;98.807
67.940;96.468;91.247;98.806
67.960;96.466;91.242;98.805
67.980;96.463;91.237;98.804
68.000;96.460;91.232;98.803
68.020;96.458;91.227;98.802
68.040;96.455;91.222;98.802
68.060;96.451;91.216;98.801
68.080;96.447;91.211;98.800
68.100;96.442;91.206;98.800
68.120;96.438;91.201;98.799
68.140;96.435;91.196;98.798
68.160;96.432;91.190;98.798
68.180;96.428;91.174;98.797
68.200;96.426;91.158;98.796
68.220;96.424;91.143;98.796
68.240;96.423;91.127;98.795
68.260;96.421;91.111;98.794
68.280;96.419;91.095;98.794
68.300;96.417;91.080;98.793
68.320;96.416;91.064;98.792
68.340;96.414;91.048;98.792
68.360;96.412;91.032;98.791
68.380;96.410;91.016;98.790
68.400;96.408;91.000;98.790
68.420;96.407;90.984;98.789
68.440;96.405;90.968;98.788
68.460;96.403;90.962;98.788
68.480;96.401;90.960;98.787
68.500;96.400;90.957;98.786
68.520;96.398;90.955;98.786
68.540;96.396;90.953;98.785
68.560;96.394;90.951;98.784
68.580;96.393;90.948;98.784
68.600;96.391;90.946;98.783
68.620;96.389;90.944;98.782
68.640;96.387;90.942;98.782
68.660;96.386;90.939;98.781
68.680;96.384;90.937;98.780
68.700;96.382;90.935;98.780
68.720;96.380;90.932;98.779
68.740;96.379;90.930;98.778
68.760;96.377;90.928;98.778
68.780;96.375;90.926;98.777
68.800;96.373;90.923;98.776
68.820;96.371;90.921;98.776
68.840;96.368;90.919;98.775
68.860;96.365;90.916;98.774
68.880;96.362;90.914;98.774
68.900;96.359;90.912;98.773
68.920;96.356;90.904;98.772
68.940;96.354;90.896;98.772
68.960;96.351;90.888;98.771
68.980;96.348;90.879;98.770
69.000;96.345;90.871;98.770
69.020;96.342;90.863;98.769
69.040;96.339;90.855;98.768
69.060;96.336;90.846;98.768
69.080;96.333;90.838;98.767
69.100;96.330;90.830;98.766
69.120;96.328;90.821;98.766
69.140;96.326;90.813;98.765
69.160;96.324;90.805;98.764
69.180;96.322;90.796;98.764
69.200;96.320;90.788;98.763
69.220;96.318;90.780;98.762
69.240;96.316;90.771;98.762
69.260;96.315;90.763;98.761
69.280;96.313;90.755;98.760
69.300;96.311;90.746;98.760
69.320;96.309;90.738;98.759
69.340;96.307;90.730;98.758
69.360;96.305;90.721;98.758
69.380;96.303;90.713;98.757
69.400;96.301;90.704;98.756
69.420;96.299;90.697;98.756
69.440;96.297;90.687;98.755
69.460;96.295;90.679;98.754
69.480;96.293;90.670;98.754
69.500;96.292;90.662;98.753
69.520;96.290;90.653;98.752
69.540;96.288;90.644;98.752
69.560;96.286;90.636;98.751
69.580;96.284;90.627;98.750
69.600;96.282;90.618;98.750
69.620;96.280;90.610;98.749
69.640;96.278;90.601;98.748
69.660;96.276;90.592;98.748
69.680;96.274;90.584;98.747
69.700;96.272;90.575;98.746
69.720;96.270;90.566;98.746
69.740;96.268;90.558;98.745
69.760;96.267;90.549;98.744
69.780;96.265;90.540;98.743
69.800;96.263;90.531;98.743
69.820;96.260;90.523;98.742
69.840;96.258;90.514;98.741
69.860;96.256;90.505;98.741
69.880;96.253;90.496;98.740
69.900;96.251;90.488;98.739
69.920;96.249;90.479;98.739
69.940;96.246;90.470;98.738
69.960;96.244;90.461;98.737
69.980;96.242;90.452;98.737
70.000;96.239;90.444;98.736
70.020;96.237;90.435;98.735
70.040;96.235;90.426;98.735
70.060;96.232;90.417;98.734
70.080;96.230;90.408;98.733
70.100;96.228;90.399;98.733
70.120;96.225;90.390;98.732
70.140;96.223;90.382;98.731
70.160;96.221;90.373;98.731
70.180;96.219;90.364;98.730
70.200;96.217;90.355;98.729
70.220;96.215;90.346;98.729
70.240;96.213;90.337;98.728
70.260;96.211;90.328;98.727
70.280;96.209;90.319;98.727
70.300;96.207;90.310;98.726
70.320;96.205;90.301;98.725
70.340;96.203;90.292;98.724
70.360;96.201;90.283;98.723
70.380;96.199;90.275;98.722
70.400;96.197;90.266;98.721
70.420;96.195;90.257;98.720
70.440;96.193;90.248;98.719
70.460;96.191;90.240;98.718
70.480;96.189;90.231;98.717
70.500;96.187;90.222;98.716
70.520;96.184;90.213;98.715
70.540;96.182;90.204;98.714
70.560;96.179;90.196;98.713
70.580;96.176;90.187;98.712
70.600;96.173;90.178;98.711
70.620;96.171;90.169;98.710
70.640;96.170;90.160;98.709
70.660;96.168;90.151;98.708
70.680;96.166;90.143;98.707
70.700;96.165;90.134;98.706
70.720;96.163;90.125;98.705
70.740;96.161;90.116;98.703
70.760;96.158;90.107;98.702
70.780;96.156;90.098;98.701
70.800;96.154;90.089;98.700
70.820;96.151;90.080;98.699
70.840;96.149;90.071;98.698
70.860;96.147;90.062;98.697
70.880;96.145;90.053;98.696
70.900;96.142;90.044;98.695
70.920;96.140;90.036;98.694
70.940;96.138;90.027;98.693
70.960;96.136;90.018;98.692
70.980;96.133;90.009;98.691
71.000;96.132;90.000;98.690
71.020;96.130;89.991;98.689
71.040;96.128;89.982;98.688
71.060;96.127;89.973;98.687
71.080;96.125;89.964;98.686
71.100;96.123;89.958;98.685
71.120;96.120;89.954;98.684
71.140;96.117;89.950;98.682
71.160;96.114;89.946;98.681
71.180;96.110;89.942;98.680
71.200;96.106;89.938;98.679
71.220;96.103;89.934;98.678
71.240;96.100;89.930;98.676
71.260;96.097;89.926;98.675
71.280;96.094;89.922;98.674
71.300;96.091;89.918;98.673
71.320;96.088;89.914;98.671
71.340;96.085;89.910;98.670
71.360;96.082;89.906;98.669
71.380;96.079;89.902;98.667
71.400;96.077;89.898;98.666
71.420;96.074;89.894;98.665
71.440;96.071;89.890;98.664
71.460;96.068;89.886;98.662
71.480;96.065;89.882;98.661
71.500;96.062;89.878;98.660
71.520;96.059;89.874;98.658
71.540;96.055;89.869;98.657
71.560;96.051;89.865;98.656
71.580;96.047;89.861;98.655
71.600;96.043;89.857;98.653
71.620;96.039;89.853;98.652
71.640;96.035;89.849;98.651
71.660;96.031;89.845;98.649
71.680;96.027;89.841;98.648
71.700;96.023;89.837;98.647
71.720;96.019;89.833;98.646
71.740;96.015;89.829;98.644
71.760;96.011;89.825;98.643
71.780;96.007;89.821;98.642
71.800;96.003;89.816;98.640
71.820;95.999;89.812;98.639
71.840;95.995;89.808;98.638
71.860;95.992;89.804;98.637
71.880;95.989;89.800;98.635
71.900;95.986;89.796;98.634
71.920;95.982;89.792;98.633
71.940;95.978;89.788;98.631
71.960;95.975;89.784;98.630
71.980;95.971;89.779;98.629
72.000;95.968;89.775;98.627
72.020;95.965;89.762;98.626
72.040;95.962;89.749;98.625
72.060;95.959;89.735;98.623
72.080;95.956;89.722;98.622
72.100;95.953;89.708;98.621
72.120;95.950;89.695;98.620
72.140;95.947;89.681;98.618
72.160;95.944;89.668;98.617
72.180;95.941;89.654;98.616
72.200;95.938;89.640;98.614
72.220;95.936;89.627;98.613
72.240;95.934;89.613;98.612
72.260;95.932;89.599;98.610
72.280;95.929;89.586;98.609
72.300;95.927;89.572;98.608
72.320;95.925;89.558;98.607
72.340;95.923;89.545;98.606
72.360;95.921;89.531;98.606
72.380;95.918;89.517;98.605
72.400;95.916;89.503;98.604
72.420;95.914;89.489;98.603
72.440;95.912;89.475;98.602
72.460;95.910;89.462;98.601
72.480;95.907;89.448;98.600
72.500;95.905;89.434;98.600
72.520;95.903;89.420;98.599
72.540;95.901;89.406;98.598
72.560;95.899;89.392;98.597
72.580;95.898;89.378;98.596
72.600;95.895;89.364;98.595
72.620;95.893;89.350;98.594
72.640;95.891;89.336;98.594
72.660;95.889;89.322;98.593
72.680;95.886;89.308;98.592
72.700;95.884;89.294;98.591
72.720;95.882;89.279;98.590
72.740;95.879;89.265;98.589
72.760;95.877;89.251;98.588
72.780;95.874;89.237;98.588
72.800;95.870;89.223;98.587
72.820;95.867;89.209;98.586
72.840;95.863;89.195;98.585
72.860;95.860;89.181;98.584
72.880;95.857;89.166;98.583
72.900;95.853;89.152;98.582
72.920;95.851;89.138;98.581
72.940;95.849;89.124;98.581
72.960;95.847;89.110;98.580
72.980;95.844;89.099;98.579
73.000;95.842;89.093;98.578
73.020;95.840;89.086;98.577
73.040;95.837;89.079;98.576
73.060;95.835;89.072;98.575
73.080;95.832;89.066;98.574
73.100;95.829;89.059;98.573
73.120;95.826;89.052;98.572
73.140;95.822;89.046;98.571
73.160;95.819;89.039;98.569
73.180;95.815;89.032;98.568
73.200;95.812;89.026;98.567
73.220;95.809;89.019;98.566
73.240;95.806;89.012;98.565
73.260;95.804;89.006;98.564
73.280;95.802;88.999;98.562
73.300;95.799;88.992;98.561
73.320;95.797;88.986;98.560
73.340;95.794;88.979;98.559
73.360;95.792;88.971;98.558
73.380;95.790;88.958;98.556
73.400;95.787;88.945;98.555
73.420;95.785;88.931;98.554
73.440;95.782;88.918;98.553
73.460;95.780;88.904;98.552
73.480;95.777;88.891;98.550
73.500;95.774;88.877;98.549
73.520;95.772;88.864;98.548
73.540;95.769;88.850;98.547
73.560;95.767;88.836;98.546
73.580;95.765;88.823;98.544
73.600;95.762;88.809;98.543
73.620;95.760;88.796;98.542
73.640;95.758;88.782;98.541
73.660;95.755;88.768;98.540
73.680;95.752;88.755;98.538
73.700;95.749;88.741;98.537
73.720;95.746;88.727;98.536
73.740;95.743;88.714;98.535
73.760;95.740;88.700;98.534
73.780;95.738;88.686;98.532
73.800;95.735;88.672;98.531
73.820;95.732;88.659;98.530
73.840;95.730;88.645;98.529
73.860;95.727;88.631;98.527
73.880;95.724;88.617;98.526
73.900;95.721;88.603;98.525
73.920;95.718;88.590;98.524
73.940;95.715;88.576;98.523
73.960;95.711;88.562;98.521
73.980;95.708;88.548;98.520
74.000;95.705;88.534;98.519
74.020;95.701;88.522;98.518
74.040;95.698;88.512;98.516
74.060;95.695;88.501;98.515
74.080;95.692;88.491;98.514
74.100;95.689;88.480;98.513
74.120;95.686;88.469;98.512
74.140;95.684;88.459;98.510
74.160;95.682;88.448;98.509
74.180;95.679;88.437;98.508
74.200;95.676;88.427;98.507
74.220;95.672;88.416;98.505
74.240;95.668;88.405;98.504
74.260;95.664;88.395;98.503
74.280;95.660;88.384;98.502
74.300;95.657;88.373;98.500
74.320;95.655;88.362;98.499
74.340;95.653;88.352;98.498
74.360;95.651;88.341;98.497
74.380;95.649;88.330;98.495
74.400;95.646;88.319;98.494
74.420;95.643;88.309;98.493
74.440;95.640;88.298;98.492
74.460;95.637;88.287;98.490
74.480;95.634;88.276;98.489
74.500;95.631;88.265;98.488
74.520;95.628;88.255;98.486
74.540;95.625;88.244;98.485
74.560;95.622;88.233;98.484
74.580;95.620;88.222;98.483
74.600;95.618;88.210;98.481
74.620;95.616;88.194;98.480
74.640;95.614;88.178;98.479
74.660;95.613;88.162;98.478
74.680;95.611;88.146;98.476
74.700;95.609;88.130;98.475
74.720;95.607;88.114;98.474
74.740;95.605;88.098;98.472
74.760;95.602;88.082;98.471
74.780;95.600;88.066;98.471
74.800;95.597;88.050;98.470
74.820;95.594;88.033;98.470
74.840;95.590;88.017;98.469
74.860;95.588;88.001;98.468
74.880;95.585;87.985;98.468
74.900;95.583;87.969;98.467
74.920;95.580;87.952;98.467
74.940;95.578;87.936;98.466
74.960;95.575;87.920;98.466
74.980;95.573;87.904;98.465
75.000;95.570;87.887;98.465
75.020;95.568;87.871;98.464
75.040;95.566;87.855;98.464
75.060;95.564;87.838;98.463
75.080;95.562;87.822;98.463
75.100;95.561;87.806;98.462
75.120;95.559;87.790;98.462
75.140;95.557;87.773;98.461
75.160;95.556;87.757;98.461
75.180;95.554;87.741;98.460
75.200;95.552;87.725;98.459
75.220;95.550;87.708;98.459
75.240;95.548;87.692;98.458
75.260;95.546;87.681;98.458
75.280;95.544;87.673;98.457
75.300;95.542;87.665;98.457
75.320;95.539;87.657;98.456
75.340;95.537;87.649;98.456
75.360;95.535;87.641;98.455
75.380;95.533;87.633;98.455
75.400;95.530;87.625;98.454
75.420;95.528;87.617;98.454
75.440;95.525;87.609;98.453
75.460;95.522;87.602;98.453
75.480;95.519;87.594;98.452
75.500;95.516;87.586;98.451
75.520;95.513;87.578;98.450
75.540;95.510;87.570;98.449
75.560;95.507;87.562;98.447
75.580;95.504;87.553;98.446
75.600;95.500;87.545;98.444
75.620;95.497;87.537;98.443
75.640;95.494;87.529;98.441
75.660;95.492;87.521;98.440
75.680;95.490;87.513;98.438
75.700;95.488;87.505;98.437
75.720;95.486;87.497;98.435
75.740;95.484;87.489;98.434
75.760;95.482;87.481;98.432
75.780;95.480;87.473;98.431
75.800;95.478;87.465;98.429
75.820;95.476;87.457;98.428
75.840;95.474;87.449;98.426
75.860;95.472;87.441;98.425
75.880;95.469;87.432;98.423
75.900;95.466;87.424;98.422
75.920;95.462;87.416;98.420
75.940;95.459;87.408;98.419
75.960;95.455;87.400;98.417
75.980;95.453;87.392;98.416
76.000;95.451;87.382;98.414
76.020;95.449;87.366;98.413
76.040;95.447;87.350;98.411
76.060;95.446;87.334;98.410
76.080;95.444;87.318;98.408
76.100;95.442;87.301;98.407
76.120;95.440;87.285;98.405
76.140;95.438;87.269;98.404
76.160;95.436;87.253;98.402
76.180;95.434;87.236;98.401
76.200;95.432;87.220;98.399
76.220;95.430;87.204;98.397
76.240;95.426;87.187;98.396
76.260;95.422;87.171;98.394
76.280;95.417;87.154;98.392
76.300;95.412;87.138;98.390
76.320;95.407;87.128;98.388
76.340;95.404;87.117;98.386
76.360;95.402;87.106;98.385
76.380;95.399;87.096;98.383
76.400;95.397;87.085;98.381
76.420;95.394;87.074;98.379
76.440;95.390;87.064;98.377
76.460;95.387;87.053;98.375
76.480;95.383;87.042;98.373
76.500;95.380;87.031;98.372
76.520;95.376;87.021;98.370
76.540;95.372;87.010;98.368
76.560;95.369;86.997;98.366
76.580;95.364;86.978;98.364
76.600;95.359;86.959;98.362
76.620;95.354;86.940;98.360
76.640;95.349;86.921;98.359
76.660;95.346;86.902;98.357
76.680;95.342;86.882;98.355
76.700;95.338;86.863;98.353
76.720;95.334;86.844;98.351
76.740;95.329;86.824;98.350
76.760;95.324;86.805;98.349
76.780;95.320;86.786;98.348
76.800;95.315;86.766;98.348
76.820;95.312;86.747;98.347
76.840;95.309;86.728;98.346
76.860;95.305;86.708;98.345
76.880;95.302;86.689;98.344
76.900;95.300;86.669;98.343
76.920;95.298;86.650;98.342
76.940;95.297;86.630;98.341
76.960;95.295;86.610;98.340
76.980;95.293;86.591;98.338
77.000;95.291;86.571;98.337
77.020;95.289;86.552;98.335
77.040;95.288;86.532;98.334
77.060;95.285;86.512;98.332
77.080;95.281;86.492;98.331
77.100;95.278;86.473;98.329
77.120;95.275;86.453;98.328
77.140;95.272;86.433;98.327
77.160;95.268;86.413;98.326
77.180;95.264;86.393;98.325
77.200;95.259;86.374;98.324
77.220;95.254;86.355;98.323
77.240;95.250;86.337;98.322
77.260;95.245;86.319;98.321
77.280;95.240;86.302;98.320
77.300;95.236;86.284;98.319
77.320;95.231;86.267;98.318
77.340;95.226;86.249;98.317
77.360;95.222;86.231;98.316
77.380;95.219;86.214;98.315
77.400;95.216;86.196;98.314
77.420;95.213;86.178;98.313
77.440;95.210;86.160;98.312
77.460;95.207;86.143;98.311
77.480;95.203;86.125;98.310
77.500;95.199;86.107;98.309
77.520;95.196;86.089;98.308
77.540;95.192;86.071;98.307
77.560;95.189;86.054;98.306
77.580;95.185;86.036;98.305
77.600;95.182;86.018;98.304
77.620;95.179;86.000;98.303
77.640;95.175;85.982;98.302
77.660;95.172;85.964;98.301
77.680;95.169;85.946;98.300
77.700;95.165;85.928;98.299
77.720;95.162;85.911;98.298
77.740;95.158;85.893;98.297
77.760;95.155;85.875;98.296
77.780;95.152;85.857;98.295
77.800;95.148;85.839;98.294
77.820;95.145;85.825;98.293
77.840;95.143;85.815;98.292
77.860;95.140;85.805;98.291
77.880;95.137;85.795;98.290
77.900;95.134;85.786;98.289
77.920;95.131;85.776;98.288
77.940;95.128;85.766;98.287
77.960;95.125;85.756;98.286
77.980;95.122;85.746;98.285
78.000;95.119;85.736;98.284
78.020;95.116;85.726;98.283
78.040;95.113;85.716;98.282
78.060;95.110;85.706;98.281
78.080;95.107;85.696;98.280
78.100;95.104;85.686;98.279
78.120;95.101;85.676;98.278
78.140;95.098;85.666;98.277
78.160;95.095;85.656;98.276
78.180;95.092;85.646;98.275
78.200;95.089;85.637;98.273
78.220;95.087;85.626;98.272
78.240;95.084;85.616;98.271
78.260;95.081;85.606;98.270
78.280;95.078;85.596;98.269
78.300;95.076;85.586;98.268
78.320;95.073;85.576;98.267
78.340;95.069;85.566;98.266
78.360;95.065;85.556;98.265
78.380;95.061;85.546;98.264
78.400;95.057;85.536;98.263
78.420;95.053;85.526;98.262
78.440;95.049;85.516;98.261
78.460;95.045;85.506;98.260
78.480;95.041;85.496;98.259
78.500;95.037;85.486;98.258
78.520;95.033;85.475;98.257
78.540;95.029;85.465;98.256
78.560;95.025;85.455;98.255
78.580;95.022;85.445;98.254
78.600;95.018;85.435;98.253
78.620;95.015;85.425;98.252
78.640;95.011;85.414;98.251
78.660;95.008;85.404;98.250
78.680;95.005;85.394;98.249
78.700;95.001;85.384;98.248
78.720;94.998;85.374;98.247
78.740;94.995;85.363;98.246
78.760;94.991;85.353;98.245
78.780;94.988;85.343;98.244
78.800;94.984;85.333;98.243
78.820;94.981;85.322;98.242
78.840;94.978;85.312;98.241
78.860;94.974;85.302;98.240
78.880;94.971;85.292;98.239
78.900;94.967;85.281;98.238
78.920;94.964;85.271;98.237
78.940;94.961;85.261;98.236
78.960;94.958;85.250;98.235
78.980;94.954;85.240;98.234
79.000;94.951;85.230;98.233
79.020;94.947;85.219;98.232
79.040;94.944;85.209;98.231
79.060;94.940;85.199;98.229
79.080;94.938;85.188;98.228
79.100;94.935;85.178;98.227
79.120;94.933;85.168;98.226
79.140;94.930;85.157;98.225
79.160;94.925;85.147;98.224
79.180;94.921;85.136;98.223
79.200;94.916;85.126;98.222
79.220;94.912;85.116;98.221
79.240;94.907;85.105;98.220
79.260;94.903;85.095;98.219
79.280;94.898;85.084;98.218
79.300;94.895;85.074;98.217
79.320;94.892;85.063;98.216
79.340;94.890;85.053;98.215
79.360;94.887;85.042;98.214
79.380;94.885;85.032;98.213
79.400;94.882;85.021;98.212
79.420;94.880;85.011;98.211
79.440;94.877;85.000;98.210
79.460;94.875;84.990;98.209
79.480;94.872;84.979;98.208
79.500;94.869;84.965;98.207
79.520;94.866;84.948;98.206
79.540;94.863;84.931;98.205
79.560;94.860;84.914;98.204
79.580;94.857;84.897;98.203
79.600;94.855;84.880;98.202
79.620;94.852;84.863;98.201
79.640;94.850;84.847;98.200
79.660;94.847;84.830;98.199
79.680;94.845;84.813;98.198
79.700;94.842;84.796;98.196
79.720;94.839;84.779;98.195
79.740;94.837;84.762;98.194
79.760;94.834;84.745;98.193
79.780;94.831;84.728;98.192
79.800;94.827;84.711;98.191
79.820;94.823;84.694;98.190
79.840;94.820;84.676;98.189
79.860;94.816;84.659;98.188
79.880;94.812;84.642;98.187
79.900;94.808;84.625;98.186
79.920;94.805;84.608;98.185
79.940;94.802;84.591;98.184
79.960;94.799;84.574;98.183
79.980;94.796;84.557;98.182
80.000;94.793;84.539;98.181
80.020;94.790;84.522;98.180
80.040;94.787;84.505;98.179
80.060;94.784;84.488;98.178
80.080;94.781;84.471;98.177
80.100;94.778;84.454;98.176
80.120;94.775;84.437;98.175
80.140;94.772;84.420;98.174
80.160;94.769;84.403;98.173
80.180;94.766;84.386;98.172
80.200;94.763;84.369;98.171
80.220;94.760;84.351;98.169
80.240;94.757;84.334;98.168
80.260;94.755;84.317;98.167
80.280;94.752;84.300;98.166
80.300;94.749;84.283;98.165
80.320;94.746;84.265;98.164
80.340;94.743;84.248;98.163
80.360;94.739;84.231;98.162
80.380;94.734;84.213;98.161
80.400;94.731;84.196;98.160
80.420;94.727;84.179;98.159
80.440;94.724;84.161;98.158
80.460;94.720;84.144;98.157
80.480;94.716;84.127;98.156
80.500;94.713;84.109;98.155
80.520;94.711;84.092;98.154
80.540;94.708;84.074;98.153
80.560;94.705;84.057;98.152
80.580;94.702;84.039;98.151
80.600;94.700;84.022;98.150
80.620;94.696;84.004;98.149
80.640;94.692;83.987;98.148
80.660;94.689;83.969;98.147
80.680;94.686;83.952;98.145
80.700;94.684;83.934;98.144
80.720;94.681;83.917;98.143
80.740;94.679;83.899;98.142
80.760;94.676;83.881;98.141
80.780;94.673;83.864;98.140
80.800;94.671;83.846;98.139
80.820;94.667;83.828;98.138
80.840;94.664;83.811;98.137
80.860;94.660;83.793;98.136
80.880;94.656;83.775;98.135
80.900;94.653;83.758;98.134
80.920;94.649;83.740;98.133
80.940;94.646;83.722;98.132
80.960;94.643;83.704;98.131
80.980;94.640;83.686;98.130
81.000;94.636;83.669;98.129
81.020;94.633;83.651;98.128
81.040;94.630;83.633;98.127
81.060;94.626;83.615;98.126
81.080;94.623;83.597;98.124
81.100;94.620;83.579;98.123
81.120;94.617;83.561;98.122
81.140;94.613;83.543;98.121
81.160;94.611;83.525;98.120
81.180;94.606;83.507;98.119
81.200;94.602;83.489;98.118
81.220;94.598;83.471;98.117
81.240;94.593;83.453;98.116
81.260;94.589;83.435;98.115
81.280;94.586;83.417;98.114
81.300;94.583;83.399;98.113
81.320;94.580;83.381;98.112
81.340;94.577;83.363;98.111
81.360;94.575;83.345;98.110
81.380;94.572;83.327;98.109
81.400;94.570;83.308;98.108
81.420;94.568;83.290;98.106
81.440;94.566;83.272;98.105
81.460;94.564;83.254;98.104
81.480;94.561;83.236;98.103
81.500;94.559;83.217;98.102
81.520;94.557;83.199;98.101
81.540;94.554;83.181;98.100
81.560;94.551;83.163;98.099
81.580;94.547;83.144;98.098
81.600;94.543;83.126;98.097
81.620;94.539;83.108;98.096
81.640;94.535;83.089;98.095
81.660;94.529;83.071;98.094
81.680;94.523;83.052;98.093
81.700;94.519;83.034;98.092
81.720;94.516;83.016;98.091
81.740;94.512;82.997;98.089
81.760;94.510;82.979;98.088
81.780;94.507;82.960;98.087
81.800;94.504;82.942;98.086
81.820;94.502;82.923;98.085
81.840;94.499;82.905;98.084
81.860;94.497;82.886;98.083
81.880;94.494;82.868;98.082
81.900;94.492;82.849;98.081
81.920;94.489;82.830;98.080
81.940;94.487;82.812;98.079
81.960;94.484;82.793;98.078
81.980;94.481;82.774;98.077
82.000;94.478;82.756;98.076
82.020;94.475;82.737;98.075
82.040;94.471;82.718;98.073
82.060;94.468;82.700;98.072
82.080;94.465;82.681;98.071
82.100;94.462;82.662;98.070
82.120;94.459;82.644;98.069
82.140;94.456;82.625;98.068
82.160;94.452;82.606;98.067
82.180;94.448;82.587;98.066
82.200;94.443;82.568;98.065
82.220;94.439;82.550;98.065
82.240;94.435;82.531;98.064
82.260;94.430;82.512;98.063
82.280;94.426;82.493;98.063
82.300;94.422;82.474;98.062
82.320;94.417;82.455;98.061
82.340;94.415;82.436;98.061
82.360;94.411;82.417;98.060
82.380;94.407;82.398;98.059
82.400;94.403;82.379;98.058
82.420;94.399;82.360;98.058
82.440;94.395;82.341;98.057
82.460;94.392;82.322;98.056
82.480;94.390;82.303;98.056
82.500;94.388;82.284;98.055
82.520;94.385;82.265;98.054
82.540;94.383;82.246;98.054
82.560;94.380;82.227;98.053
82.580;94.377;82.208;98.052
82.600;94.372;82.189;98.051
82.620;94.368;82.170;98.051
82.640;94.364;82.151;98.050
82.660;94.360;82.131;98.049
82.680;94.356;82.112;98.048
82.700;94.351;82.093;98.048
82.720;94.347;82.074;98.047
82.740;94.343;82.056;98.046
82.760;94.339;82.043;98.045
82.780;94.335;82.030;98.044
82.800;94.331;82.017;98.043
82.820;94.328;82.004;98.041
82.840;94.324;81.990;98.040
82.860;94.321;81.977;98.039
82.880;94.318;81.964;98.037
82.900;94.315;81.951;98.036
82.920;94.312;81.938;98.034
82.940;94.308;81.925;98.033
82.960;94.305;81.912;98.032
82.980;94.301;81.899;98.030
83.000;94.297;81.885;98.029
83.020;94.293;81.872;98.027
83.040;94.289;81.859;98.026
83.060;94.285;81.838;98.025
83.080;94.281;81.815;98.023
83.100;94.277;81.792;98.022
83.120;94.273;81.769;98.020
83.140;94.268;81.746;98.019
83.160;94.265;81.724;98.017
83.180;94.262;81.701;98.016
83.200;94.258;81.678;98.015
83.220;94.255;81.655;98.013
83.240;94.252;81.632;98.012
83.260;94.248;81.609;98.010
83.280;94.245;81.586;98.009
83.300;94.241;81.563;98.008
83.320;94.238;81.540;98.006
83.340;94.235;81.517;98.005
83.360;94.231;81.494;98.003
83.380;94.228;81.470;98.002
83.400;94.224;81.447;98.000
83.420;94.221;81.424;97.999
83.440;94.217;81.401;97.998
83.460;94.214;81.378;97.996
83.480;94.211;81.355;97.995
83.500;94.208;81.331;97.994
83.520;94.205;81.308;97.993
83.540;94.202;81.285;97.992
83.560;94.198;81.261;97.991
83.580;94.194;81.238;97.990
83.600;94.189;81.215;97.989
83.620;94.185;81.191;97.988
83.640;94.181;81.168;97.987
83.660;94.176;81.144;97.985
83.680;94.173;81.124;97.984
83.700;94.170;81.104;97.983
83.720;94.168;81.083;97.982
83.740;94.165;81.063;97.981
83.760;94.163;81.043;97.980
83.780;94.160;81.022;97.979
83.800;94.157;81.002;97.978
83.820;94.154;80.981;97.977
83.840;94.150;80.961;97.975
83.860;94.147;80.941;97.974
83.880;94.143;80.920;97.973
83.900;94.137;80.900;97.972
83.920;94.133;80.879;97.971
83.940;94.128;80.859;97.970
83.960;94.124;80.838;97.969
83.980;94.121;80.818;97.968
84.000;94.118;80.797;97.967
84.020;94.114;80.776;97.965
84.040;94.111;80.756;97.964
84.060;94.108;80.735;97.963
84.080;94.105;80.715;97.962
84.100;94.102;80.694;97.961
84.120;94.098;80.673;97.960
84.140;94.095;80.653;97.959
84.160;94.093;80.632;97.958
84.180;94.090;80.611;97.957
84.200;94.088;80.591;97.955
84.220;94.086;80.570;97.954
84.240;94.083;80.549;97.953
84.260;94.081;80.528;97.952
84.280;94.078;80.507;97.951
84.300;94.075;80.487;97.950
84.320;94.071;80.466;97.949
84.340;94.067;80.445;97.948
84.360;94.064;80.424;97.946
84.380;94.062;80.403;97.945
84.400;94.059;80.382;97.944
84.420;94.056;80.361;97.943
84.440;94.053;80.341;97.942
84.460;94.049;80.320;97.941
84.480;94.045;80.299;97.940
84.500;94.040;80.278;97.939
84.520;94.036;80.257;97.937
84.540;94.032;80.236;97.936
84.560;94.027;80.215;97.935
84.580;94.024;80.194;97.934
84.600;94.019;80.173;97.933
84.620;94.015;80.152;97.932
84.640;94.010;80.130;97.931
84.660;94.006;80.109;97.930
84.680;94.001;80.088;97.928
84.700;93.997;80.067;97.927
84.720;93.992;80.046;97.926
84.740;93.988;80.025;97.925
84.760;93.985;80.004;97.924
84.780;93.981;79.982;97.923
84.800;93.978;79.961;97.923
84.820;93.975;79.940;97.922
84.840;93.972;79.919;97.921
84.860;93.968;79.898;97.920
84.880;93.963;79.876;97.919
84.900;93.959;79.855;97.918
84.920;93.955;79.834;97.917
84.940;93.951;79.812;97.916
84.960;93.948;79.791;97.915
84.980;93.944;79.770;97.914
85.000;93.940;79.748;97.913
85.020;93.935;79.727;97.912
85.040;93.930;79.706;97.911
85.060;93.925;79.684;97.910
85.080;93.921;79.663;97.909
85.100;93.916;79.641;97.908
85.120;93.910;79.620;97.907
85.140;93.905;79.598;97.906
85.160;93.901;79.577;97.905
85.180;93.896;79.555;97.905
85.200;93.892;79.534;97.904
85.220;93.888;79.512;97.903
85.240;93.884;79.491;97.902
85.260;93.881;79.469;97.901
85.280;93.878;79.448;97.900
85.300;93.874;79.426;97.899
85.320;93.871;79.405;97.898
85.340;93.867;79.383;97.897
85.360;93.864;79.361;97.896
85.380;93.861;79.340;97.895
85.400;93.857;79.318;97.894
85.420;93.853;79.296;97.893
85.440;93.850;79.275;97.891
85.460;93.846;79.253;97.890
85.480;93.842;79.231;97.889
85.500;93.837;79.209;97.887
85.520;93.832;79.188;97.886
85.540;93.827;79.166;97.884
85.560;93.822;79.144;97.883
85.580;93.817;79.122;97.882
85.600;93.812;79.100;97.880
85.620;93.807;79.078;97.879
85.640;93.801;79.057;97.878
85.660;93.796;79.035;97.876
85.680;93.791;79.013;97.875
85.700;93.787;78.991;97.873
85.720;93.782;78.969;97.872
85.740;93.777;78.947;97.871
85.760;93.773;78.925;97.869
85.780;93.768;78.903;97.868
85.800;93.764;78.881;97.866
85.820;93.759;78.859;97.865
85.840;93.755;78.837;97.864
85.860;93.750;78.815;97.862
85.880;93.745;78.793;97.861
85.900;93.741;78.771;97.860
85.920;93.738;78.749;97.858
85.940;93.734;78.727;97.857
85.960;93.730;78.704;97.856
85.980;93.727;78.682;97.855
86.000;93.723;78.660;97.854
86.020;93.719;78.638;97.853
86.040;93.715;78.616;97.852
86.060;93.712;78.594;97.850
86.080;93.707;78.571;97.849
86.100;93.701;78.549;97.848
86.120;93.696;78.527;97.847
86.140;93.689;78.505;97.846
86.160;93.683;78.482;97.845
86.180;93.676;78.460;97.844
86.200;93.670;78.438;97.842
86.220;93.663;78.415;97.841
86.240;93.658;78.393;97.840
86.260;93.653;78.371;97.839
86.280;93.647;78.348;97.838
86.300;93.642;78.326;97.837
86.320;93.637;78.303;97.836
86.340;93.632;78.281;97.834
86.360;93.626;78.258;97.833
86.380;93.621;78.236;97.832
86.400;93.616;78.213;97.831
86.420;93.610;78.191;97.830
86.440;93.605;78.168;97.829
86.460;93.600;78.146;97.827
86.480;93.595;78.123;97.826
86.500;93.589;78.101;97.825
86.520;93.584;78.078;97.824
86.540;93.579;78.056;97.823
86.560;93.574;78.034;97.822
86.580;93.568;78.011;97.820
86.600;93.563;77.989;97.819
86.620;93.558;77.967;97.818
86.640;93.552;77.944;97.817
86.660;93.547;77.922;97.816
86.680;93.542;77.900;97.815
86.700;93.536;77.877;97.813
86.720;93.531;77.855;97.812
86.740;93.526;77.832;97.811
86.760;93.520;77.810;97.810
86.780;93.515;77.788;97.808
86.800;93.510;77.765;97.806
86.820;93.504;77.743;97.804
86.840;93.499;77.720;97.803
86.860;93.494;77.698;97.802
86.880;93.488;77.675;97.800
86.900;93.483;77.652;97.799
86.920;93.478;77.630;97.798
86.940;93.472;77.607;97.797
86.960;93.467;77.585;97.796
86.980;93.462;77.562;97.794
87.000;93.457;77.539;97.793
87.020;93.452;77.517;97.792
87.040;93.447;77.494;97.791
87.060;93.443;77.471;97.790
87.080;93.438;77.449;97.788
87.100;93.433;77.426;97.787
87.120;93.428;77.403;97.786
87.140;93.424;77.381;97.785
87.160;93.419;77.358;97.784
87.180;93.413;77.335;97.782
87.200;93.407;77.312;97.781
87.220;93.401;77.289;97.780
87.240;93.395;77.267;97.779
87.260;93.389;77.244;97.778
87.280;93.383;77.221;97.776
87.300;93.377;77.198;97.775
87.320;93.371;77.175;97.774
87.340;93.367;77.152;97.773
87.360;93.362;77.130;97.772
87.380;93.357;77.107;97.770
87.400;93.352;77.084;97.769
87.420;93.347;77.061;97.768
87.440;93.342;77.038;97.766
87.460;93.337;77.015;97.765
87.480;93.331;76.992;97.764
87.500;93.325;76.969;97.762
87.520;93.320;76.946;97.761
87.540;93.314;76.923;97.760
87.560;93.308;76.900;97.758
87.580;93.303;76.877;97.757
87.600;93.297;76.854;97.756
87.620;93.292;76.830;97.755
87.640;93.286;76.807;97.753
87.660;93.281;76.784;97.752
87.680;93.275;76.761;97.751
87.700;93.270;76.738;97.749
87.720;93.266;76.719;97.748
87.740;93.261;76.705;97.747
87.760;93.257;76.691;97.745
87.780;93.253;76.677;97.744
87.800;93.251;76.663;97.743
87.820;93.248;76.649;97.741
87.840;93.246;76.635;97.740
87.860;93.243;76.621;97.739
87.880;93.241;76.607;97.737
87.900;93.238;76.594;97.736
87.920;93.236;76.580;97.735
87.940;93.234;76.566;97.733
87.960;93.231;76.552;97.732
87.980;93.228;76.538;97.731
88.000;93.225;76.524;97.729
88.020;93.222;76.510;97.728
88.040;93.217;76.496;97.726
88.060;93.213;76.482;97.725
88.080;93.209;76.469;97.724
88.100;93.205;76.455;97.722
88.120;93.201;76.441;97.721
88.140;93.198;76.427;97.720
88.160;93.194;76.413;97.718
88.180;93.190;76.399;97.717
88.200;93.186;76.386;97.716
88.220;93.183;76.372;97.714
88.240;93.179;76.358;97.713
88.260;93.175;76.344;97.712
88.280;93.171;76.330;97.711
88.300;93.168;76.317;97.709
88.320;93.164;76.303;97.708
88.340;93.160;76.289;97.707
88.360;93.156;76.275;97.706
88.380;93.152;76.262;97.705
88.400;93.149;76.248;97.704
88.420;93.145;76.234;97.702
88.440;93.141;76.220;97.701
88.460;93.137;76.207;97.700
88.480;93.133;76.193;97.699
88.500;93.130;76.179;97.698
88.520;93.126;76.165;97.697
88.540;93.122;76.152;97.695
88.560;93.119;76.138;97.694
88.580;93.115;76.124;97.693
88.600;93.113;76.110;97.692
88.620;93.110;76.097;97.691
88.640;93.107;76.083;97.689
88.660;93.103;76.059;97.688
88.680;93.099;76.036;97.687
88.700;93.095;76.013;97.686
88.720;93.091;75.990;97.685
88.740;93.087;75.967;97.684
88.760;93.083;75.943;97.682
88.780;93.079;75.920;97.681
88.800;93.075;75.897;97.680
88.820;93.071;75.874;97.679
88.840;93.068;75.850;97.678
88.860;93.066;75.827;97.676
88.880;93.063;75.804;97.675
88.900;93.061;75.780;97.674
88.920;93.057;75.757;97.673
88.940;93.053;75.734;97.672
88.960;93.049;75.710;97.670
88.980;93.046;75.687;97.669
89.000;93.042;75.663;97.668
89.020;93.038;75.640;97.667
89.040;93.035;75.617;97.666
89.060;93.031;75.593;97.664
89.080;93.028;75.570;97.663
89.100;93.024;75.546;97.662
89.120;93.019;75.523;97.661
89.140;93.015;75.499;97.660
89.160;93.010;75.476;97.658
89.180;93.007;75.452;97.657
89.200;93.004;75.429;97.656
89.220;93.002;75.405;97.655
89.240;92.999;75.381;97.654
89.260;92.996;75.358;97.652
89.280;92.993;75.334;97.651
89.300;92.990;75.311;97.649
89.320;92.986;75.287;97.648
89.340;92.981;75.263;97.646
89.360;92.976;75.240;97.644
89.380;92.971;75.216;97.643
89.400;92.968;75.192;97.641
89.420;92.964;75.169;97.640
89.440;92.960;75.145;97.638
89.460;92.956;75.121;97.637
89.480;92.953;75.097;97.635
89.500;92.949;75.074;97.634
89.520;92.945;75.050;97.632
89.540;92.941;75.026;97.631
89.560;92.937;75.002;97.629
89.580;92.934;74.979;97.627
89.600;92.930;74.955;97.626
89.620;92.926;74.931;97.624
89.640;92.922;74.907;97.623
89.660;92.919;74.883;97.621
89.680;92.915;74.859;97.620
89.700;92.911;74.835;97.618
89.720;92.907;74.812;97.617
89.740;92.903;74.788;97.615
89.760;92.900;74.764;97.613
89.780;92.896;74.740;97.612
89.800;92.893;74.716;97.610
89.820;92.890;74.692;97.609
89.840;92.887;74.668;97.607
89.860;92.884;74.644;97.606
89.880;92.881;74.620;97.604
89.900;92.877;74.596;97.602
89.920;92.873;74.572;97.601
89.940;92.869;74.548;97.599
89.960;92.865;74.524;97.598
89.980;92.861;74.500;97.596
90.000;92.857;74.476;97.595
90.020;92.852;74.452;97.593
90.040;92.848;74.427;97.591
90.060;92.843;74.403;97.590
90.080;92.838;74.379;97.588
90.100;92.833;74.355;97.587
90.120;92.827;74.331;97.585
90.140;92.822;74.307;97.583
90.160;92.816;74.283;97.582
90.180;92.810;74.258;97.580
90.200;92.804;74.234;97.579
90.220;92.798;74.210;97.577
90.240;92.792;74.186;97.576
90.260;92.786;74.161;97.574
90.280;92.781;74.137;97.572
90.300;92.776;74.113;97.571
90.320;92.771;74.089;97.569
90.340;92.765;74.064;97.568
90.360;92.759;74.040;97.566
90.380;92.753;74.016;97.564
90.400;92.747;73.991;97.563
90.420;92.741;73.967;97.561
90.440;92.735;73.943;97.560
90.460;92.729;73.918;97.558
90.480;92.723;73.894;97.556
90.500;92.717;73.869;97.555
90.520;92.711;73.845;97.553
90.540;92.705;73.821;97.552
90.560;92.699;73.796;97.550
90.580;92.693;73.772;97.548
90.600;92.687;73.747;97.547
90.620;92.681;73.723;97.545
90.640;92.675;73.698;97.543
90.660;92.669;73.674;97.542
90.680;92.663;73.649;97.541
90.700;92.657;73.625;97.539
90.720;92.651;73.600;97.538
90.740;92.645;73.576;97.536
90.760;92.639;73.551;97.535
90.780;92.633;73.527;97.533
90.800;92.626;73.502;97.532
90.820;92.620;73.477;97.530
90.840;92.613;73.453;97.529
90.860;92.607;73.428;97.527
90.880;92.601;73.404;97.526
90.900;92.594;73.379;97.524
90.920;92.588;73.354;97.523
90.940;92.581;73.330;97.521
90.960;92.576;73.300;97.520
90.980;92.571;73.271;97.518
91.000;92.566;73.241;97.517
91.020;92.561;73.211;97.515
91.040;92.556;73.182;97.514
91.060;92.551;73.152;97.512
91.080;92.546;73.123;97.511
91.100;92.541;73.093;97.509
91.120;92.536;73.063;97.508
91.140;92.531;73.034;97.506
91.160;92.526;73.004;97.505
91.180;92.520;72.974;97.503
91.200;92.513;72.944;97.502
91.220;92.506;72.915;97.500
91.240;92.501;72.885;97.499
91.260;92.495;72.855;97.498
91.280;92.488;72.825;97.497
91.300;92.482;72.795;97.496
91.320;92.476;72.766;97.495
91.340;92.469;72.736;97.494
91.360;92.463;72.706;97.492
91.380;92.457;72.676;97.491
91.400;92.450;72.646;97.490
91.420;92.445;72.616;97.489
91.440;92.439;72.586;97.488
91.460;92.433;72.556;97.487
91.480;92.428;72.526;97.486
91.500;92.422;72.496;97.485
91.520;92.417;72.466;97.483
91.540;92.411;72.436;97.482
91.560;92.406;72.406;97.481
91.580;92.401;72.376;97.479
91.600;92.396;72.346;97.477
91.620;92.391;72.315;97.476
91.640;92.386;72.285;97.474
91.660;92.382;72.255;97.472
91.680;92.377;72.225;97.470
91.700;92.372;72.195;97.468
91.720;92.367;72.165;97.466
91.740;92.363;72.134;97.464
91.760;92.358;72.104;97.462
91.780;92.353;72.074;97.460
91.800;92.348;72.043;97.458
91.820;92.344;72.013;97.457
91.840;92.339;71.983;97.456
91.860;92.334;71.952;97.455
91.880;92.330;71.922;97.454
91.900;92.324;71.892;97.454
91.920;92.319;71.861;97.453
91.940;92.315;71.831;97.452
91.960;92.310;71.800;97.451
91.980;92.305;71.770;97.450
92.000;92.300;71.740;97.450
92.020;92.295;71.709;97.449
92.040;92.290;71.678;97.448
92.060;92.286;71.648;97.447
92.080;92.281;71.617;97.447
92.100;92.276;71.587;97.446
92.120;92.271;71.556;97.445
92.140;92.266;71.526;97.444
92.160;92.261;71.495;97.443
92.180;92.256;71.464;97.443
92.200;92.252;71.434;97.442
92.220;92.247;71.403;97.441
92.240;92.242;71.372;97.440
92.260;92.237;71.342;97.440
92.280;92.232;71.311;97.439
92.300;92.227;71.280;97.438
92.320;92.222;71.250;97.437
92.340;92.217;71.219;97.436
92.360;92.213;71.188;97.436
92.380;92.208;71.157;97.435
92.400;92.203;71.126;97.434
92.420;92.198;71.096;97.433
92.440;92.193;71.065;97.432
92.460;92.188;71.034;97.431
92.480;92.183;71.003;97.430
92.500;92.178;70.972;97.429
92.520;92.173;70.941;97.428
92.540;92.169;70.910;97.426
92.560;92.164;70.879;97.425
92.580;92.160;70.848;97.424
92.600;92.155;70.817;97.423
92.620;92.150;70.786;97.422
92.640;92.145;70.755;97.421
92.660;92.140;70.724;97.420
92.680;92.134;70.693;97.419
92.700;92.129;70.662;97.417
92.720;92.124;70.631;97.416
92.740;92.119;70.600;97.415
92.760;92.114;70.569;97.414
92.780;92.109;70.538;97.413
92.800;92.104;70.507;97.412
92.820;92.099;70.475;97.411
92.840;92.094;70.444;97.409
92.860;92.089;70.413;97.408
92.880;92.084;70.382;97.407
92.900;92.079;70.351;97.406
92.920;92.074;70.319;97.405
92.940;92.069;70.288;97.404
92.960;92.064;70.257;97.403
92.980;92.059;70.225;97.401
93.000;92.055;70.194;97.400
93.020;92.050;70.163;97.399
93.040;92.045;70.132;97.398
93.060;92.040;70.100;97.397
93.080;92.035;70.069;97.396
93.100;92.030;70.037;97.394
93.120;92.025;70.006;97.393
93.140;92.021;69.975;97.392
93.160;92.017;69.943;97.391
93.180;92.013;69.912;97.390
93.200;92.009;69.880;97.389
93.220;92.004;69.849;97.387
93.240;92.000;69.817;97.386
93.260;91.996;69.786;97.385
93.280;91.992;69.754;97.384
93.300;91.988;69.723;97.382
93.320;91.984;69.691;97.381
93.340;91.981;69.660;97.379
93.360;91.978;69.628;97.378
93.380;91.976;69.596;97.377
93.400;91.973;69.565;97.376
93.420;91.970;69.533;97.375
93.440;91.968;69.502;97.374
93.460;91.964;69.470;97.374
93.480;91.961;69.438;97.372
93.500;91.958;69.407;97.371
93.520;91.954;69.375;97.370
93.540;91.951;69.343;97.368
93.560;91.946;69.311;97.367
93.580;91.940;69.280;97.365
93.600;91.935;69.252;97.364
93.620;91.929;69.225;97.362
93.640;91.924;69.198;97.361
93.660;91.919;69.170;97.360
93.680;91.913;69.143;97.358
93.700;91.908;69.116;97.357
93.720;91.902;69.089;97.355
93.740;91.896;69.065;97.354
93.760;91.889;69.043;97.353
93.780;91.882;69.021;97.351
93.800;91.875;68.998;97.350
93.820;91.868;68.976;97.348
93.840;91.861;68.954;97.347
93.860;91.854;68.931;97.346
93.880;91.847;68.909;97.345
93.900;91.841;68.887;97.344
93.920;91.837;68.865;97.343
93.940;91.833;68.842;97.342
93.960;91.829;68.820;97.341
93.980;91.826;68.798;97.340
94.000;91.823;68.776;97.339
94.020;91.820;68.753;97.338
94.040;91.814;68.731;97.337
94.060;91.810;68.709;97.336
94.080;91.806;68.687;97.335
94.100;91.802;68.664;97.334
94.120;91.797;68.642;97.333
94.140;91.792;68.620;97.332
94.160;91.786;68.598;97.331
94.180;91.782;68.575;97.330
94.200;91.777;68.553;97.329
94.220;91.773;68.531;97.328
94.240;91.769;68.509;97.327
94.260;91.765;68.486;97.326
94.280;91.760;68.464;97.325
94.300;91.756;68.442;97.324
94.320;91.752;68.420;97.323
94.340;91.747;68.398;97.322
94.360;91.743;68.376;97.321
94.380;91.739;68.353;97.319
94.400;91.733;68.331;97.318
94.420;91.727;68.309;97.317
94.440;91.721;68.287;97.316
94.460;91.715;68.265;97.314
94.480;91.709;68.242;97.313
94.500;91.703;68.220;97.311
94.520;91.697;68.198;97.310
94.540;91.691;68.176;97.309
94.560;91.685;68.154;97.307
94.580;91.679;68.132;97.306
94.600;91.672;68.110;97.304
94.620;91.664;68.087;97.303
94.640;91.657;68.065;97.302
94.660;91.652;68.043;97.300
94.680;91.646;68.021;97.299
94.700;91.640;67.999;97.297
94.720;91.634;67.977;97.296
94.740;91.628;67.955;97.295
94.760;91.622;67.933;97.293
94.780;91.617;67.911;97.292
94.800;91.611;67.889;97.290
94.820;91.605;67.866;97.289
94.840;91.599;67.844;97.287
94.860;91.593;67.822;97.286
94.880;91.587;67.800;97.285
94.900;91.582;67.778;97.283
94.920;91.576;67.756;97.282
94.940;91.570;67.734;97.280
94.960;91.564;67.712;97.279
94.980;91.558;67.690;97.278
95.000;91.552;67.668;97.276
95.020;91.546;67.646;97.275
95.040;91.540;67.624;97.273
95.060;91.534;67.602;97.272
95.080;91.529;67.580;97.270
95.100;91.523;67.558;97.269
95.120;91.517;67.536;97.268
95.140;91.512;67.514;97.266
95.160;91.507;67.492;97.265
95.180;91.501;67.470;97.263
95.200;91.496;67.448;97.262
95.220;91.489;67.426;97.260
95.240;91.482;67.404;97.259
95.260;91.475;67.382;97.258
95.280;91.469;67.360;97.256
95.300;91.464;67.338;97.255
95.320;91.458;67.316;97.253
95.340;91.453;67.294;97.252
95.360;91.448;67.272;97.250
95.380;91.443;67.250;97.249
95.400;91.437;67.220;97.248
95.420;91.432;67.189;97.246
95.440;91.427;67.157;97.245
95.460;91.422;67.125;97.243
95.480;91.416;67.093;97.242
95.500;91.411;67.061;97.240
95.520;91.406;67.029;97.239
95.540;91.400;66.997;97.238
95.560;91.395;66.965;97.236
95.580;91.390;66.933;97.235
95.600;91.385;66.902;97.233
95.620;91.379;66.870;97.232
95.640;91.374;66.838;97.230
95.660;91.369;66.806;97.229
95.680;91.363;66.774;97.227
95.700;91.358;66.743;97.226
95.720;91.353;66.711;97.224
95.740;91.347;66.679;97.223
95.760;91.342;66.648;97.221
95.780;91.337;66.616;97.220
95.800;91.332;66.585;97.219
95.820;91.327;66.553;97.217
95.840;91.323;66.521;97.216
95.860;91.318;66.490;97.214
95.880;91.314;66.458;97.213
95.900;91.309;66.426;97.211
95.920;91.305;66.395;97.210
95.940;91.300;66.363;97.208
95.960;91.296;66.331;97.207
95.980;91.291;66.300;97.205
96.000;91.286;66.268;97.204
96.020;91.281;66.236;97.202
96.040;91.275;66.204;97.201
96.060;91.270;66.173;97.199
96.080;91.264;66.149;97.198
96.100;91.258;66.136;97.196
96.120;91.252;66.122;97.194
96.140;91.245;66.109;97.192
96.160;91.239;66.095;97.190
96.180;91.233;66.082;97.188
96.200;91.227;66.069;97.186
96.220;91.221;66.055;97.184
96.240;91.215;66.042;97.182
96.260;91.208;66.028;97.179
96.280;91.202;66.015;97.177
96.300;91.196;66.001;97.175
96.320;91.190;65.988;97.173
96.340;91.184;65.975;97.171
96.360;91.177;65.946;97.169
96.380;91.171;65.913;97.167
96.400;91.165;65.879;97.165
96.420;91.159;65.845;97.163
96.440;91.153;65.812;97.161
96.460;91.146;65.778;97.159
96.480;91.140;65.744;97.157
96.500;91.134;65.710;97.154
96.520;91.128;65.677;97.152
96.540;91.123;65.643;97.150
96.560;91.117;65.609;97.148
96.580;91.111;65.575;97.146
96.600;91.105;65.542;97.144
96.620;91.099;65.508;97.142
96.640;91.093;65.474;97.140
96.660;91.088;65.440;97.138
96.680;91.083;65.406;97.137
96.700;91.079;65.373;97.135
96.720;91.075;65.339;97.134
96.740;91.071;65.305;97.132
96.760;91.064;65.271;97.131
96.780;91.058;65.237;97.129
96.800;91.052;65.203;97.128
96.820;91.047;65.169;97.126
96.840;91.043;65.135;97.124
96.860;91.037;65.101;97.123
96.880;91.031;65.067;97.121
96.900;91.024;65.033;97.120
96.920;91.017;64.999;97.118
96.940;91.010;64.965;97.117
96.960;91.004;64.931;97.115
96.980;90.997;64.897;97.114
97.000;90.990;64.863;97.112
97.020;90.984;64.829;97.111
97.040;90.978;64.795;97.109
97.060;90.971;64.761;97.107
97.080;90.965;64.727;97.106
97.100;90.959;64.693;97.104
97.120;90.953;64.659;97.103
97.140;90.947;64.624;97.101
97.160;90.940;64.590;97.100
97.180;90.934;64.556;97.098
97.200;90.928;64.522;97.097
97.220;90.921;64.488;97.095
97.240;90.915;64.454;97.093
97.260;90.909;64.419;97.092
97.280;90.904;64.385;97.090
97.300;90.898;64.351;97.089
97.320;90.892;64.317;97.087
97.340;90.886;64.282;97.086
97.360;90.880;64.248;97.084
97.380;90.874;64.214;97.082
97.400;90.868;64.180;97.081
97.420;90.862;64.145;97.079
97.440;90.856;64.111;97.078
97.460;90.851;64.077;97.076
97.480;90.846;64.042;97.075
97.500;90.840;64.008;97.073
97.520;90.835;63.974;97.071
97.540;90.830;63.939;97.070
97.560;90.825;63.905;97.068
97.580;90.820;63.871;97.067
97.600;90.814;63.836;97.065
97.620;90.809;63.802;97.064
97.640;90.804;63.768;97.062
97.660;90.798;63.733;97.060
97.680;90.791;63.699;97.059
97.700;90.785;63.665;97.057
97.720;90.779;63.630;97.056
97.740;90.772;63.596;97.054
97.760;90.766;63.562;97.052
97.780;90.759;63.527;97.051
97.800;90.753;63.493;97.049
97.820;90.747;63.458;97.048
97.840;90.740;63.424;97.046
97.860;90.734;63.389;97.045
97.880;90.728;63.355;97.043
97.900;90.721;63.321;97.041
97.920;90.714;63.286;97.040
97.940;90.707;63.252;97.038
97.960;90.701;63.217;97.037
97.980;90.695;63.183;97.035
98.000;90.688;63.148;97.033
98.020;90.682;63.114;97.032
98.040;90.676;63.079;97.030
98.060;90.669;63.044;97.029
98.080;90.663;63.010;97.027
98.100;90.656;62.975;97.025
98.120;90.650;62.946;97.024
98.140;90.643;62.918;97.022
98.160;90.637;62.889;97.021
98.180;90.631;62.860;97.019
98.200;90.625;62.832;97.017
98.220;90.621;62.803;97.016
98.240;90.616;62.774;97.014
98.260;90.611;62.746;97.013
98.280;90.606;62.717;97.011
98.300;90.601;62.688;97.009
98.320;90.596;62.660;97.008
98.340;90.591;62.631;97.006
98.360;90.586;62.602;97.004
98.380;90.580;62.573;97.003
98.400;90.574;62.545;97.001
98.420;90.568;62.516;97.000
98.440;90.562;62.487;96.998
98.460;90.556;62.459;96.996
98.480;90.550;62.430;96.995
98.500;90.544;62.401;96.993
98.520;90.538;62.372;96.992
98.540;90.532;62.344;96.990
98.560;90.526;62.315;96.988
98.580;90.520;62.286;96.987
98.600;90.514;62.257;96.985
98.620;90.508;62.229;96.983
98.640;90.502;62.200;96.982
98.660;90.496;62.171;96.980
98.680;90.490;62.142;96.979
98.700;90.484;62.114;96.977
98.720;90.477;62.085;96.975
98.740;90.471;62.056;96.974
98.760;90.465;62.027;96.972
98.780;90.459;61.999;96.970
98.800;90.453;61.970;96.969
98.820;90.447;61.941;96.967
98.840;90.441;61.912;96.965
98.860;90.435;61.883;96.964
98.880;90.429;61.855;96.962
98.900;90.423;61.826;96.960
98.920;90.417;61.797;96.959
98.940;90.411;61.768;96.957
98.960;90.405;61.740;96.955
98.980;90.399;61.711;96.954
99.000;90.393;61.682;96.952
99.020;90.386;61.653;96.950
99.040;90.380;61.624;96.949
99.060;90.374;61.596;96.947
99.080;90.368;61.567;96.945
99.100;90.362;61.538;96.944
99.120;90.356;61.509;96.942
99.140;90.350;61.480;96.940
99.160;90.344;61.452;96.939
99.180;90.337;61.423;96.937
99.200;90.331;61.394;96.935
99.220;90.325;61.365;96.933
99.240;90.319;61.336;96.930
99.260;90.313;61.307;96.928
99.280;90.307;61.279;96.926
99.300;90.301;61.250;96.923
99.320;90.294;61.221;96.921
99.340;90.288;61.192;96.918
99.360;90.282;61.163;96.916
99.380;90.276;61.135;96.913
99.400;90.270;61.106;96.911
99.420;90.264;61.077;96.909
99.440;90.257;61.048;96.908
99.460;90.251;61.019;96.907
99.480;90.244;60.991;96.906
99.500;90.238;60.962;96.904
99.520;90.231;60.933;96.903
99.540;90.225;60.904;96.902
99.560;90.218;60.876;96.901
99.580;90.212;60.847;96.900
99.600;90.205;60.818;96.898
99.620;90.199;60.789;96.897
99.640;90.192;60.760;96.896
99.660;90.186;60.732;96.895
99.680;90.179;60.703;96.894
99.700;90.172;60.674;96.892
99.720;90.166;60.645;96.891
99.740;90.159;60.616;96.890
99.760;90.153;60.588;96.889
99.780;90.146;60.559;96.887
99.800;90.140;60.530;96.885
99.820;90.133;60.501;96.884
99.840;90.127;60.472;96.882
99.860;90.120;60.444;96.880
99.880;90.113;60.415;96.879
99.900;90.107;60.386;96.877
99.920;90.100;60.357;96.875
99.940;90.095;60.328;96.874
99.960;90.089;60.300;96.872
99.980;90.083;60.271;96.870
100.000;90.078;60.242;96.869
100.020;90.072;60.213;96.867
100.040;90.067;60.184;96.865
100.060;90.061;60.156;96.864
100.080;90.055;60.127;96.862
100.100;90.050;60.098;96.860
100.120;90.044;60.069;96.858
100.140;90.038;60.040;96.857
100.160;90.031;60.012;96.855
100.180;90.023;59.983;96.853
100.200;90.015;59.954;96.850
100.220;90.006;59.925;96.848
100.240;89.998;59.896;96.846
100.260;89.992;59.868;96.843
100.280;89.985;59.839;96.841
100.300;89.980;59.810;96.839
100.320;89.975;59.781;96.837
100.340;89.969;59.752;96.834
100.360;89.964;59.723;96.832
100.380;89.959;59.695;96.830
100.400;89.953;59.666;96.827
100.420;89.948;59.637;96.825
100.440;89.943;59.608;96.823
100.460;89.937;59.579;96.820
100.480;89.931;59.551;96.818
100.500;89.924;59.522;96.816
100.520;89.918;59.493;96.813
100.540;89.912;59.464;96.811
100.560;89.905;59.435;96.809
100.580;89.899;59.407;96.806
100.600;89.892;59.378;96.804
100.620;89.886;59.349;96.802
100.640;89.880;59.320;96.800
100.660;89.873;59.291;96.799
100.680;89.867;59.262;96.798
100.700;89.860;59.234;96.797
100.720;89.854;59.205;96.796
100.740;89.848;59.176;96.795
100.760;89.841;59.147;96.795
100.780;89.835;59.118;96.794
100.800;89.828;59.090;96.793
100.820;89.822;59.061;96.792
100.840;89.816;59.032;96.791
100.860;89.810;59.003;96.790
100.880;89.804;58.974;96.789
100.900;89.797;58.946;96.788
100.920;89.791;58.917;96.788
100.940;89.785;58.888;96.787
100.960;89.779;58.859;96.786
100.980;89.772;58.830;96.785
101.000;89.766;58.802;96.783
101.020;89.760;58.773;96.781
101.040;89.753;58.744;96.780
101.060;89.745;58.715;96.778
101.080;89.738;58.686;96.776
101.100;89.731;58.658;96.774
101.120;89.723;58.629;96.773
101.140;89.716;58.600;96.771
101.160;89.709;58.571;96.769
101.180;89.702;58.542;96.768
101.200;89.694;58.514;96.766
101.220;89.687;58.485;96.764
101.240;89.680;58.456;96.762
101.260;89.673;58.427;96.761
101.280;89.667;58.399;96.759
101.300;89.661;58.370;96.757
101.320;89.655;58.341;96.755
101.340;89.649;58.312;96.754
101.360;89.643;58.283;96.752
101.380;89.636;58.255;96.750
101.400;89.631;58.226;96.749
101.420;89.625;58.197;96.747
101.440;89.620;58.168;96.745
101.460;89.615;58.140;96.743
101.480;89.611;58.111;96.742
101.500;89.607;58.082;96.740
101.520;89.603;58.053;96.738
101.540;89.599;58.025;96.736
101.560;89.595;57.996;96.735
101.580;89.589;57.967;96.733
101.600;89.584;57.938;96.731
101.620;89.579;57.910;96.729
101.640;89.573;57.881;96.728
101.660;89.568;57.852;96.726
101.680;89.561;57.823;96.724
101.700;89.555;57.795;96.722
101.720;89.548;57.766;96.721
101.740;89.542;57.737;96.719
101.760;89.535;57.708;96.717
101.780;89.529;57.680;96.715
101.800;89.522;57.651;96.713
101.820;89.516;57.622;96.712
101.840;89.509;57.593;96.710
101.860;89.502;57.565;96.708
101.880;89.494;57.536;96.706
101.900;89.487;57.507;96.705
101.920;89.479;57.478;96.703
101.940;89.472;57.450;96.701
101.960;89.464;57.421;96.699
101.980;89.457;57.392;96.697
102.000;89.450;57.363;96.696
102.020;89.443;57.335;96.694
102.040;89.437;57.306;96.692
102.060;89.430;57.277;96.690
102.080;89.424;57.249;96.689
102.100;89.417;57.220;96.687
102.120;89.411;57.191;96.685
102.140;89.405;57.162;96.683
102.160;89.398;57.134;96.681
102.180;89.392;57.105;96.680
102.200;89.385;57.076;96.678
102.220;89.379;57.048;96.676
102.240;89.372;57.019;96.674
102.260;89.366;56.990;96.672
102.280;89.360;56.962;96.671
102.300;89.353;56.934;96.669
102.320;89.347;56.906;96.667
102.340;89.340;56.877;96.665
102.360;89.334;56.849;96.663
102.380;89.327;56.821;96.662
102.400;89.321;56.792;96.660
102.420;89.314;56.764;96.658
102.440;89.308;56.736;96.656
102.460;89.301;56.707;96.654
102.480;89.295;56.679;96.653
102.500;89.288;56.651;96.651
102.520;89.282;56.623;96.649
102.540;89.275;56.594;96.647
102.560;89.269;56.566;96.645
102.580;89.262;56.538;96.643
102.600;89.256;56.509;96.642
102.620;89.249;56.481;96.640
102.640;89.243;56.453;96.638
102.660;89.236;56.425;96.636
102.680;89.230;56.396;96.634
102.700;89.223;56.368;96.633
102.720;89.217;56.340;96.631
102.740;89.210;56.312;96.629
102.760;89.204;56.283;96.627
102.780;89.197;56.255;96.625
102.800;89.191;56.227;96.623
102.820;89.184;56.199;96.622
102.840;89.178;56.170;96.620
102.860;89.171;56.142;96.618
102.880;89.164;56.114;96.616
102.900;89.158;56.086;96.614
102.920;89.151;56.058;96.613
102.940;89.144;56.029;96.611
102.960;89.137;56.001;96.609
102.980;89.129;55.973;96.607
103.000;89.122;55.945;96.605
103.020;89.114;55.917;96.603
103.040;89.107;55.888;96.602
103.060;89.100;55.860;96.600
103.080;89.092;55.832;96.598
103.100;89.085;55.804;96.596
103.120;89.078;55.776;96.594
103.140;89.071;55.748;96.592
103.160;89.064;55.719;96.591
103.180;89.057;55.691;96.589
103.200;89.050;55.663;96.587
103.220;89.043;55.635;96.585
103.240;89.036;55.607;96.583
103.260;89.029;55.579;96.581
103.280;89.022;55.551;96.579
103.300;89.015;55.522;96.578
103.320;89.008;55.494;96.576
103.340;89.000;55.466;96.574
103.360;88.993;55.438;96.572
103.380;88.987;55.410;96.570
103.400;88.980;55.382;96.568
103.420;88.974;55.354;96.566
103.440;88.968;55.326;96.565
103.460;88.962;55.298;96.563
103.480;88.955;55.270;96.561
103.500;88.949;55.242;96.559
103.520;88.943;55.213;96.557
103.540;88.937;55.185;96.555
103.560;88.930;55.157;96.553
103.580;88.923;55.129;96.552
103.600;88.915;55.101;96.550
103.620;88.907;55.073;96.548
103.640;88.899;55.045;96.546
103.660;88.892;55.017;96.544
103.680;88.885;54.989;96.542
103.700;88.879;54.961;96.540
103.720;88.874;54.933;96.539
103.740;88.867;54.905;96.537
103.760;88.860;54.877;96.535
103.780;88.853;54.849;96.533
103.800;88.845;54.821;96.531
103.820;88.838;54.793;96.529
103.840;88.831;54.765;96.527
103.860;88.824;54.737;96.525
103.880;88.816;54.709;96.524
103.900;88.809;54.681;96.522
103.920;88.802;54.652;96.520
103.940;88.795;54.623;96.518
103.960;88.787;54.593;96.516
103.980;88.780;54.564;96.514
104.000;88.773;54.535;96.512
104.020;88.766;54.506;96.510
104.040;88.758;54.477;96.509
104.060;88.751;54.447;96.507
104.080;88.744;54.426;96.505
104.100;88.736;54.401;96.503
104.120;88.729;54.373;96.501
104.140;88.722;54.345;96.499
104.160;88.716;54.317;96.497
104.180;88.710;54.289;96.495
104.200;88.704;54.260;96.493
104.220;88.698;54.232;96.491
104.240;88.691;54.204;96.490
104.260;88.685;54.176;96.488
104.280;88.679;54.148;96.486
104.300;88.673;54.119;96.484
104.320;88.667;54.091;96.482
104.340;88.660;54.063;96.480
104.360;88.653;54.035;96.478
104.380;88.645;54.007;96.476
104.400;88.638;53.979;96.474
104.420;88.631;53.950;96.472
104.440;88.624;53.922;96.471
104.460;88.616;53.894;96.469
104.480;88.609;53.866;96.467
104.500;88.602;53.838;96.465
104.520;88.594;53.810;96.463
104.540;88.587;53.782;96.461
104.560;88.581;53.753;96.459
104.580;88.575;53.725;96.457
104.600;88.569;53.697;96.455
104.620;88.563;53.669;96.453
104.640;88.557;53.641;96.451
104.660;88.551;53.613;96.450
104.680;88.545;53.585;96.448
104.700;88.539;53.557;96.446
104.720;88.533;53.529;96.444
104.740;88.527;53.501;96.442
104.760;88.521;53.473;96.440
104.780;88.515;53.445;96.438
104.800;88.509;53.416;96.436
104.820;88.503;53.388;96.434
104.840;88.497;53.360;96.432
104.860;88.491;53.332;96.430
104.880;88.484;53.304;96.428
104.900;88.477;53.276;96.426
104.920;88.470;53.248;96.425
104.940;88.463;53.220;96.423
104.960;88.457;53.192;96.421
104.980;88.451;53.164;96.419
105.000;88.445;53.136;96.417
105.020;88.438;53.108;96.415
105.040;88.432;53.080;96.413
105.060;88.426;53.052;96.411
105.080;88.420;53.024;96.409
105.100;88.414;52.996;96.407
105.120;88.408;52.968;96.405
105.140;88.402;52.940;96.403
105.160;88.396;52.913;96.401
105.180;88.389;52.885;96.399
105.200;88.383;52.857;96.397
105.220;88.377;52.829;96.396
105.240;88.371;52.801;96.394
105.260;88.365;52.773;96.392
105.280;88.359;52.745;96.390
105.300;88.353;52.717;96.388
105.320;88.346;52.689;96.386
105.340;88.340;52.661;96.384
105.360;88.334;52.633;96.382
105.380;88.328;52.606;96.380
105.400;88.322;52.578;96.378
105.420;88.316;52.550;96.376
105.440;88.310;52.522;96.374
105.460;88.303;52.494;96.372
105.480;88.297;52.466;96.370
105.500;88.291;52.439;96.368
105.520;88.285;52.411;96.366
105.540;88.278;52.383;96.364
105.560;88.269;52.355;96.362
105.580;88.261;52.327;96.360
105.600;88.253;52.299;96.358
105.620;88.245;52.272;96.356
105.640;88.237;52.244;96.354
105.660;88.229;52.216;96.352
105.680;88.221;52.188;96.351
105.700;88.213;52.161;96.349
105.720;88.205;52.133;96.347
105.740;88.197;52.105;96.345
105.760;88.189;52.077;96.343
105.780;88.181;52.050;96.341
105.800;88.172;52.022;96.339
105.820;88.164;51.994;96.337
105.840;88.156;51.967;96.335
105.860;88.148;51.939;96.333
105.880;88.139;51.911;96.331
105.900;88.129;51.884;96.329
105.920;88.120;51.856;96.327
105.940;88.110;51.828;96.325
105.960;88.101;51.801;96.323
105.980;88.091;51.772;96.321
106.000;88.081;51.741;96.319
106.020;88.072;51.709;96.317
106.040;88.063;51.678;96.315
106.060;88.054;51.646;96.313
106.080;88.046;51.615;96.311
106.100;88.037;51.583;96.309
106.120;88.029;51.552;96.307
106.140;88.020;51.521;96.305
106.160;88.011;51.489;96.303
106.180;88.003;51.458;96.301
106.200;87.994;51.426;96.299
106.220;87.986;51.395;96.297
106.240;87.977;51.364;96.295
106.260;87.968;51.332;96.293
106.280;87.958;51.301;96.291
106.300;87.947;51.270;96.289
106.320;87.936;51.238;96.287
106.340;87.926;51.207;96.285
106.360;87.915;51.175;96.283
106.380;87.905;51.144;96.281
106.400;87.894;51.113;96.279
106.420;87.883;51.081;96.277
106.440;87.873;51.050;96.275
106.460;87.862;51.019;96.273
106.480;87.852;50.987;96.271
106.500;87.841;50.956;96.269
106.520;87.830;50.924;96.267
106.540;87.820;50.893;96.265
106.560;87.809;50.862;96.263
106.580;87.799;50.830;96.261
106.600;87.789;50.799;96.259
106.620;87.780;50.768;96.257
106.640;87.770;50.736;96.255
106.660;87.761;50.705;96.253
106.680;87.752;50.674;96.251
106.700;87.744;50.642;96.249
106.720;87.735;50.611;96.247
106.740;87.726;50.580;96.245
106.760;87.718;50.548;96.243
106.780;87.709;50.517;96.241
106.800;87.701;50.486;96.239
106.820;87.692;50.454;96.237
106.840;87.684;50.423;96.235
106.860;87.675;50.394;96.233
106.880;87.666;50.366;96.231
106.900;87.658;50.337;96.229
106.920;87.650;50.309;96.226
106.940;87.642;50.281;96.224
106.960;87.634;50.252;96.222
106.980;87.626;50.224;96.220
107.000;87.619;50.196;96.218
107.020;87.611;50.168;96.216
107.040;87.603;50.139;96.214
107.060;87.595;50.111;96.212
107.080;87.587;50.083;96.210
107.100;87.579;50.055;96.208
107.120;87.571;50.026;96.206
107.140;87.563;49.998;96.204
107.160;87.555;49.970;96.202
107.180;87.547;49.942;96.200
107.200;87.539;49.914;96.198
107.220;87.532;49.885;96.196
107.240;87.524;49.857;96.194
107.260;87.516;49.829;96.192
107.280;87.508;49.801;96.190
107.300;87.500;49.773;96.188
107.320;87.492;49.745;96.186
107.340;87.484;49.717;96.184
107.360;87.476;49.689;96.181
107.380;87.468;49.660;96.179
107.400;87.460;49.632;96.177
107.420;87.452;49.604;96.175
107.440;87.444;49.576;96.173
107.460;87.436;49.548;96.171
107.480;87.428;49.520;96.169
107.500;87.420;49.492;96.167
107.520;87.412;49.464;96.165
107.540;87.404;49.436;96.163
107.560;87.396;49.408;96.161
107.580;87.388;49.380;96.159
107.600;87.380;49.352;96.157
107.620;87.372;49.324;96.155
107.640;87.364;49.296;96.153
107.660;87.356;49.268;96.151
107.680;87.348;49.240;96.148
107.700;87.340;49.212;96.146
107.720;87.332;49.185;96.144
107.740;87.325;49.157;96.142
107.760;87.317;49.129;96.140
107.780;87.309;49.101;96.138
107.800;87.301;49.073;96.136
107.820;87.292;49.045;96.134
107.840;87.283;49.017;96.132
107.860;87.274;48.990;96.130
107.880;87.267;48.962;96.128
107.900;87.259;48.934;96.126
107.920;87.251;48.906;96.123
107.940;87.243;48.878;96.121
107.960;87.236;48.851;96.119
107.980;87.228;48.823;96.117
108.000;87.220;48.795;96.115
108.020;87.213;48.767;96.113
108.040;87.207;48.740;96.111
108.060;87.199;48.712;96.109
108.080;87.191;48.684;96.107
108.100;87.184;48.656;96.105
108.120;87.176;48.629;96.103
108.140;87.168;48.601;96.100
108.160;87.160;48.573;96.098
108.180;87.152;48.546;96.096
108.200;87.144;48.518;96.094
108.220;87.136;48.490;96.092
108.240;87.128;48.463;96.090
108.260;87.120;48.435;96.088
108.280;87.112;48.408;96.086
108.300;87.105;48.380;96.084
108.320;87.097;48.353;96.082
108.340;87.089;48.326;96.079
108.360;87.081;48.298;96.077
108.380;87.073;48.271;96.075
108.400;87.065;48.244;96.073
108.420;87.057;48.216;96.071
108.440;87.048;48.189;96.069
108.460;87.039;48.162;96.067
108.480;87.031;48.135;96.065
108.500;87.022;48.108;96.062
108.520;87.013;48.080;96.060
108.540;87.005;48.053;96.058
108.560;86.996;48.026;96.056
108.580;86.987;47.999;96.054
108.600;86.979;47.972;96.052
108.620;86.970;47.945;96.050
108.640;86.961;47.918;96.048
108.660;86.952;47.890;96.045
108.680;86.944;47.863;96.043
108.700;86.935;47.836;96.041
108.720;86.926;47.809;96.039
108.740;86.918;47.782;96.037
108.760;86.909;47.755;96.035
108.780;86.900;47.728;96.033
108.800;86.891;47.701;96.031
108.820;86.883;47.674;96.028
108.840;86.874;47.647;96.026
108.860;86.865;47.620;96.024
108.880;86.856;47.593;96.022
108.900;86.848;47.566;96.020
108.920;86.839;47.539;96.018
108.940;86.830;47.512;96.016
108.960;86.821;47.486;96.013
108.980;86.812;47.466;96.011
109.000;86.804;47.446;96.009
109.020;86.795;47.426;96.007
109.040;86.787;47.406;96.005
109.060;86.779;47.386;96.003
109.080;86.771;47.366;96.001
109.100;86.762;47.346;95.998
109.120;86.754;47.326;95.996
109.140;86.746;47.306;95.994
109.160;86.738;47.286;95.992
109.180;86.729;47.266;95.990
109.200;86.721;47.247;95.988
109.220;86.713;47.227;95.985
109.240;86.704;47.207;95.983
109.260;86.695;47.187;95.981
109.280;86.686;47.167;95.979
109.300;86.677;47.148;95.977
109.320;86.668;47.128;95.975
109.340;86.659;47.108;95.972
109.360;86.649;47.088;95.970
109.380;86.640;47.069;95.968
109.400;86.631;47.049;95.966
109.420;86.622;47.029;95.964
109.440;86.613;47.010;95.962
109.460;86.604;46.990;95.959
109.480;86.595;46.970;95.957
109.500;86.585;46.951;95.955
109.520;86.576;46.931;95.953
109.540;86.567;46.911;95.951
109.560;86.558;46.892;95.948
109.580;86.549;46.872;95.946
109.600;86.540;46.853;95.944
109.620;86.530;46.833;95.942
109.640;86.521;46.813;95.940
109.660;86.512;46.794;95.938
109.680;86.503;46.774;95.935
109.700;86.494;46.755;95.933
109.720;86.485;46.735;95.931
109.740;86.475;46.716;95.929
109.760;86.466;46.696;95.927
109.780;86.457;46.677;95.924
109.800;86.448;46.652;95.922
109.820;86.439;46.626;95.920
109.840;86.429;46.600;95.918
109.860;86.420;46.574;95.916
109.880;86.411;46.549;95.913
109.900;86.402;46.523;95.911
109.920;86.392;46.497;95.909
109.940;86.383;46.471;95.907
109.960;86.374;46.445;95.905
109.980;86.365;46.420;95.902
110.000;86.356;46.394;95.900
110.020;86.346;46.368;95.898
110.040;86.337;46.342;95.896
110.060;86.328;46.317;95.894
110.080;86.319;46.291;95.891
110.100;86.309;46.265;95.889
110.120;86.299;46.240;95.887
110.140;86.289;46.214;95.885
110.160;86.279;46.188;95.882
110.180;86.269;46.163;95.880
110.200;86.259;46.137;95.878
110.220;86.250;46.111;95.876
110.240;86.240;46.086;95.874
110.260;86.230;46.060;95.871
110.280;86.220;46.035;95.869
110.300;86.210;46.009;95.867
110.320;86.200;45.983;95.865
110.340;86.190;45.958;95.862
110.360;86.180;45.932;95.860
110.380;86.170;45.907;95.858
110.400;86.160;45.881;95.856
110.420;86.150;45.856;95.853
110.440;86.141;45.830;95.851
110.460;86.131;45.805;95.849
110.480;86.121;45.779;95.847
110.500;86.111;45.754;95.845
110.520;86.101;45.728;95.842
110.540;86.091;45.703;95.840
110.560;86.081;45.677;95.838
110.580;86.071;45.652;95.836
110.600;86.061;45.627;95.833
110.620;86.051;45.601;95.831
110.640;86.041;45.576;95.829
110.660;86.031;45.550;95.827
110.680;86.021;45.525;95.824
110.700;86.011;45.500;95.822
110.720;86.001;45.474;95.820
110.740;85.991;45.449;95.818
110.760;85.981;45.424;95.815
110.780;85.971;45.398;95.813
110.800;85.961;45.373;95.811
110.820;85.951;45.348;95.808
110.840;85.941;45.322;95.806
110.860;85.931;45.297;95.804
110.880;85.921;45.272;95.802
110.900;85.911;45.247;95.799
110.920;85.901;45.221;95.797
110.940;85.891;45.196;95.795
110.960;85.880;45.171;95.793
110.980;85.870;45.146;95.790
111.000;85.860;45.121;95.788
111.020;85.850;45.095;95.786
111.040;85.840;45.070;95.784
111.060;85.830;45.045;95.781
111.080;85.820;45.020;95.779
111.100;85.812;44.995;95.777
111.120;85.804;44.970;95.774
111.140;85.796;44.945;95.772
111.160;85.789;44.920;95.770
111.180;85.781;44.895;95.768
111.200;85.773;44.869;95.765
111.220;85.765;44.840;95.763
111.240;85.757;44.811;95.761
111.260;85.749;44.783;95.758
111.280;85.741;44.754;95.756
111.300;85.733;44.726;95.754
111.320;85.725;44.697;95.751
111.340;85.717;44.668;95.749
111.360;85.709;44.640;95.747
111.380;85.701;44.611;95.745
111.400;85.693;44.583;95.742
111.420;85.685;44.554;95.740
111.440;85.676;44.526;95.738
111.460;85.666;44.497;95.735
111.480;85.656;44.469;95.733
111.500;85.646;44.440;95.731
111.520;85.636;44.412;95.728
111.540;85.626;44.383;95.726
111.560;85.616;44.355;95.724
111.580;85.606;44.327;95.722
111.600;85.596;44.298;95.719
111.620;85.586;44.270;95.717
111.640;85.576;44.241;95.715
111.660;85.566;44.213;95.712
111.680;85.556;44.184;95.710
111.700;85.546;44.156;95.708
111.720;85.536;44.128;95.705
111.740;85.526;44.099;95.703
111.760;85.516;44.071;95.701
111.780;85.506;44.043;95.698
111.800;85.496;44.014;95.696
111.820;85.488;43.986;95.694
111.840;85.481;43.958;95.691
111.860;85.473;43.929;95.689
111.880;85.466;43.901;95.687
111.900;85.459;43.873;95.684
111.920;85.452;43.844;95.682
111.940;85.445;43.816;95.680
111.960;85.437;43.788;95.677
111.980;85.430;43.760;95.675
112.000;85.423;43.731;95.673
112.020;85.416;43.703;95.670
112.040;85.409;43.675;95.668
112.060;85.401;43.647;95.666
112.080;85.393;43.618;95.663
112.100;85.383;43.590;95.661
112.120;85.373;43.562;95.659
112.140;85.362;43.534;95.656
112.160;85.352;43.506;95.654
112.180;85.341;43.478;95.652
112.200;85.331;43.449;95.649
112.220;85.320;43.421;95.647
112.240;85.310;43.393;95.645
112.260;85.299;43.365;95.642
112.280;85.289;43.337;95.640
112.300;85.278;43.309;95.637
112.320;85.268;43.281;95.635
112.340;85.258;43.253;95.633
112.360;85.247;43.225;95.630
112.380;85.237;43.196;95.628
112.400;85.226;43.168;95.626
112.420;85.216;43.140;95.623
112.440;85.205;43.112;95.621
112.460;85.195;43.084;95.619
112.480;85.184;43.056;95.616
112.500;85.174;43.028;95.614
112.520;85.163;43.000;95.611
112.540;85.152;42.972;95.609
112.560;85.142;42.944;95.607
112.580;85.131;42.916;95.604
112.600;85.121;42.888;95.602
112.620;85.110;42.860;95.600
112.640;85.100;42.832;95.598
112.660;85.089;42.804;95.595
112.680;85.079;42.777;95.593
112.700;85.068;42.749;95.591
112.720;85.057;42.721;95.588
112.740;85.047;42.693;95.586
112.760;85.036;42.665;95.584
112.780;85.026;42.637;95.582
112.800;85.015;42.609;95.579
112.820;85.004;42.581;95.577
112.840;84.994;42.553;95.575
112.860;84.984;42.526;95.573
112.880;84.976;42.498;95.570
112.900;84.968;42.470;95.568
112.920;84.959;42.442;95.566
112.940;84.951;42.414;95.564
112.960;84.942;42.387;95.561
112.980;84.934;42.359;95.559
113.000;84.926;42.331;95.557
113.020;84.917;42.303;95.554
113.040;84.909;42.275;95.552
113.060;84.900;42.248;95.550
113.080;84.892;42.220;95.548
113.100;84.884;42.192;95.545
113.120;84.875;42.164;95.543
113.140;84.867;42.137;95.541
113.160;84.859;42.109;95.538
113.180;84.851;42.081;95.536
113.200;84.843;42.054;95.534
113.220;84.836;42.026;95.532
113.240;84.828;41.998;95.529
113.260;84.820;41.973;95.527
113.280;84.812;41.949;95.525
113.300;84.805;41.925;95.522
113.320;84.797;41.901;95.520
113.340;84.789;41.877;95.518
113.360;84.781;41.853;95.516
113.380;84.773;41.829;95.513
113.400;84.766;41.804;95.511
113.420;84.758;41.780;95.509
113.440;84.750;41.756;95.506
113.460;84.742;41.732;95.504
113.480;84.732;41.708;95.502
113.500;84.723;41.684;95.499
113.520;84.713;41.660;95.497
113.540;84.704;41.636;95.495
113.560;84.694;41.612;95.492
113.580;84.684;41.588;95.490
113.600;84.675;41.564;95.488
113.620;84.665;41.541;95.486
113.640;84.655;41.517;95.483
113.660;84.646;41.493;95.481
113.680;84.636;41.469;95.479
113.700;84.627;41.445;95.476
113.720;84.617;41.421;95.474
113.740;84.607;41.397;95.472
113.760;84.598;41.374;95.469
113.780;84.588;41.350;95.467
113.800;84.578;41.326;95.465
113.820;84.569;41.302;95.462
113.840;84.559;41.279;95.460
113.860;84.549;41.255;95.458
113.880;84.540;41.231;95.455
113.900;84.530;41.207;95.453
113.920;84.520;41.184;95.451
113.940;84.511;41.160;95.448
113.960;84.501;41.136;95.446
113.980;84.491;41.113;95.444
114.000;84.481;41.089;95.441
114.020;84.472;41.065;95.439
114.040;84.462;41.042;95.437
114.060;84.452;41.018;95.434
114.080;84.443;40.995;95.432
114.100;84.433;40.971;95.430
114.120;84.423;40.948;95.427
114.140;84.413;40.924;95.425
114.160;84.404;40.901;95.422
114.180;84.394;40.877;95.420
114.200;84.385;40.854;95.418
114.220;84.375;40.830;95.417
114.240;84.366;40.807;95.415
114.260;84.357;40.783;95.414
114.280;84.347;40.760;95.413
114.300;84.338;40.736;95.411
114.320;84.328;40.713;95.410
114.340;84.319;40.690;95.408
114.360;84.309;40.666;95.407
114.380;84.300;40.643;95.406
114.400;84.291;40.620;95.404
114.420;84.281;40.596;95.403
114.440;84.272;40.573;95.402
114.460;84.262;40.550;95.400
114.480;84.253;40.526;95.399
114.500;84.243;40.503;95.397
114.520;84.234;40.480;95.396
114.540;84.225;40.457;95.395
114.560;84.215;40.434;95.393
114.580;84.206;40.410;95.392
114.600;84.196;40.387;95.390
114.620;84.187;40.364;95.389
114.640;84.177;40.341;95.388
114.660;84.168;40.318;95.386
114.680;84.158;40.295;95.383
114.700;84.149;40.271;95.381
114.720;84.139;40.248;95.378
114.740;84.130;40.225;95.376
114.760;84.121;40.202;95.373
114.780;84.111;40.179;95.371
114.800;84.102;40.156;95.368
114.820;84.092;40.133;95.366
114.840;84.083;40.110;95.363
114.860;84.075;40.087;95.361
114.880;84.066;40.064;95.358
114.900;84.057;40.041;95.356
114.920;84.048;40.018;95.353
114.940;84.039;39.995;95.351
114.960;84.031;39.972;95.348
114.980;84.022;39.949;95.346
115.000;84.013;39.926;95.343
115.020;84.004;39.903;95.341
115.040;83.996;39.881;95.338
115.060;83.987;39.858;95.336
115.080;83.978;39.835;95.333
115.100;83.969;39.812;95.331
115.120;83.960;39.789;95.328
115.140;83.952;39.766;95.326
115.160;83.943;39.744;95.323
115.180;83.934;39.721;95.321
115.200;83.925;39.698;95.318
115.220;83.916;39.675;95.316
115.240;83.908;39.653;95.313
115.260;83.899;39.630;95.310
115.280;83.890;39.607;95.308
115.300;83.881;39.584;95.305
115.320;83.872;39.562;95.303
115.340;83.864;39.539;95.300
115.360;83.855;39.517;95.298
115.380;83.846;39.494;95.295
115.400;83.837;39.471;95.293
115.420;83.828;39.449;95.290
115.440;83.819;39.426;95.287
115.460;83.811;39.404;95.285
115.480;83.802;39.381;95.282
115.500;83.793;39.358;95.280
115.520;83.784;39.336;95.277
115.540;83.775;39.313;95.274
115.560;83.766;39.291;95.272
115.580;83.757;39.269;95.269
115.600;83.749;39.246;95.267
115.620;83.740;39.224;95.264
115.640;83.731;39.201;95.262
115.660;83.722;39.179;95.259
115.680;83.713;39.156;95.256
115.700;83.704;39.134;95.254
115.720;83.695;39.112;95.251
115.740;83.687;39.089;95.249
115.760;83.678;39.067;95.246
115.780;83.669;39.045;95.243
115.800;83.660;39.022;95.241
115.820;83.651;39.000;95.238
115.840;83.640;38.978;95.235
115.860;83.630;38.956;95.232
115.880;83.619;38.935;95.228
115.900;83.608;38.913;95.225
115.920;83.598;38.891;95.222
115.940;83.587;38.869;95.218
115.960;83.577;38.847;95.215
115.980;83.566;38.825;95.212
116.000;83.555;38.804;95.208
116.020;83.545;38.782;95.205
116.040;83.534;38.760;95.202
116.060;83.524;38.738;95.198
116.080;83.514;38.717;95.195
116.100;83.504;38.695;95.192
116.120;83.494;38.673;95.188
116.140;83.484;38.651;95.185
116.160;83.473;38.630;95.181
116.180;83.463;38.608;95.179
116.200;83.453;38.586;95.176
116.220;83.443;38.565;95.174
116.240;83.433;38.543;95.171
116.260;83.425;38.522;95.169
116.280;83.416;38.499;95.166
116.300;83.407;38.474;95.164
116.320;83.398;38.449;95.161
116.340;83.389;38.425;95.159
116.360;83.380;38.400;95.156
116.380;83.371;38.376;95.154
116.400;83.362;38.351;95.151
116.420;83.354;38.327;95.149
116.440;83.345;38.302;95.146
116.460;83.336;38.278;95.144
116.480;83.327;38.253;95.141
116.500;83.319;38.229;95.139
116.520;83.312;38.205;95.136
116.540;83.305;38.180;95.134
116.560;83.298;38.156;95.131
116.580;83.291;38.131;95.129
116.600;83.285;38.107;95.126
116.620;83.278;38.083;95.124
116.640;83.271;38.058;95.121
116.660;83.264;38.034;95.119
116.680;83.257;38.007;95.116
116.700;83.250;37.978;95.114
116.720;83.239;37.961;95.111
116.740;83.229;37.936;95.109
116.760;83.219;37.911;95.106
116.780;83.209;37.886;95.104
116.800;83.199;37.862;95.101
116.820;83.189;37.837;95.099
116.840;83.179;37.812;95.096
116.860;83.169;37.788;95.094
116.880;83.159;37.763;95.091
116.900;83.148;37.739;95.089
116.920;83.138;37.714;95.086
116.940;83.128;37.689;95.083
116.960;83.118;37.665;95.081
116.980;83.108;37.640;95.078
117.000;83.098;37.616;95.076
117.020;83.088;37.591;95.073
117.040;83.077;37.566;95.071
117.060;83.067;37.542;95.068
117.080;83.058;37.517;95.066
117.100;83.049;37.493;95.063
117.120;83.040;37.468;95.061
117.140;83.031;37.444;95.058
117.160;83.022;37.419;95.056
117.180;83.013;37.395;95.053
117.200;83.004;37.364;95.051
117.220;82.995;37.331;95.048
117.240;82.986;37.298;95.045
117.260;82.977;37.266;95.043
117.280;82.968;37.233;95.040
117.300;82.958;37.201;95.038
117.320;82.949;37.168;95.035
117.340;82.940;37.136;95.033
117.360;82.931;37.103;95.030
117.380;82.922;37.071;95.028
117.400;82.913;37.038;95.025
117.420;82.904;37.006;95.022
117.440;82.895;36.974;95.020
117.460;82.886;36.941;95.017
117.480;82.876;36.909;95.015
117.500;82.866;36.876;95.012
117.520;82.855;36.844;95.010
117.540;82.844;36.812;95.007
117.560;82.833;36.779;95.004
117.580;82.823;36.747;95.002
117.600;82.812;36.715;94.999
117.620;82.801;36.682;94.997
117.640;82.790;36.650;94.994
117.660;82.779;36.618;94.992
117.680;82.769;36.585;94.989
117.700;82.758;36.553;94.986
117.720;82.747;36.521;94.984
117.740;82.736;36.491;94.981
117.760;82.725;36.462;94.979
117.780;82.714;36.434;94.976
117.800;82.704;36.406;94.974
117.820;82.693;36.378;94.971
117.840;82.682;36.349;94.968
117.860;82.671;36.321;94.966
117.880;82.660;36.293;94.963
117.900;82.649;36.265;94.961
117.920;82.638;36.237;94.958
117.940;82.627;36.208;94.955
117.960;82.617;36.180;94.953
117.980;82.606;36.152;94.950
118.000;82.595;36.124;94.947
118.020;82.584;36.096;94.944
118.040;82.573;36.068;94.942
118.060;82.562;36.040;94.939
118.080;82.551;36.012;94.936
118.100;82.540;35.984;94.933
118.120;82.529;35.956;94.931
118.140;82.518;35.928;94.928
118.160;82.507;35.900;94.925
118.180;82.496;35.872;94.922
118.200;82.485;35.844;94.920
118.220;82.474;35.816;94.917
118.240;82.463;35.788;94.914
118.260;82.452;35.760;94.911
118.280;82.441;35.732;94.909
118.300;82.430;35.704;94.906
118.320;82.419;35.676;94.903
118.340;82.408;35.648;94.900
118.360;82.396;35.621;94.897
118.380;82.383;35.593;94.895
118.400;82.371;35.565;94.892
118.420;82.358;35.537;94.889
118.440;82.346;35.510;94.886
118.460;82.334;35.482;94.884
118.480;82.321;35.454;94.881
118.500;82.312;35.426;94.878
118.520;82.303;35.399;94.875
118.540;82.294;35.371;94.872
118.560;82.284;35.343;94.870
118.580;82.273;35.316;94.867
118.600;82.263;35.288;94.864
118.620;82.253;35.260;94.861
118.640;82.242;35.233;94.858
118.660;82.232;35.205;94.856
118.680;82.221;35.178;94.853
118.700;82.211;35.150;94.850
118.720;82.199;35.123;94.847
118.740;82.186;35.095;94.844
118.760;82.173;35.068;94.842
118.780;82.160;35.040;94.839
118.800;82.146;35.013;94.836
118.820;82.133;34.985;94.833
118.840;82.120;34.958;94.830
118.860;82.108;34.930;94.828
118.880;82.097;34.903;94.825
118.900;82.085;34.876;94.822
118.920;82.074;34.848;94.819
118.940;82.062;34.821;94.816
118.960;82.051;34.793;94.813
118.980;82.041;34.766;94.811
119.000;82.032;34.739;94.808
119.020;82.022;34.712;94.806
119.040;82.012;34.684;94.805
119.060;82.002;34.657;94.803
119.080;81.993;34.630;94.801
119.100;81.983;34.603;94.799
119.120;81.973;34.576;94.798
119.140;81.964;34.549;94.796
119.160;81.954;34.522;94.794
119.180;81.944;34.495;94.792
119.200;81.935;34.468;94.789
119.220;81.925;34.441;94.786
119.240;81.915;34.414;94.784
119.260;81.907;34.388;94.781
119.280;81.900;34.361;94.778
119.300;81.892;34.335;94.776
119.320;81.885;34.308;94.773
119.340;81.877;34.282;94.770
119.360;81.870;34.255;94.768
119.380;81.863;34.229;94.765
119.400;81.855;34.202;94.762
119.420;81.848;34.176;94.760
119.440;81.841;34.149;94.757
119.460;81.833;34.123;94.754
119.480;81.826;34.097;94.752
119.500;81.819;34.071;94.749
119.520;81.811;34.061;94.746
119.540;81.803;34.052;94.744
119.560;81.794;34.042;94.741
119.580;81.784;34.033;94.738
119.600;81.775;34.023;94.736
119.620;81.765;34.014;94.733
119.640;81.755;34.004;94.730
119.660;81.746;33.995;94.727
119.680;81.736;33.985;94.725
119.700;81.726;33.976;94.722
119.720;81.717;33.966;94.719
119.740;81.708;33.957;94.717
119.760;81.700;33.947;94.714
119.780;81.690;33.938;94.711
119.800;81.680;33.928;94.708
119.820;81.669;33.919;94.706
119.840;81.659;33.910;94.703
119.860;81.649;33.881;94.700
119.880;81.640;33.851;94.698
119.900;81.629;33.821;94.695
119.920;81.618;33.790;94.692
119.940;81.608;33.760;94.689
119.960;81.597;33.730;94.687
119.980;81.586;33.700;94.684
120.000;81.576;33.670;94.681