time;median;l_ci;u_ci
15.500;98.585;95.109;99.745
15.501;98.584;95.107;99.745
15.502;98.584;95.105;99.745
15.502;98.583;95.103;99.744
15.503;98.582;95.101;99.744
15.504;98.582;95.099;99.744
15.505;98.581;95.097;99.744
15.506;98.580;95.096;99.744
15.507;98.580;95.094;99.743
15.507;98.579;95.092;99.743
15.508;98.578;95.090;99.743
15.509;98.578;95.088;99.743
15.510;98.577;95.086;99.743
15.511;98.576;95.084;99.742
15.512;98.576;95.082;99.742
15.512;98.575;95.080;99.742
15.513;98.574;95.079;99.742
15.514;98.574;95.077;99.742
15.515;98.573;95.075;99.742
15.516;98.573;95.073;99.741
15.517;98.572;95.071;99.741
15.517;98.571;95.069;99.741
15.518;98.571;95.068;99.741
15.519;98.570;95.066;99.741
15.520;98.569;95.064;99.740
15.521;98.569;95.062;99.740
15.522;98.568;95.060;99.740
15.522;98.568;95.059;99.740
15.523;98.567;95.057;99.740
15.524;98.566;95.055;99.740
15.525;98.566;95.053;99.739
15.526;98.565;95.051;99.739
15.527;98.565;95.050;99.739
15.527;98.564;95.048;99.739
15.528;98.563;95.046;99.739
15.529;98.563;95.044;99.738
15.530;98.562;95.043;99.738
15.531;98.562;95.041;99.738
15.532;98.561;95.039;99.738
15.532;98.561;95.038;99.738
15.533;98.560;95.036;99.738
15.534;98.559;95.034;99.737
15.535;98.559;95.033;99.737
15.536;98.558;95.031;99.737
15.537;98.558;95.029;99.737
15.537;98.557;95.028;99.737
15.538;98.557;95.026;99.736
15.539;98.556;95.024;99.736
15.540;98.556;95.023;99.736
15.541;98.555;95.021;99.736
15.542;98.555;95.019;99.736
15.543;98.554;95.018;99.736
15.543;98.554;95.016;99.735
15.544;98.553;95.014;99.735
15.545;98.553;95.013;99.735
15.546;98.552;95.011;99.735
15.547;98.552;95.010;99.735
15.547;98.552;95.009;99.734
15.548;98.551;95.008;99.734
15.549;98.551;95.007;99.734
15.550;98.550;95.006;99.734
15.551;98.550;95.006;99.734
15.552;98.550;95.005;99.734
15.552;98.549;95.004;99.733
15.553;98.549;95.003;99.733
15.554;98.548;95.002;99.733
15.555;98.548;95.001;99.733
15.556;98.547;95.001;99.733
15.557;98.547;95.000;99.733
15.558;98.546;94.999;99.732
15.558;98.546;94.998;99.732
15.559;98.545;94.997;99.732
15.560;98.545;94.996;99.732
15.561;98.544;94.996;99.732
15.562;98.543;94.995;99.732
15.562;98.543;94.994;99.731
15.563;98.542;94.993;99.731
15.564;98.542;94.992;99.731
15.565;98.541;94.992;99.731
15.566;98.541;94.991;99.731
15.567;98.541;94.990;99.731
15.567;98.540;94.989;99.730
15.568;98.540;94.988;99.730
15.569;98.539;94.988;99.730
15.570;98.539;94.987;99.730
15.571;98.539;94.986;99.730
15.572;98.538;94.985;99.730
15.573;98.538;94.985;99.729
15.573;98.538;94.984;99.729
15.574;98.537;94.983;99.729
15.575;98.537;94.982;99.729
15.576;98.537;94.981;99.729
15.577;98.536;94.981;99.729
15.578;98.536;94.980;99.728
15.578;98.536;94.979;99.728
15.579;98.535;94.978;99.728
15.580;98.535;94.978;99.728
15.581;98.535;94.977;99.728
15.582;98.534;94.976;99.728
15.582;98.534;94.975;99.727
15.583;98.533;94.975;99.727
15.584;98.533;94.974;99.727
15.585;98.532;94.973;99.727
15.586;98.532;94.973;99.727
15.587;98.531;94.972;99.727
15.588;98.530;94.971;99.727
15.588;98.530;94.970;99.727
15.589;98.529;94.970;99.727
15.590;98.528;94.969;99.727
15.591;98.528;94.968;99.727
15.592;98.527;94.968;99.727
15.593;98.526;94.967;99.726
15.593;98.526;94.966;99.726
15.594;98.525;94.965;99.726
15.595;98.525;94.965;99.726
15.596;98.524;94.964;99.726
15.597;98.523;94.963;99.726
15.598;98.523;94.963;99.726
15.598;98.522;94.962;99.726
15.599;98.522;94.961;99.726
15.600;98.522;94.961;99.726
15.601;98.521;94.960;99.726
15.602;98.521;94.959;99.726
15.603;98.521;94.959;99.726
15.603;98.520;94.958;99.725
15.604;98.520;94.957;99.725
15.605;98.520;94.957;99.725
15.606;98.519;94.956;99.725
15.607;98.519;94.955;99.725
15.608;98.519;94.955;99.725
15.608;98.518;94.954;99.725
15.609;98.518;94.954;99.725
15.610;98.517;94.953;99.725
15.611;98.517;94.952;99.725
15.612;98.517;94.952;99.725
15.613;98.516;94.951;99.725
15.613;98.516;94.950;99.725
15.614;98.515;94.950;99.724
15.615;98.515;94.949;99.724
15.616;98.514;94.949;99.724
15.617;98.514;94.948;99.724
15.618;98.514;94.947;99.724
15.618;98.513;94.947;99.724
15.619;98.513;94.946;99.724
15.620;98.512;94.946;99.724
15.621;98.512;94.945;99.724
15.622;98.512;94.944;99.724
15.623;98.511;94.944;99.724
15.623;98.511;94.943;99.724
15.624;98.510;94.943;99.724
15.625;98.510;94.942;99.724
15.626;98.510;94.941;99.724
15.627;98.509;94.940;99.723
15.627;98.509;94.939;99.723
15.628;98.508;94.938;99.723
15.629;98.508;94.937;99.723
15.630;98.508;94.936;99.723
15.631;98.507;94.935;99.723
15.632;98.507;94.934;99.723
15.632;98.507;94.933;99.723
15.633;98.506;94.932;99.723
15.634;98.506;94.931;99.723
15.635;98.505;94.930;99.723
15.636;98.505;94.929;99.723
15.637;98.505;94.928;99.723
15.637;98.504;94.927;99.723
15.638;98.504;94.926;99.723
15.639;98.504;94.925;99.722
15.640;98.504;94.924;99.722
15.641;98.503;94.923;99.722
15.642;98.503;94.922;99.722
15.642;98.503;94.921;99.722
15.643;98.503;94.920;99.722
15.644;98.502;94.919;99.722
15.645;98.502;94.918;99.722
15.646;98.502;94.917;99.722
15.647;98.501;94.917;99.721
15.647;98.501;94.916;99.721
15.648;98.501;94.915;99.721
15.649;98.500;94.914;99.721
15.650;98.500;94.913;99.721
15.651;98.500;94.912;99.721
15.652;98.499;94.911;99.721
15.652;98.499;94.910;99.721
15.653;98.499;94.909;99.721
15.654;98.499;94.909;99.721
15.655;98.498;94.908;99.720
15.656;98.498;94.907;99.720
15.657;98.498;94.906;99.720
15.657;98.498;94.905;99.720
15.658;98.497;94.904;99.720
15.659;98.497;94.903;99.720
15.660;98.497;94.903;99.720
15.661;98.497;94.902;99.720
15.662;98.496;94.901;99.720
15.662;98.496;94.900;99.720
15.663;98.496;94.899;99.719
15.664;98.496;94.898;99.719
15.665;98.495;94.898;99.719
15.666;98.495;94.897;99.719
15.667;98.495;94.896;99.719
15.668;98.495;94.895;99.719
15.668;98.494;94.894;99.719
15.669;98.494;94.894;99.719
15.670;98.494;94.893;99.719
15.671;98.494;94.892;99.719
15.672;98.493;94.891;99.719
15.672;98.493;94.890;99.718
15.673;98.493;94.890;99.718
15.674;98.493;94.889;99.718
15.675;98.492;94.888;99.718
15.676;98.492;94.887;99.718
15.677;98.492;94.887;99.718
15.677;98.492;94.886;99.718
15.678;98.491;94.885;99.718
15.679;98.491;94.885;99.718
15.680;98.491;94.884;99.718
15.681;98.490;94.883;99.718
15.682;98.490;94.882;99.717
15.683;98.490;94.882;99.717
15.683;98.490;94.881;99.717
15.684;98.490;94.880;99.717
15.685;98.489;94.880;99.717
15.686;98.489;94.879;99.717
15.687;98.489;94.878;99.717
15.688;98.489;94.878;99.717
15.688;98.489;94.877;99.717
15.689;98.488;94.876;99.717
15.690;98.488;94.876;99.717
15.691;98.488;94.875;99.717
15.692;98.488;94.874;99.716
15.692;98.488;94.874;99.716
15.693;98.488;94.873;99.716
15.694;98.487;94.872;99.716
15.695;98.487;94.872;99.716
15.696;98.487;94.871;99.716
15.697;98.487;94.871;99.716
15.698;98.487;94.871;99.716
15.698;98.487;94.870;99.716
15.699;98.486;94.870;99.716
15.700;98.486;94.870;99.716
15.701;98.486;94.870;99.716
15.702;98.486;94.870;99.716
15.703;98.486;94.870;99.716
15.703;98.486;94.870;99.715
15.704;98.485;94.870;99.715
15.705;98.485;94.870;99.715
15.706;98.485;94.871;99.715
15.707;98.485;94.871;99.715
15.707;98.484;94.871;99.715
15.708;98.484;94.871;99.715
15.709;98.484;94.871;99.715
15.710;98.484;94.871;99.715
15.711;98.483;94.871;99.715
15.712;98.483;94.871;99.715
15.713;98.483;94.871;99.715
15.713;98.482;94.871;99.715
15.714;98.482;94.871;99.715
15.715;98.482;94.871;99.715
15.716;98.482;94.872;99.714
15.717;98.481;94.872;99.714
15.718;98.481;94.872;99.714
15.718;98.481;94.872;99.714
15.719;98.481;94.872;99.714
15.720;98.481;94.872;99.714
15.721;98.481;94.872;99.714
15.722;98.481;94.873;99.714
15.723;98.481;94.873;99.714
15.723;98.481;94.873;99.714
15.724;98.481;94.873;99.714
15.725;98.481;94.873;99.714
15.726;98.481;94.874;99.714
15.727;98.481;94.874;99.714
15.728;98.481;94.874;99.714
15.728;98.481;94.874;99.714
15.729;98.481;94.875;99.714
15.730;98.481;94.875;99.713
15.731;98.480;94.875;99.713
15.732;98.480;94.875;99.713
15.733;98.480;94.876;99.713
15.733;98.480;94.876;99.713
15.734;98.480;94.876;99.713
15.735;98.480;94.876;99.713
15.736;98.480;94.877;99.713
15.737;98.479;94.877;99.713
15.738;98.479;94.877;99.713
15.738;98.479;94.878;99.713
15.739;98.479;94.878;99.713
15.740;98.479;94.878;99.713
15.741;98.479;94.879;99.713
15.742;98.479;94.879;99.713
15.743;98.479;94.879;99.713
15.743;98.479;94.880;99.713
15.744;98.478;94.881;99.713
15.745;98.478;94.882;99.713
15.746;98.478;94.882;99.713
15.747;98.478;94.883;99.713
15.748;98.478;94.884;99.713
15.748;98.478;94.885;99.712
15.749;98.478;94.885;99.712
15.750;98.478;94.886;99.712
15.751;98.478;94.887;99.712
15.752;98.478;94.888;99.712
15.752;98.478;94.889;99.712
15.753;98.478;94.890;99.712
15.754;98.478;94.891;99.712
15.755;98.478;94.891;99.712
15.756;98.478;94.892;99.712
15.757;98.478;94.893;99.712
15.757;98.478;94.894;99.712
15.758;98.478;94.895;99.712
15.759;98.478;94.896;99.712
15.760;98.478;94.897;99.712
15.761;98.478;94.898;99.712
15.762;98.478;94.899;99.712
15.762;98.478;94.900;99.712
15.763;98.478;94.901;99.712
15.764;98.478;94.902;99.712
15.765;98.478;94.903;99.712
15.766;98.478;94.904;99.712
15.767;98.478;94.905;99.712
15.767;98.478;94.907;99.712
15.768;98.478;94.908;99.712
15.769;98.478;94.909;99.712
15.770;98.478;94.910;99.712
15.771;98.478;94.911;99.712
15.772;98.478;94.912;99.712
15.772;98.478;94.913;99.712
15.773;98.479;94.915;99.712
15.774;98.479;94.916;99.712
15.775;98.479;94.917;99.712
15.776;98.479;94.918;99.712
15.777;98.479;94.919;99.712
15.777;98.479;94.919;99.712
15.778;98.479;94.920;99.712
15.779;98.479;94.920;99.712
15.780;98.480;94.921;99.712
15.781;98.480;94.921;99.712
15.782;98.480;94.921;99.712
15.782;98.480;94.922;99.712
15.783;98.480;94.922;99.712
15.784;98.480;94.923;99.712
15.785;98.480;94.923;99.712
15.786;98.480;94.924;99.712
15.787;98.480;94.924;99.712
15.787;98.481;94.925;99.712
15.788;98.481;94.925;99.712
15.789;98.481;94.926;99.712
15.790;98.481;94.926;99.712
15.791;98.481;94.927;99.712
15.792;98.482;94.928;99.712
15.793;98.482;94.928;99.712
15.793;98.482;94.929;99.712
15.794;98.482;94.929;99.712
15.795;98.482;94.930;99.712
15.796;98.483;94.930;99.712
15.797;98.483;94.931;99.712
15.797;98.483;94.932;99.712
15.798;98.483;94.932;99.712
15.799;98.484;94.933;99.712
15.800;98.484;94.933;99.712
15.801;98.484;94.934;99.712
15.802;98.484;94.935;99.712
15.802;98.485;94.935;99.712
15.803;98.485;94.936;99.712
15.804;98.485;94.937;99.712
15.805;98.486;94.937;99.712
15.806;98.486;94.938;99.712
15.807;98.486;94.939;99.712
15.808;98.487;94.940;99.712
15.808;98.487;94.940;99.712
15.809;98.488;94.941;99.712
15.810;98.488;94.942;99.712
15.811;98.489;94.942;99.712
15.812;98.489;94.943;99.712
15.812;98.490;94.944;99.712
15.813;98.490;94.945;99.712
15.814;98.491;94.945;99.712
15.815;98.491;94.946;99.713
15.816;98.492;94.947;99.713
15.817;98.492;94.948;99.713
15.817;98.493;94.949;99.713
15.818;98.493;94.949;99.713
15.819;98.494;94.950;99.713
15.820;98.494;94.951;99.713
15.821;98.494;94.952;99.713
15.822;98.494;94.953;99.713
15.823;98.495;94.954;99.713
15.823;98.495;94.955;99.713
15.824;98.495;94.955;99.713
15.825;98.496;94.956;99.714
15.826;98.496;94.957;99.714
15.827;98.496;94.958;99.714
15.828;98.497;94.959;99.714
15.828;98.497;94.960;99.714
15.829;98.497;94.961;99.714
15.830;98.498;94.962;99.714
15.831;98.498;94.963;99.714
15.832;98.498;94.965;99.714
15.832;98.499;94.966;99.714
15.833;98.499;94.967;99.714
15.834;98.499;94.969;99.715
15.835;98.500;94.970;99.715
15.836;98.500;94.971;99.715
15.837;98.501;94.973;99.715
15.838;98.501;94.974;99.715
15.838;98.502;94.975;99.715
15.839;98.502;94.977;99.715
15.840;98.503;94.978;99.715
15.841;98.503;94.980;99.715
15.842;98.504;94.981;99.715
15.843;98.504;94.982;99.716
15.843;98.505;94.984;99.716
15.844;98.505;94.985;99.716
15.845;98.506;94.987;99.716
15.846;98.507;94.988;99.716
15.847;98.507;94.990;99.716
15.848;98.508;94.991;99.716
15.848;98.509;94.993;99.716
15.849;98.510;94.994;99.717
15.850;98.510;94.996;99.717
15.851;98.511;94.997;99.717
15.852;98.512;94.999;99.717
15.853;98.513;95.000;99.717
15.853;98.513;95.002;99.717
15.854;98.514;95.004;99.717
15.855;98.514;95.005;99.717
15.856;98.515;95.007;99.718
15.857;98.516;95.008;99.718
15.858;98.517;95.010;99.718
15.858;98.518;95.012;99.718
15.859;98.518;95.013;99.718
15.860;98.519;95.015;99.718
15.861;98.520;95.017;99.718
15.862;98.521;95.018;99.719
15.863;98.522;95.020;99.719
15.863;98.523;95.022;99.719
15.864;98.524;95.023;99.719
15.865;98.525;95.025;99.719
15.866;98.526;95.027;99.719
15.867;98.527;95.029;99.719
15.868;98.527;95.030;99.720
15.868;98.528;95.032;99.720
15.869;98.529;95.034;99.720
15.870;98.530;95.036;99.720
15.871;98.531;95.038;99.720
15.872;98.532;95.039;99.720
15.873;98.533;95.041;99.720
15.873;98.533;95.043;99.721
15.874;98.534;95.045;99.721
15.875;98.535;95.047;99.721
15.876;98.535;95.049;99.721
15.877;98.536;95.051;99.721
15.877;98.536;95.052;99.721
15.878;98.537;95.054;99.722
15.879;98.538;95.056;99.722
15.880;98.538;95.058;99.722
15.881;98.539;95.060;99.722
15.882;98.540;95.062;99.722
15.882;98.540;95.064;99.722
15.883;98.541;95.066;99.723
15.884;98.542;95.068;99.723
15.885;98.543;95.070;99.723
15.886;98.544;95.072;99.723
15.887;98.545;95.074;99.723
15.887;98.546;95.076;99.723
15.888;98.548;95.079;99.724
15.889;98.549;95.081;99.724
15.890;98.550;95.083;99.724
15.891;98.551;95.085;99.724
15.892;98.552;95.087;99.724
15.892;98.553;95.089;99.725
15.893;98.554;95.091;99.725
15.894;98.556;95.093;99.725
15.895;98.557;95.096;99.725
15.896;98.559;95.098;99.725
15.897;98.560;95.100;99.726
15.897;98.562;95.102;99.726
15.898;98.563;95.105;99.726
15.899;98.565;95.107;99.726
15.900;98.566;95.109;99.726
15.901;98.568;95.111;99.727
15.902;98.569;95.114;99.727
15.902;98.570;95.116;99.727
15.903;98.571;95.118;99.727
15.904;98.572;95.121;99.727
15.905;98.573;95.123;99.728
15.906;98.574;95.125;99.728
15.907;98.575;95.128;99.728
15.907;98.576;95.130;99.728
15.908;98.576;95.132;99.728
15.909;98.578;95.135;99.729
15.910;98.579;95.137;99.729
15.911;98.580;95.140;99.729
15.912;98.582;95.142;99.729
15.912;98.583;95.145;99.730
15.913;98.584;95.147;99.730
15.914;98.585;95.150;99.730
15.915;98.586;95.152;99.730
15.916;98.587;95.155;99.730
15.917;98.588;95.157;99.731
15.918;98.589;95.160;99.731
15.918;98.590;95.162;99.731
15.919;98.592;95.165;99.731
15.920;98.593;95.168;99.731
15.921;98.594;95.170;99.731
15.922;98.595;95.173;99.731
15.922;98.596;95.176;99.732
15.923;98.597;95.178;99.732
15.924;98.598;95.181;99.732
15.925;98.600;95.184;99.732
15.926;98.601;95.186;99.732
15.927;98.603;95.189;99.732
15.927;98.604;95.192;99.732
15.928;98.605;95.195;99.733
15.929;98.606;95.197;99.733
15.930;98.608;95.200;99.733
15.931;98.609;95.203;99.733
15.932;98.611;95.206;99.733
15.933;98.613;95.209;99.733
15.933;98.614;95.211;99.734
15.934;98.615;95.214;99.734
15.935;98.617;95.217;99.734
15.936;98.618;95.220;99.734
15.937;98.619;95.223;99.735
15.938;98.620;95.226;99.735
15.938;98.622;95.229;99.735
15.939;98.623;95.232;99.736
15.940;98.624;95.235;99.736
15.941;98.626;95.238;99.736
15.942;98.627;95.241;99.736
15.942;98.629;95.244;99.737
15.943;98.631;95.247;99.737
15.944;98.632;95.251;99.737
15.945;98.633;95.254;99.738
15.946;98.635;95.257;99.738
15.947;98.636;95.260;99.738
15.948;98.637;95.263;99.739
15.948;98.639;95.267;99.739
15.949;98.640;95.270;99.739
15.950;98.641;95.273;99.740
15.951;98.642;95.276;99.740
15.952;98.644;95.280;99.740
15.953;98.646;95.283;99.741
15.953;98.649;95.286;99.741
15.954;98.651;95.293;99.741
15.955;98.654;95.299;99.742
15.956;98.655;95.305;99.742
15.957;98.656;95.311;99.742
15.957;98.658;95.318;99.743
15.958;98.659;95.324;99.743
15.959;98.660;95.331;99.744
15.960;98.661;95.337;99.744
15.961;98.662;95.344;99.744
15.962;98.664;95.350;99.744
15.963;98.667;95.357;99.745
15.963;98.670;95.363;99.745
15.964;98.674;95.370;99.745
15.965;98.677;95.377;99.745
15.966;98.678;95.383;99.745
15.967;98.680;95.390;99.746
15.968;98.682;95.397;99.746
15.968;98.683;95.404;99.746
15.969;98.684;95.411;99.746
15.970;98.685;95.418;99.747
15.971;98.686;95.425;99.747
15.972;98.687;95.432;99.747
15.973;98.690;95.439;99.747
15.973;98.692;95.446;99.748
15.974;98.693;95.453;99.748
15.975;98.694;95.460;99.748
15.976;98.696;95.467;99.748
15.977;98.697;95.474;99.748
15.978;98.699;95.481;99.749
15.978;98.700;95.489;99.749
15.979;98.701;95.496;99.749
15.980;98.703;95.503;99.749
15.981;98.705;95.511;99.750
15.982;98.708;95.518;99.750
15.983;98.712;95.526;99.750
15.983;98.714;95.533;99.750
15.984;98.717;95.541;99.751
15.985;98.719;95.549;99.751
15.986;98.721;95.556;99.751
15.987;98.723;95.564;99.752
15.988;98.724;95.570;99.752
15.988;98.726;95.573;99.752
15.989;98.727;95.576;99.752
15.990;98.729;95.580;99.753
15.991;98.731;95.583;99.753
15.992;98.732;95.587;99.753
15.993;98.734;95.591;99.753
15.993;98.736;95.594;99.754
15.994;98.737;95.598;99.754
15.995;98.739;95.601;99.754
15.996;98.741;95.605;99.754
15.997;98.743;95.609;99.755
15.998;98.744;95.612;99.755
15.998;98.746;95.616;99.755
15.999;98.748;95.620;99.756
16.000;98.751;95.623;99.756
16.001;98.754;95.627;99.756
16.002;98.757;95.629;99.756
16.002;98.759;95.631;99.757
16.003;98.760;95.633;99.757
16.004;98.762;95.635;99.757
16.005;98.763;95.637;99.758
16.006;98.764;95.638;99.758
16.007;98.766;95.640;99.758
16.007;98.768;95.642;99.758
16.008;98.770;95.644;99.759
16.009;98.772;95.649;99.759
16.010;98.774;95.661;99.760
16.011;98.775;95.672;99.760
16.012;98.777;95.676;99.760
16.012;98.779;95.679;99.761
16.013;98.780;95.682;99.761
16.014;98.782;95.685;99.761
16.015;98.784;95.688;99.762
16.016;98.785;95.691;99.762
16.017;98.787;95.694;99.762
16.017;98.788;95.697;99.762
16.018;98.790;95.700;99.763
16.019;98.792;95.703;99.763
16.020;98.793;95.706;99.763
16.021;98.795;95.709;99.763
16.022;98.796;95.711;99.764
16.022;98.797;95.714;99.764
16.023;98.799;95.717;99.764
16.024;98.800;95.719;99.764
16.025;98.801;95.722;99.764
16.026;98.802;95.725;99.764
16.027;98.803;95.727;99.765
16.027;98.804;95.729;99.765
16.028;98.805;95.732;99.765
16.029;98.807;95.734;99.765
16.030;98.808;95.736;99.765
16.031;98.809;95.739;99.765
16.032;98.810;95.741;99.765
16.032;98.811;95.743;99.765
16.033;98.811;95.745;99.766
16.034;98.812;95.747;99.766
16.035;98.812;95.749;99.766
16.036;98.812;95.751;99.766
16.037;98.812;95.754;99.766
16.037;98.813;95.756;99.766
16.038;98.813;95.758;99.766
16.039;98.814;95.759;99.766
16.040;98.814;95.761;99.766
16.041;98.815;95.763;99.766
16.042;98.816;95.765;99.766
16.043;98.816;95.767;99.766
16.043;98.816;95.769;99.766
16.044;98.816;95.770;99.766
16.045;98.817;95.772;99.766
16.046;98.817;95.774;99.766
16.047;98.818;95.775;99.766
16.047;98.818;95.777;99.766
16.048;98.819;95.778;99.766
16.049;98.819;95.780;99.766
16.050;98.819;95.781;99.766
16.051;98.820;95.783;99.766
16.052;98.820;95.784;99.766
16.052;98.821;95.785;99.766
16.053;98.821;95.787;99.766
16.054;98.821;95.788;99.766
16.055;98.822;95.789;99.766
16.056;98.822;95.791;99.766
16.057;98.822;95.792;99.766
16.058;98.822;95.793;99.766
16.058;98.823;95.794;99.766
16.059;98.823;95.795;99.766
16.060;98.823;95.796;99.766
16.061;98.823;95.798;99.766
16.062;98.824;95.799;99.766
16.062;98.824;95.800;99.766
16.063;98.824;95.801;99.766
16.064;98.824;95.802;99.766
16.065;98.824;95.802;99.766
16.066;98.824;95.803;99.766
16.067;98.824;95.804;99.766
16.067;98.824;95.805;99.766
16.068;98.824;95.806;99.766
16.069;98.824;95.807;99.765
16.070;98.824;95.808;99.765
16.071;98.824;95.808;99.765
16.072;98.823;95.809;99.765
16.073;98.823;95.810;99.765
16.073;98.823;95.810;99.765
16.074;98.823;95.811;99.765
16.075;98.823;95.812;99.765
16.076;98.822;95.812;99.765
16.077;98.822;95.813;99.765
16.078;98.822;95.813;99.765
16.078;98.821;95.814;99.765
16.079;98.821;95.814;99.765
16.080;98.820;95.815;99.764
16.081;98.820;95.815;99.764
16.082;98.819;95.816;99.764
16.082;98.819;95.816;99.764
16.083;98.819;95.817;99.764
16.084;98.818;95.817;99.764
16.085;98.818;95.817;99.764
16.086;98.817;95.818;99.764
16.087;98.817;95.818;99.764
16.088;98.817;95.818;99.764
16.088;98.817;95.819;99.764
16.089;98.816;95.819;99.763
16.090;98.816;95.819;99.763
16.091;98.816;95.819;99.763
16.092;98.816;95.820;99.763
16.093;98.816;95.820;99.763
16.093;98.816;95.821;99.763
16.094;98.816;95.821;99.763
16.095;98.816;95.822;99.763
16.096;98.816;95.823;99.763
16.097;98.817;95.823;99.763
16.098;98.817;95.824;99.762
16.098;98.817;95.824;99.762
16.099;98.817;95.825;99.762
16.100;98.817;95.826;99.762
16.101;98.817;95.826;99.762
16.102;98.817;95.827;99.762
16.103;98.817;95.827;99.762
16.103;98.817;95.827;99.762
16.104;98.817;95.828;99.762
16.105;98.816;95.828;99.761
16.106;98.816;95.829;99.761
16.107;98.816;95.829;99.761
16.108;98.816;95.829;99.761
16.108;98.815;95.829;99.761
16.109;98.815;95.830;99.761
16.110;98.815;95.830;99.761
16.111;98.814;95.830;99.761
16.112;98.814;95.830;99.760
16.113;98.814;95.830;99.760
16.113;98.813;95.831;99.760
16.114;98.813;95.831;99.760
16.115;98.813;95.831;99.760
16.116;98.812;95.831;99.760
16.117;98.812;95.831;99.760
16.118;98.812;95.831;99.759
16.118;98.811;95.831;99.759
16.119;98.811;95.831;99.759
16.120;98.811;95.831;99.759
16.121;98.810;95.831;99.759
16.122;98.810;95.831;99.759
16.123;98.810;95.831;99.759
16.123;98.809;95.830;99.759
16.124;98.809;95.830;99.758
16.125;98.808;95.830;99.758
16.126;98.808;95.830;99.758
16.127;98.807;95.830;99.758
16.127;98.806;95.829;99.758
16.128;98.806;95.829;99.758
16.129;98.805;95.829;99.758
16.130;98.805;95.829;99.757
16.131;98.804;95.828;99.757
16.132;98.804;95.828;99.757
16.132;98.803;95.828;99.757
16.133;98.803;95.827;99.757
16.134;98.802;95.827;99.757
16.135;98.802;95.826;99.757
16.136;98.801;95.826;99.756
16.137;98.801;95.824;99.756
16.137;98.800;95.822;99.756
16.138;98.800;95.820;99.756
16.139;98.799;95.817;99.756
16.140;98.799;95.815;99.756
16.141;98.798;95.813;99.756
16.142;98.798;95.811;99.755
16.142;98.797;95.808;99.755
16.143;98.797;95.806;99.755
16.144;98.796;95.804;99.755
16.145;98.796;95.802;99.755
16.146;98.795;95.799;99.755
16.147;98.795;95.798;99.754
16.147;98.794;95.797;99.754
16.148;98.794;95.796;99.754
16.149;98.793;95.796;99.754
16.150;98.793;95.795;99.754
16.151;98.793;95.794;99.754
16.152;98.792;95.793;99.754
16.152;98.792;95.792;99.753
16.153;98.791;95.791;99.753
16.154;98.791;95.790;99.753
16.155;98.791;95.790;99.753
16.156;98.790;95.789;99.753
16.157;98.790;95.788;99.753
16.157;98.789;95.787;99.753
16.158;98.789;95.786;99.752
16.159;98.788;95.785;99.752
16.160;98.788;95.784;99.752
16.161;98.788;95.783;99.752
16.162;98.787;95.783;99.752
16.162;98.787;95.782;99.752
16.163;98.786;95.781;99.752
16.164;98.786;95.780;99.751
16.165;98.785;95.779;99.751
16.166;98.785;95.778;99.751
16.167;98.784;95.777;99.751
16.168;98.783;95.776;99.751
16.168;98.783;95.775;99.751
16.169;98.782;95.774;99.751
16.170;98.782;95.773;99.751
16.171;98.782;95.772;99.750
16.172;98.781;95.771;99.750
16.172;98.781;95.770;99.750
16.173;98.780;95.769;99.750
16.174;98.780;95.768;99.750
16.175;98.779;95.767;99.750
16.176;98.779;95.766;99.750
16.177;98.778;95.765;99.749
16.177;98.778;95.764;99.749
16.178;98.777;95.763;99.749
16.179;98.776;95.762;99.749
16.180;98.775;95.761;99.749
16.181;98.774;95.760;99.749
16.182;98.774;95.760;99.749
16.183;98.773;95.760;99.748
16.183;98.772;95.760;99.748
16.184;98.772;95.760;99.748
16.185;98.771;95.759;99.748
16.186;98.771;95.759;99.748
16.187;98.770;95.759;99.748
16.188;98.769;95.759;99.748
16.188;98.769;95.759;99.747
16.189;98.768;95.758;99.747
16.190;98.768;95.758;99.747
16.191;98.767;95.758;99.747
16.192;98.767;95.758;99.747
16.192;98.766;95.758;99.747
16.193;98.766;95.757;99.746
16.194;98.765;95.757;99.746
16.195;98.765;95.756;99.746
16.196;98.764;95.755;99.746
16.197;98.764;95.753;99.746
16.198;98.763;95.752;99.746
16.198;98.763;95.750;99.746
16.199;98.762;95.749;99.745
16.200;98.762;95.747;99.745
16.201;98.761;95.746;99.745
16.202;98.761;95.744;99.745
16.203;98.760;95.743;99.745
16.203;98.759;95.741;99.745
16.204;98.759;95.740;99.744
16.205;98.758;95.738;99.744
16.206;98.757;95.736;99.744
16.207;98.757;95.735;99.744
16.207;98.756;95.733;99.744
16.208;98.756;95.732;99.744
16.209;98.755;95.730;99.743
16.210;98.754;95.728;99.743
16.211;98.754;95.727;99.743
16.212;98.753;95.725;99.743
16.213;98.752;95.723;99.743
16.213;98.752;95.722;99.743
16.214;98.751;95.720;99.743
16.215;98.750;95.718;99.742
16.216;98.750;95.717;99.742
16.217;98.749;95.715;99.742
16.218;98.748;95.713;99.742
16.218;98.747;95.711;99.742
16.219;98.746;95.710;99.742
16.220;98.746;95.708;99.741
16.221;98.745;95.706;99.741
16.222;98.744;95.704;99.741
16.223;98.743;95.703;99.741
16.223;98.742;95.701;99.741
16.224;98.742;95.699;99.741
16.225;98.741;95.697;99.740
16.226;98.740;95.695;99.740
16.227;98.740;95.694;99.740
16.228;98.739;95.692;99.740
16.228;98.738;95.690;99.740
16.229;98.738;95.688;99.740
16.230;98.737;95.686;99.739
16.231;98.736;95.684;99.739
16.232;98.735;95.682;99.739
16.233;98.734;95.681;99.739
16.233;98.733;95.679;99.739
16.234;98.732;95.678;99.739
16.235;98.731;95.676;99.738
16.236;98.730;95.675;99.738
16.237;98.729;95.673;99.738
16.238;98.728;95.672;99.738
16.238;98.727;95.670;99.738
16.239;98.726;95.669;99.738
16.240;98.726;95.667;99.738
16.241;98.725;95.666;99.737
16.242;98.724;95.664;99.737
16.243;98.723;95.663;99.737
16.243;98.722;95.661;99.737
16.244;98.721;95.660;99.737
16.245;98.720;95.658;99.737
16.246;98.720;95.657;99.737
16.247;98.719;95.655;99.736
16.248;98.718;95.654;99.736
16.248;98.717;95.652;99.736
16.249;98.716;95.651;99.736
16.250;98.715;95.649;99.736
16.251;98.714;95.648;99.736
16.252;98.713;95.646;99.735
16.252;98.713;95.645;99.735
16.253;98.712;95.643;99.735
16.254;98.711;95.641;99.735
16.255;98.710;95.640;99.735
16.256;98.710;95.638;99.735
16.257;98.709;95.637;99.735
16.257;98.708;95.635;99.734
16.258;98.707;95.634;99.734
16.259;98.707;95.632;99.734
16.260;98.706;95.631;99.734
16.261;98.705;95.629;99.734
16.262;98.704;95.627;99.733
16.262;98.704;95.626;99.733
16.263;98.703;95.624;99.733
16.264;98.703;95.623;99.733
16.265;98.702;95.621;99.733
16.266;98.701;95.619;99.732
16.267;98.700;95.618;99.732
16.267;98.699;95.616;99.732
16.268;98.698;95.615;99.732
16.269;98.698;95.613;99.732
16.270;98.697;95.611;99.731
16.271;98.696;95.610;99.731
16.272;98.695;95.608;99.731
16.272;98.694;95.607;99.731
16.273;98.693;95.605;99.731
16.274;98.692;95.603;99.730
16.275;98.692;95.602;99.730
16.276;98.691;95.600;99.730
16.277;98.690;95.599;99.730
16.277;98.689;95.597;99.730
16.278;98.688;95.595;99.729
16.279;98.687;95.594;99.729
16.280;98.686;95.592;99.729
16.281;98.685;95.590;99.729
16.282;98.684;95.589;99.728
16.282;98.683;95.587;99.728
16.283;98.683;95.585;99.728
16.284;98.682;95.584;99.728
16.285;98.681;95.582;99.728
16.286;98.680;95.580;99.727
16.287;98.680;95.579;99.727
16.287;98.679;95.577;99.727
16.288;98.678;95.575;99.727
16.289;98.677;95.574;99.727
16.290;98.677;95.572;99.726
16.291;98.676;95.570;99.726
16.292;98.675;95.569;99.726
16.293;98.674;95.567;99.726
16.293;98.673;95.565;99.726
16.294;98.673;95.564;99.725
16.295;98.672;95.562;99.725
16.296;98.671;95.560;99.725
16.297;98.670;95.559;99.725
16.297;98.670;95.557;99.725
16.298;98.669;95.555;99.724
16.299;98.668;95.554;99.724
16.300;98.667;95.552;99.724
16.301;98.666;95.550;99.724
16.302;98.665;95.549;99.724
16.302;98.665;95.547;99.723
16.303;98.664;95.545;99.723
16.304;98.663;95.544;99.723
16.305;98.662;95.542;99.723
16.306;98.661;95.540;99.723
16.307;98.661;95.539;99.722
16.308;98.660;95.537;99.722
16.308;98.660;95.535;99.722
16.309;98.659;95.533;99.722
16.310;98.659;95.532;99.722
16.311;98.658;95.530;99.721
16.312;98.658;95.528;99.721
16.312;98.657;95.527;99.721
16.313;98.656;95.525;99.721
16.314;98.655;95.523;99.721
16.315;98.654;95.522;99.720
16.316;98.653;95.520;99.720
16.317;98.652;95.518;99.720
16.317;98.650;95.516;99.720
16.318;98.649;95.515;99.720
16.319;98.648;95.513;99.719
16.320;98.647;95.511;99.719
16.321;98.646;95.510;99.719
16.322;98.645;95.508;99.719
16.323;98.644;95.506;99.719
16.323;98.643;95.504;99.718
16.324;98.642;95.503;99.718
16.325;98.641;95.501;99.718
16.326;98.640;95.499;99.718
16.327;98.639;95.498;99.718
16.328;98.638;95.496;99.717
16.328;98.637;95.494;99.717
16.329;98.636;95.492;99.717
16.330;98.635;95.491;99.717
16.331;98.634;95.489;99.717
16.332;98.633;95.487;99.716
16.332;98.632;95.486;99.716
16.333;98.631;95.484;99.716
16.334;98.631;95.482;99.716
16.335;98.630;95.480;99.716
16.336;98.629;95.479;99.715
16.337;98.628;95.477;99.715
16.338;98.628;95.475;99.715
16.338;98.627;95.473;99.715
16.339;98.626;95.472;99.715
16.340;98.625;95.470;99.714
16.341;98.625;95.468;99.714
16.342;98.624;95.467;99.714
16.343;98.623;95.465;99.714
16.343;98.623;95.463;99.714
16.344;98.622;95.461;99.713
16.345;98.621;95.458;99.713
16.346;98.621;95.456;99.713
16.347;98.620;95.453;99.713
16.348;98.619;95.450;99.712
16.348;98.619;95.448;99.712
16.349;98.618;95.445;99.712
16.350;98.617;95.442;99.712
16.351;98.617;95.440;99.712
16.352;98.616;95.437;99.711
16.353;98.615;95.434;99.711
16.353;98.615;95.432;99.711
16.354;98.614;95.429;99.711
16.355;98.613;95.426;99.711
16.356;98.613;95.424;99.710
16.357;98.612;95.421;99.710
16.358;98.611;95.418;99.710
16.358;98.610;95.416;99.710
16.359;98.609;95.413;99.710
16.360;98.608;95.410;99.709
16.361;98.607;95.408;99.709
16.362;98.606;95.405;99.709
16.363;98.606;95.402;99.709
16.363;98.605;95.400;99.709
16.364;98.605;95.397;99.708
16.365;98.604;95.394;99.708
16.366;98.603;95.392;99.708
16.367;98.603;95.389;99.708
16.368;98.602;95.386;99.708
16.368;98.601;95.384;99.707
16.369;98.601;95.381;99.707
16.370;98.600;95.378;99.707
16.371;98.599;95.376;99.707
16.372;98.599;95.373;99.706
16.373;98.598;95.371;99.706
16.373;98.597;95.368;99.706
16.374;98.597;95.365;99.706
16.375;98.596;95.363;99.706
16.376;98.595;95.360;99.705
16.377;98.594;95.357;99.705
16.377;98.593;95.355;99.705
16.378;98.593;95.352;99.705
16.379;98.592;95.349;99.705
16.380;98.591;95.347;99.704
16.381;98.590;95.344;99.704
16.382;98.589;95.342;99.704
16.382;98.589;95.339;99.704
16.383;98.588;95.336;99.704
16.384;98.587;95.334;99.703
16.385;98.586;95.331;99.703
16.386;98.585;95.329;99.703
16.387;98.584;95.326;99.703
16.387;98.583;95.323;99.702
16.388;98.582;95.321;99.702
16.389;98.580;95.318;99.702
16.390;98.579;95.316;99.702
16.391;98.578;95.313;99.702
16.392;98.577;95.310;99.701
16.392;98.575;95.308;99.701
16.393;98.575;95.305;99.701
16.394;98.574;95.303;99.701
16.395;98.573;95.300;99.701
16.396;98.572;95.298;99.700
16.397;98.572;95.295;99.700
16.397;98.571;95.292;99.700
16.398;98.570;95.290;99.700
16.399;98.569;95.286;99.699
16.400;98.569;95.282;99.699
16.401;98.568;95.278;99.699
16.402;98.567;95.274;99.699
16.402;98.566;95.270;99.699
16.403;98.565;95.265;99.698
16.404;98.564;95.261;99.698
16.405;98.563;95.257;99.698
16.406;98.562;95.253;99.698
16.407;98.561;95.248;99.698
16.407;98.560;95.244;99.697
16.408;98.559;95.240;99.697
16.409;98.558;95.236;99.697
16.410;98.558;95.232;99.697
16.411;98.557;95.227;99.696
16.412;98.556;95.223;99.696
16.412;98.556;95.219;99.696
16.413;98.555;95.215;99.696
16.414;98.554;95.210;99.696
16.415;98.553;95.206;99.695
16.416;98.552;95.202;99.695
16.417;98.551;95.198;99.695
16.418;98.550;95.193;99.695
16.418;98.549;95.190;99.695
16.419;98.548;95.188;99.694
16.420;98.548;95.187;99.694
16.421;98.547;95.185;99.694
16.422;98.546;95.184;99.694
16.422;98.545;95.182;99.694
16.423;98.545;95.181;99.693
16.424;98.544;95.179;99.693
16.425;98.543;95.178;99.693
16.426;98.543;95.176;99.693
16.427;98.542;95.175;99.692
16.427;98.541;95.173;99.692
16.428;98.541;95.172;99.692
16.429;98.540;95.170;99.692
16.430;98.539;95.168;99.692
16.431;98.539;95.167;99.691
16.432;98.538;95.165;99.691
16.433;98.537;95.164;99.691
16.433;98.537;95.162;99.691
16.434;98.536;95.161;99.691
16.435;98.535;95.159;99.690
16.436;98.534;95.158;99.690
16.437;98.533;95.156;99.690
16.438;98.532;95.155;99.690
16.438;98.531;95.153;99.689
16.439;98.530;95.152;99.689
16.440;98.529;95.150;99.689
16.441;98.528;95.149;99.689
16.442;98.528;95.147;99.689
16.442;98.527;95.146;99.688
16.443;98.526;95.144;99.688
16.444;98.526;95.143;99.688
16.445;98.525;95.141;99.688
16.446;98.524;95.140;99.688
16.447;98.524;95.138;99.687
16.448;98.523;95.137;99.687
16.448;98.522;95.135;99.687
16.449;98.522;95.134;99.687
16.450;98.521;95.132;99.686
16.451;98.520;95.131;99.686
16.452;98.519;95.129;99.686
16.453;98.518;95.128;99.686
16.453;98.518;95.126;99.686
16.454;98.517;95.124;99.685
16.455;98.516;95.122;99.685
16.456;98.515;95.119;99.685
16.457;98.514;95.117;99.685
16.457;98.513;95.115;99.685
16.458;98.513;95.112;99.684
16.459;98.512;95.110;99.684
16.460;98.511;95.108;99.684
16.461;98.510;95.105;99.684
16.462;98.510;95.103;99.684
16.463;98.509;95.101;99.683
16.463;98.508;95.099;99.683
16.464;98.508;95.096;99.683
16.465;98.507;95.094;99.683
16.466;98.506;95.092;99.682
16.467;98.506;95.090;99.682
16.468;98.505;95.087;99.682
16.468;98.504;95.085;99.682
16.469;98.503;95.083;99.682
16.470;98.502;95.081;99.681
16.471;98.501;95.078;99.681
16.472;98.501;95.076;99.681
16.473;98.500;95.074;99.681
16.473;98.499;95.072;99.681
16.474;98.498;95.070;99.680
16.475;98.497;95.067;99.680
16.476;98.496;95.065;99.680
16.477;98.496;95.063;99.680
16.478;98.495;95.061;99.680
16.478;98.494;95.059;99.680
16.479;98.493;95.056;99.679
16.480;98.492;95.054;99.679
16.481;98.492;95.052;99.679
16.482;98.491;95.050;99.679
16.483;98.490;95.048;99.679
16.483;98.489;95.046;99.679
16.484;98.488;95.044;99.679
16.485;98.488;95.041;99.678
16.486;98.487;95.039;99.678
16.487;98.486;95.037;99.678
16.488;98.485;95.035;99.678
16.488;98.484;95.033;99.678
16.489;98.484;95.031;99.677
16.490;98.483;95.029;99.677
16.491;98.482;95.027;99.677
16.492;98.481;95.025;99.677
16.493;98.480;95.022;99.676
16.493;98.480;95.020;99.676
16.494;98.479;95.018;99.676
16.495;98.478;95.016;99.676
16.496;98.477;95.014;99.675
16.497;98.476;95.012;99.675
16.498;98.476;95.010;99.675
16.498;98.475;95.008;99.675
16.499;98.475;95.006;99.674
16.500;98.474;95.004;99.674
16.501;98.473;95.002;99.674
16.502;98.472;95.000;99.674
16.502;98.472;94.998;99.673
16.503;98.471;94.996;99.673
16.504;98.470;94.994;99.673
16.505;98.469;94.992;99.673
16.506;98.469;94.990;99.673
16.507;98.468;94.988;99.672
16.507;98.467;94.986;99.672
16.508;98.466;94.984;99.672
16.509;98.466;94.982;99.672
16.510;98.465;94.980;99.672
16.511;98.464;94.978;99.671
16.512;98.463;94.976;99.671
16.512;98.462;94.974;99.671
16.513;98.462;94.972;99.671
16.514;98.461;94.970;99.671
16.515;98.461;94.968;99.670
16.516;98.460;94.966;99.670
16.517;98.460;94.965;99.670
16.517;98.459;94.963;99.670
16.518;98.459;94.961;99.670
16.519;98.459;94.959;99.669
16.520;98.458;94.957;99.669
16.521;98.458;94.955;99.669
16.522;98.457;94.953;99.669
16.522;98.457;94.951;99.669
16.523;98.456;94.950;99.669
16.524;98.455;94.949;99.668
16.525;98.455;94.948;99.668
16.526;98.454;94.947;99.668
16.527;98.454;94.946;99.668
16.527;98.453;94.945;99.668
16.528;98.453;94.944;99.667
16.529;98.452;94.943;99.667
16.530;98.452;94.942;99.667
16.531;98.451;94.941;99.667
16.532;98.450;94.940;99.667
16.532;98.449;94.940;99.666
16.533;98.448;94.939;99.666
16.534;98.447;94.938;99.666
16.535;98.446;94.937;99.666
16.536;98.446;94.936;99.666
16.537;98.445;94.935;99.665
16.537;98.445;94.934;99.665
16.538;98.444;94.933;99.665
16.539;98.443;94.932;99.665
16.540;98.443;94.931;99.665
16.541;98.442;94.930;99.664
16.542;98.442;94.929;99.664
16.543;98.441;94.928;99.664
16.543;98.440;94.927;99.664
16.544;98.440;94.927;99.664
16.545;98.439;94.926;99.664
16.546;98.438;94.925;99.663
16.547;98.437;94.924;99.663
16.547;98.437;94.923;99.663
16.548;98.436;94.922;99.663
16.549;98.435;94.921;99.663
16.550;98.435;94.920;99.662
16.551;98.434;94.919;99.662
16.552;98.433;94.918;99.662
16.552;98.432;94.918;99.662
16.553;98.432;94.917;99.662
16.554;98.431;94.916;99.661
16.555;98.430;94.915;99.661
16.556;98.429;94.914;99.661
16.557;98.428;94.913;99.661
16.558;98.428;94.912;99.661
16.558;98.427;94.911;99.661
16.559;98.426;94.911;99.660
16.560;98.425;94.910;99.660
16.561;98.424;94.909;99.660
16.562;98.424;94.908;99.660
16.562;98.423;94.907;99.660
16.563;98.422;94.906;99.659
16.564;98.422;94.905;99.659
16.565;98.421;94.905;99.659
16.566;98.421;94.904;99.659
16.567;98.420;94.903;99.659
16.567;98.420;94.902;99.659
16.568;98.419;94.901;99.658
16.569;98.418;94.900;99.658
16.570;98.418;94.900;99.658
16.571;98.417;94.899;99.658
16.572;98.417;94.898;99.658
16.573;98.416;94.897;99.657
16.573;98.416;94.896;99.657
16.574;98.415;94.896;99.657
16.575;98.415;94.895;99.657
16.576;98.414;94.894;99.657
16.577;98.414;94.893;99.657
16.578;98.413;94.892;99.656
16.578;98.413;94.891;99.656
16.579;98.412;94.891;99.656
16.580;98.412;94.890;99.656
16.581;98.412;94.889;99.656
16.582;98.411;94.888;99.656
16.582;98.411;94.888;99.655
16.583;98.411;94.887;99.655
16.584;98.410;94.886;99.655
16.585;98.410;94.885;99.655
16.586;98.410;94.884;99.655
16.587;98.409;94.884;99.655
16.588;98.409;94.883;99.654
16.588;98.409;94.882;99.654
16.589;98.408;94.881;99.654
16.590;98.408;94.881;99.654
16.591;98.408;94.880;99.654
16.592;98.407;94.879;99.654
16.593;98.407;94.878;99.653
16.593;98.407;94.878;99.653
16.594;98.407;94.877;99.653
16.595;98.406;94.876;99.653
16.596;98.406;94.876;99.653
16.597;98.406;94.875;99.653
16.598;98.405;94.874;99.652
16.598;98.405;94.873;99.652
16.599;98.404;94.873;99.652
16.600;98.404;94.872;99.652
16.601;98.403;94.871;99.652
16.602;98.402;94.871;99.652
16.603;98.402;94.870;99.651
16.603;98.401;94.869;99.651
16.604;98.400;94.868;99.651
16.605;98.399;94.868;99.651
16.606;98.399;94.867;99.651
16.607;98.398;94.866;99.651
16.608;98.397;94.866;99.650
16.608;98.397;94.865;99.650
16.609;98.396;94.864;99.650
16.610;98.395;94.864;99.650
16.611;98.395;94.863;99.650
16.612;98.394;94.862;99.650
16.613;98.394;94.862;99.649
16.613;98.393;94.861;99.649
16.614;98.392;94.860;99.649
16.615;98.392;94.860;99.649
16.616;98.391;94.859;99.649
16.617;98.391;94.859;99.649
16.618;98.390;94.858;99.648
16.618;98.390;94.857;99.648
16.619;98.390;94.857;99.648
16.620;98.389;94.856;99.648
16.621;98.389;94.855;99.648
16.622;98.388;94.855;99.648
16.623;98.388;94.854;99.648
16.623;98.387;94.853;99.647
16.624;98.387;94.852;99.647
16.625;98.387;94.851;99.647
16.626;98.386;94.850;99.647
16.627;98.386;94.849;99.647
16.627;98.385;94.848;99.647
16.628;98.385;94.847;99.646
16.629;98.385;94.846;99.646
16.630;98.384;94.844;99.646
16.631;98.384;94.843;99.646
16.632;98.383;94.842;99.646
16.632;98.383;94.841;99.646
16.633;98.382;94.840;99.646
16.634;98.382;94.839;99.645
16.635;98.382;94.838;99.645
16.636;98.381;94.837;99.645
16.637;98.381;94.836;99.645
16.637;98.380;94.835;99.645
16.638;98.380;94.834;99.645
16.639;98.380;94.833;99.645
16.640;98.379;94.832;99.644
16.641;98.379;94.831;99.644
16.642;98.379;94.830;99.644
16.642;98.378;94.829;99.644
16.643;98.378;94.828;99.644
16.644;98.377;94.827;99.644
16.645;98.377;94.826;99.644
16.646;98.377;94.825;99.643
16.647;98.376;94.824;99.643
16.647;98.376;94.823;99.643
16.648;98.375;94.822;99.643
16.649;98.375;94.821;99.643
16.650;98.374;94.821;99.643
16.651;98.374;94.820;99.643
16.652;98.374;94.819;99.642
16.652;98.373;94.818;99.642
16.653;98.373;94.817;99.642
16.654;98.372;94.816;99.642
16.655;98.372;94.815;99.642
16.656;98.371;94.814;99.642
16.657;98.371;94.813;99.642
16.657;98.370;94.812;99.642
16.658;98.370;94.811;99.641
16.659;98.369;94.810;99.641
16.660;98.369;94.809;99.641
16.661;98.368;94.809;99.641
16.662;98.368;94.808;99.641
16.662;98.367;94.807;99.641
16.663;98.367;94.806;99.641
16.664;98.366;94.805;99.640
16.665;98.366;94.804;99.640
16.666;98.365;94.803;99.640
16.667;98.365;94.803;99.640
16.668;98.364;94.802;99.640
16.668;98.364;94.801;99.640
16.669;98.363;94.800;99.640
16.670;98.363;94.799;99.640
16.671;98.362;94.798;99.639
16.672;98.362;94.797;99.639
16.672;98.361;94.797;99.639
16.673;98.361;94.796;99.639
16.674;98.360;94.795;99.639
16.675;98.360;94.794;99.639
16.676;98.359;94.793;99.639
16.677;98.359;94.793;99.639
16.677;98.359;94.792;99.639
16.678;98.358;94.791;99.638
16.679;98.358;94.790;99.638
16.680;98.357;94.790;99.638
16.681;98.357;94.789;99.638
16.682;98.356;94.788;99.638
16.683;98.356;94.787;99.638
16.683;98.355;94.786;99.638
16.684;98.355;94.786;99.638
16.685;98.354;94.785;99.637
16.686;98.354;94.784;99.637
16.687;98.353;94.784;99.637
16.688;98.353;94.783;99.637
16.688;98.352;94.782;99.637
16.689;98.352;94.781;99.637
16.690;98.352;94.781;99.637
16.691;98.352;94.780;99.637
16.692;98.351;94.779;99.637
16.692;98.351;94.779;99.637
16.693;98.351;94.778;99.637
16.694;98.351;94.777;99.636
16.695;98.350;94.777;99.636
16.696;98.350;94.776;99.636
16.697;98.350;94.775;99.636
16.698;98.350;94.775;99.636
16.698;98.349;94.774;99.636
16.699;98.349;94.773;99.636
16.700;98.349;94.773;99.636
16.701;98.348;94.772;99.636
16.702;98.348;94.771;99.636
16.703;98.348;94.771;99.636
16.703;98.347;94.771;99.636
16.704;98.347;94.771;99.636
16.705;98.347;94.771;99.636
16.706;98.346;94.771;99.636
16.707;98.346;94.771;99.636
16.707;98.346;94.771;99.636
16.708;98.345;94.771;99.635
16.709;98.345;94.771;99.635
16.710;98.345;94.771;99.635
16.711;98.344;94.771;99.635
16.712;98.344;94.771;99.635
16.713;98.344;94.772;99.635
16.713;98.343;94.772;99.635
16.714;98.343;94.772;99.635
16.715;98.343;94.772;99.635
16.716;98.343;94.772;99.635
16.717;98.342;94.772;99.635
16.718;98.342;94.772;99.635
16.718;98.342;94.772;99.635
16.719;98.341;94.772;99.635
16.720;98.341;94.772;99.635
16.721;98.341;94.772;99.635
16.722;98.341;94.772;99.635
16.723;98.340;94.773;99.635
16.723;98.340;94.773;99.635
16.724;98.340;94.773;99.635
16.725;98.339;94.773;99.635
16.726;98.339;94.773;99.634
16.727;98.339;94.773;99.634
16.728;98.339;94.773;99.634
16.728;98.338;94.774;99.634
16.729;98.338;94.774;99.634
16.730;98.338;94.774;99.634
16.731;98.338;94.774;99.634
16.732;98.338;94.774;99.634
16.733;98.338;94.775;99.634
16.733;98.338;94.775;99.634
16.734;98.338;94.775;99.634
16.735;98.337;94.775;99.634
16.736;98.337;94.776;99.634
16.737;98.337;94.776;99.634
16.738;98.337;94.776;99.634
16.738;98.337;94.776;99.634
16.739;98.337;94.777;99.634
16.740;98.337;94.777;99.634
16.741;98.337;94.777;99.634
16.742;98.336;94.778;99.634
16.743;98.336;94.778;99.634
16.743;98.336;94.778;99.634
16.744;98.336;94.779;99.634
16.745;98.336;94.779;99.634
16.746;98.336;94.779;99.634
16.747;98.336;94.780;99.634
16.748;98.336;94.780;99.634
16.748;98.336;94.780;99.634
16.749;98.336;94.781;99.634
16.750;98.336;94.781;99.634
16.751;98.336;94.782;99.634
16.752;98.336;94.782;99.634
16.752;98.336;94.782;99.634
16.753;98.336;94.783;99.634
16.754;98.336;94.783;99.634
16.755;98.336;94.784;99.634
16.756;98.336;94.784;99.634
16.757;98.336;94.785;99.634
16.757;98.337;94.785;99.634
16.758;98.337;94.786;99.634
16.759;98.337;94.786;99.634
16.760;98.337;94.787;99.634
16.761;98.337;94.787;99.634
16.762;98.337;94.788;99.634
16.762;98.337;94.788;99.634
16.763;98.337;94.789;99.634
16.764;98.337;94.789;99.634
16.765;98.337;94.790;99.634
16.766;98.337;94.790;99.634
16.767;98.337;94.791;99.634
16.767;98.337;94.791;99.634
16.768;98.337;94.792;99.634
16.769;98.337;94.793;99.634
16.770;98.338;94.793;99.634
16.771;98.338;94.794;99.634
16.772;98.338;94.794;99.634
16.772;98.338;94.795;99.634
16.773;98.338;94.796;99.634
16.774;98.338;94.796;99.634
16.775;98.338;94.797;99.634
16.776;98.338;94.798;99.634
16.777;98.339;94.798;99.634
16.777;98.339;94.799;99.634
16.778;98.339;94.800;99.634
16.779;98.339;94.800;99.634
16.780;98.339;94.801;99.634
16.781;98.339;94.803;99.634
16.782;98.339;94.804;99.634
16.782;98.340;94.805;99.634
16.783;98.340;94.807;99.634
16.784;98.340;94.808;99.634
16.785;98.340;94.810;99.634
16.786;98.340;94.811;99.634
16.787;98.341;94.812;99.634
16.787;98.341;94.814;99.634
16.788;98.341;94.815;99.634
16.789;98.342;94.817;99.634
16.790;98.342;94.818;99.634
16.791;98.342;94.820;99.634
16.792;98.343;94.821;99.634
16.793;98.343;94.823;99.634
16.793;98.344;94.824;99.634
16.794;98.344;94.826;99.634
16.795;98.344;94.827;99.634
16.796;98.345;94.829;99.634
16.797;98.345;94.831;99.634
16.797;98.345;94.832;99.634
16.798;98.346;94.834;99.634
16.799;98.346;94.835;99.635
16.800;98.347;94.836;99.635
16.801;98.347;94.836;99.635
16.802;98.348;94.837;99.635
16.802;98.348;94.838;99.635
16.803;98.348;94.838;99.635
16.804;98.349;94.839;99.635
16.805;98.349;94.840;99.635
16.806;98.350;94.840;99.635
16.807;98.350;94.841;99.635
16.808;98.351;94.842;99.635
16.808;98.351;94.842;99.635
16.809;98.352;94.843;99.635
16.810;98.352;94.844;99.635
16.811;98.352;94.844;99.635
16.812;98.353;94.845;99.635
16.812;98.353;94.846;99.635
16.813;98.353;94.847;99.635
16.814;98.353;94.847;99.635
16.815;98.354;94.848;99.636
16.816;98.354;94.849;99.636
16.817;98.354;94.850;99.636
16.817;98.355;94.850;99.636
16.818;98.355;94.851;99.636
16.819;98.355;94.852;99.636
16.820;98.355;94.853;99.636
16.821;98.356;94.854;99.636
16.822;98.356;94.854;99.636
16.823;98.356;94.855;99.636
16.823;98.357;94.856;99.637
16.824;98.357;94.857;99.637
16.825;98.357;94.858;99.637
16.826;98.358;94.859;99.637
16.827;98.358;94.860;99.637
16.828;98.358;94.861;99.637
16.828;98.359;94.861;99.637
16.829;98.359;94.862;99.637
16.830;98.359;94.863;99.637
16.831;98.360;94.864;99.638
16.832;98.360;94.865;99.638
16.832;98.361;94.866;99.638
16.833;98.361;94.867;99.638
16.834;98.362;94.868;99.638
16.835;98.362;94.869;99.638
16.836;98.363;94.870;99.638
16.837;98.364;94.871;99.638
16.838;98.365;94.872;99.639
16.838;98.366;94.873;99.639
16.839;98.366;94.874;99.639
16.840;98.367;94.875;99.639
16.841;98.368;94.876;99.639
16.842;98.369;94.877;99.639
16.843;98.370;94.879;99.639
16.843;98.371;94.880;99.639
16.844;98.372;94.882;99.640
16.845;98.373;94.883;99.640
16.846;98.373;94.884;99.640
16.847;98.374;94.886;99.640
16.848;98.375;94.887;99.640
16.848;98.376;94.889;99.640
16.849;98.376;94.890;99.640
16.850;98.377;94.892;99.641
16.851;98.378;94.893;99.641
16.852;98.379;94.895;99.641
16.853;98.379;94.897;99.641
16.853;98.380;94.898;99.641
16.854;98.381;94.900;99.641
16.855;98.382;94.901;99.642
16.856;98.382;94.903;99.642
16.857;98.383;94.904;99.642
16.858;98.384;94.906;99.642
16.858;98.385;94.908;99.642
16.859;98.385;94.909;99.642
16.860;98.385;94.911;99.643
16.861;98.386;94.913;99.643
16.862;98.386;94.914;99.643
16.863;98.387;94.916;99.643
16.863;98.387;94.918;99.643
16.864;98.388;94.919;99.643
16.865;98.388;94.921;99.644
16.866;98.389;94.923;99.644
16.867;98.389;94.925;99.644
16.868;98.390;94.926;99.644
16.868;98.390;94.928;99.644
16.869;98.391;94.930;99.645
16.870;98.392;94.932;99.645
16.871;98.393;94.933;99.645
16.872;98.393;94.935;99.645
16.873;98.394;94.937;99.645
16.873;98.395;94.939;99.646
16.874;98.396;94.941;99.646
16.875;98.397;94.943;99.646
16.876;98.398;94.945;99.646
16.877;98.399;94.946;99.646
16.877;98.399;94.948;99.647
16.878;98.400;94.950;99.647
16.879;98.401;94.952;99.647
16.880;98.402;94.954;99.647
16.881;98.403;94.956;99.647
16.882;98.404;94.958;99.648
16.882;98.405;94.960;99.648
16.883;98.406;94.962;99.648
16.884;98.406;94.964;99.648
16.885;98.407;94.966;99.648
16.886;98.407;94.968;99.649
16.887;98.408;94.970;99.649
16.887;98.409;94.972;99.649
16.888;98.410;94.974;99.649
16.889;98.411;94.976;99.650
16.890;98.411;94.979;99.650
16.891;98.412;94.981;99.650
16.892;98.412;94.983;99.650
16.892;98.413;94.985;99.650
16.893;98.413;94.987;99.651
16.894;98.415;94.989;99.651
16.895;98.416;94.991;99.651
16.896;98.417;94.994;99.651
16.897;98.418;94.996;99.652
16.897;98.419;94.998;99.652
16.898;98.420;95.000;99.652
16.899;98.422;95.003;99.652
16.900;98.423;95.005;99.653
16.901;98.425;95.007;99.653
16.902;98.426;95.009;99.653
16.902;98.428;95.012;99.653
16.903;98.429;95.014;99.654
16.904;98.431;95.016;99.654
16.905;98.432;95.019;99.654
16.906;98.433;95.021;99.655
16.907;98.434;95.024;99.655
16.907;98.435;95.026;99.655
16.908;98.436;95.028;99.655
16.909;98.437;95.031;99.656
16.910;98.438;95.033;99.656
16.911;98.440;95.036;99.656
16.912;98.441;95.038;99.656
16.912;98.443;95.041;99.657
16.913;98.444;95.043;99.657
16.914;98.446;95.046;99.657
16.915;98.447;95.048;99.658
16.916;98.450;95.051;99.658
16.917;98.452;95.053;99.658
16.918;98.454;95.056;99.658
16.918;98.456;95.058;99.659
16.919;98.458;95.061;99.659
16.920;98.459;95.064;99.659
16.921;98.461;95.066;99.660
16.922;98.463;95.069;99.660
16.922;98.464;95.072;99.660
16.923;98.465;95.074;99.661
16.924;98.466;95.077;99.661
16.925;98.467;95.080;99.661
16.926;98.467;95.082;99.661
16.927;98.468;95.085;99.662
16.927;98.469;95.088;99.662
16.928;98.470;95.091;99.662
16.929;98.471;95.093;99.663
16.930;98.472;95.096;99.663
16.931;98.474;95.099;99.663
16.932;98.475;95.102;99.664
16.933;98.476;95.105;99.664
16.933;98.477;95.108;99.664
16.934;98.479;95.110;99.665
16.935;98.480;95.113;99.665
16.936;98.481;95.116;99.665
16.937;98.483;95.119;99.666
16.938;98.484;95.122;99.666
16.938;98.485;95.125;99.666
16.939;98.486;95.128;99.667
16.940;98.488;95.131;99.667
16.941;98.489;95.134;99.667
16.942;98.491;95.137;99.668
16.942;98.493;95.140;99.668
16.943;98.495;95.143;99.669
16.944;98.497;95.146;99.669
16.945;98.500;95.149;99.669
16.946;98.503;95.152;99.670
16.947;98.506;95.156;99.670
16.948;98.509;95.159;99.670
16.948;98.511;95.162;99.671
16.949;98.513;95.165;99.671
16.950;98.514;95.169;99.671
16.951;98.516;95.172;99.672
16.952;98.518;95.175;99.672
16.953;98.519;95.179;99.673
16.953;98.521;95.182;99.673
16.954;98.523;95.185;99.673
16.955;98.524;95.189;99.674
16.956;98.525;95.192;99.674
16.957;98.527;95.196;99.675
16.957;98.528;95.199;99.675
16.958;98.530;95.202;99.675
16.959;98.531;95.206;99.676
16.960;98.533;95.209;99.676
16.961;98.535;95.214;99.676
16.962;98.536;95.220;99.677
16.963;98.538;95.227;99.677
16.963;98.539;95.234;99.677
16.964;98.541;95.241;99.677
16.965;98.543;95.247;99.677
16.966;98.546;95.254;99.678
16.967;98.548;95.261;99.678
16.968;98.551;95.268;99.678
16.968;98.553;95.275;99.678
16.969;98.556;95.282;99.679
16.970;98.559;95.289;99.679
16.971;98.561;95.296;99.679
16.972;98.562;95.303;99.679
16.973;98.564;95.310;99.680
16.973;98.565;95.317;99.680
16.974;98.567;95.325;99.680
16.975;98.569;95.332;99.680
16.976;98.571;95.339;99.681
16.977;98.573;95.347;99.681
16.978;98.574;95.354;99.681
16.978;98.577;95.361;99.681
16.979;98.580;95.369;99.682
16.980;98.583;95.376;99.682
16.981;98.586;95.384;99.683
16.982;98.587;95.391;99.684
16.983;98.589;95.399;99.684
16.983;98.591;95.407;99.685
16.984;98.593;95.414;99.685
16.985;98.594;95.422;99.686
16.986;98.598;95.430;99.686
16.987;98.600;95.438;99.687
16.988;98.603;95.446;99.687
16.988;98.605;95.454;99.688
16.989;98.607;95.462;99.688
16.990;98.609;95.470;99.689
16.991;98.611;95.478;99.690
16.992;98.612;95.486;99.690
16.993;98.614;95.492;99.690
16.993;98.616;95.495;99.691
16.994;98.618;95.499;99.691
16.995;98.620;95.502;99.692
16.996;98.623;95.506;99.692
16.997;98.627;95.510;99.693
16.998;98.630;95.513;99.693
16.998;98.633;95.517;99.693
16.999;98.635;95.521;99.694
17.000;98.638;95.525;99.694
17.001;98.640;95.528;99.695
17.002;98.643;95.532;99.695
17.002;98.645;95.536;99.696
17.003;98.647;95.540;99.696
17.004;98.649;95.543;99.696
17.005;98.651;95.547;99.697
17.006;98.653;95.551;99.697
17.007;98.655;95.555;99.698
17.007;98.657;95.559;99.698
17.008;98.659;95.562;99.698
17.009;98.661;95.566;99.699
17.010;98.663;95.568;99.699
17.011;98.664;95.570;99.699
17.012;98.665;95.572;99.700
17.012;98.667;95.573;99.700
17.013;98.669;95.575;99.700
17.014;98.671;95.577;99.700
17.015;98.673;95.587;99.701
17.016;98.675;95.594;99.701
17.017;98.677;95.597;99.701
17.017;98.679;95.600;99.701
17.018;98.680;95.603;99.702
17.019;98.681;95.606;99.702
17.020;98.682;95.608;99.702
17.021;98.683;95.611;99.702
17.022;98.683;95.614;99.702
17.022;98.684;95.617;99.702
17.023;98.685;95.619;99.703
17.024;98.686;95.622;99.703
17.025;98.687;95.625;99.703
17.026;98.687;95.627;99.703
17.027;98.688;95.630;99.703
17.027;98.689;95.632;99.703
17.028;98.690;95.634;99.703
17.029;98.691;95.637;99.703
17.030;98.692;95.639;99.703
17.031;98.693;95.641;99.703
17.032;98.694;95.644;99.703
17.032;98.695;95.646;99.703
17.033;98.696;95.648;99.704
17.034;98.697;95.650;99.704
17.035;98.698;95.652;99.704
17.036;98.699;95.654;99.704
17.037;98.700;95.656;99.704
17.037;98.701;95.658;99.704
17.038;98.701;95.660;99.704
17.039;98.702;95.662;99.704
17.040;98.703;95.664;99.704
17.041;98.704;95.665;99.704
17.042;98.704;95.667;99.704
17.043;98.704;95.669;99.704
17.043;98.705;95.671;99.704
17.044;98.705;95.672;99.704
17.045;98.705;95.674;99.704
17.046;98.706;95.675;99.704
17.047;98.706;95.677;99.704
17.047;98.706;95.679;99.704
17.048;98.706;95.680;99.704
17.049;98.707;95.681;99.704
17.050;98.707;95.683;99.704
17.051;98.707;95.684;99.704
17.052;98.707;95.686;99.704
17.052;98.708;95.687;99.704
17.053;98.708;95.688;99.704
17.054;98.709;95.689;99.704
17.055;98.710;95.691;99.703
17.056;98.710;95.692;99.703
17.057;98.710;95.693;99.703
17.058;98.711;95.694;99.703
17.058;98.711;95.695;99.703
17.059;98.711;95.697;99.703
17.060;98.711;95.698;99.703
17.061;98.711;95.699;99.703
17.062;98.711;95.700;99.703
17.062;98.711;95.701;99.703
17.063;98.711;95.702;99.703
17.064;98.711;95.703;99.703
17.065;98.711;95.703;99.703
17.066;98.710;95.704;99.703
17.067;98.710;95.705;99.703
17.067;98.709;95.706;99.703
17.068;98.709;95.707;99.703
17.069;98.709;95.708;99.703
17.070;98.709;95.708;99.702
17.071;98.708;95.709;99.702
17.072;98.708;95.710;99.702
17.073;98.708;95.710;99.702
17.073;98.708;95.711;99.702
17.074;98.709;95.712;99.702
17.075;98.709;95.712;99.702
17.076;98.709;95.713;99.702
17.077;98.709;95.714;99.702
17.078;98.709;95.714;99.702
17.078;98.708;95.715;99.702
17.079;98.708;95.715;99.702
17.080;98.708;95.715;99.701
17.081;98.708;95.716;99.701
17.082;98.708;95.716;99.701
17.082;98.707;95.717;99.701
17.083;98.707;95.717;99.701
17.084;98.706;95.717;99.701
17.085;98.706;95.718;99.701
17.086;98.706;95.718;99.701
17.087;98.705;95.718;99.701
17.088;98.705;95.719;99.701
17.088;98.704;95.719;99.700
17.089;98.704;95.719;99.700
17.090;98.704;95.719;99.700
17.091;98.703;95.719;99.700
17.092;98.703;95.720;99.700
17.093;98.702;95.720;99.700
17.093;98.702;95.720;99.700
17.094;98.701;95.720;99.700
17.095;98.701;95.720;99.700
17.096;98.701;95.720;99.699
17.097;98.701;95.720;99.699
17.098;98.701;95.720;99.699
17.098;98.701;95.720;99.699
17.099;98.701;95.720;99.699
17.100;98.701;95.720;99.699
17.101;98.700;95.720;99.699
17.102;98.700;95.720;99.699
17.103;98.700;95.720;99.699
17.103;98.700;95.720;99.698
17.104;98.700;95.720;99.698
17.105;98.700;95.720;99.698
17.106;98.700;95.720;99.698
17.107;98.699;95.719;99.698
17.108;98.699;95.719;99.698
17.108;98.699;95.719;99.698
17.109;98.699;95.719;99.698
17.110;98.698;95.719;99.697
17.111;98.698;95.718;99.697
17.112;98.697;95.718;99.697
17.113;98.697;95.718;99.697
17.113;98.696;95.718;99.697
17.114;98.696;95.717;99.697
17.115;98.696;95.717;99.697
17.116;98.695;95.717;99.696
17.117;98.695;95.716;99.696
17.118;98.694;95.716;99.696
17.118;98.693;95.716;99.696
17.119;98.693;95.715;99.696
17.120;98.692;95.715;99.696
17.121;98.692;95.714;99.696
17.122;98.691;95.714;99.696
17.123;98.691;95.713;99.695
17.123;98.690;95.713;99.695
17.124;98.689;95.713;99.695
17.125;98.689;95.712;99.695
17.126;98.688;95.712;99.695
17.127;98.688;95.711;99.695
17.127;98.687;95.711;99.695
17.128;98.687;95.710;99.694
17.129;98.686;95.709;99.694
17.130;98.686;95.709;99.694
17.131;98.685;95.708;99.694
17.132;98.685;95.707;99.694
17.132;98.684;95.705;99.694
17.133;98.684;95.703;99.694
17.134;98.683;95.702;99.693
17.135;98.683;95.702;99.693
17.136;98.682;95.701;99.693
17.137;98.682;95.701;99.693
17.137;98.681;95.700;99.693
17.138;98.681;95.699;99.693
17.139;98.680;95.699;99.693
17.140;98.680;95.698;99.692
17.141;98.679;95.698;99.692
17.142;98.678;95.697;99.692
17.142;98.677;95.696;99.692
17.143;98.677;95.696;99.692
17.144;98.676;95.695;99.692
17.145;98.675;95.694;99.692
17.146;98.674;95.694;99.691
17.147;98.674;95.693;99.691
17.147;98.673;95.692;99.691
17.148;98.672;95.692;99.691
17.149;98.672;95.691;99.691
17.150;98.671;95.690;99.690
17.151;98.671;95.689;99.690
17.152;98.670;95.688;99.690
17.152;98.670;95.688;99.690
17.153;98.669;95.687;99.690
17.154;98.669;95.686;99.689
17.155;98.668;95.685;99.689
17.156;98.668;95.684;99.689
17.157;98.667;95.683;99.689
17.157;98.667;95.682;99.689
17.158;98.666;95.681;99.688
17.159;98.665;95.681;99.688
17.160;98.665;95.681;99.688
17.161;98.664;95.680;99.688
17.162;98.664;95.679;99.688
17.162;98.664;95.678;99.687
17.163;98.663;95.677;99.687
17.164;98.663;95.676;99.687
17.165;98.663;95.675;99.687
17.166;98.663;95.674;99.687
17.167;98.662;95.673;99.686
17.168;98.662;95.672;99.686
17.168;98.662;95.671;99.686
17.169;98.661;95.670;99.686
17.170;98.660;95.669;99.686
17.171;98.660;95.668;99.685
17.172;98.659;95.667;99.685
17.172;98.659;95.666;99.685
17.173;98.658;95.665;99.685
17.174;98.657;95.663;99.684
17.175;98.657;95.662;99.684
17.176;98.656;95.661;99.684
17.177;98.655;95.660;99.684
17.177;98.654;95.659;99.684
17.178;98.654;95.658;99.683
17.179;98.653;95.657;99.683
17.180;98.653;95.656;99.683
17.181;98.652;95.654;99.683
17.182;98.651;95.653;99.683
17.183;98.651;95.652;99.682
17.183;98.650;95.651;99.682
17.184;98.650;95.650;99.682
17.185;98.649;95.648;99.682
17.186;98.648;95.647;99.681
17.187;98.648;95.646;99.681
17.188;98.647;95.645;99.681
17.188;98.646;95.644;99.681
17.189;98.645;95.642;99.681
17.190;98.644;95.641;99.680
17.191;98.644;95.640;99.680
17.192;98.643;95.639;99.680
17.192;98.642;95.637;99.680
17.193;98.641;95.636;99.679
17.194;98.640;95.635;99.679
17.195;98.639;95.634;99.679
17.196;98.638;95.632;99.679
17.197;98.638;95.631;99.678
17.198;98.637;95.630;99.678
17.198;98.636;95.628;99.678
17.199;98.635;95.627;99.678
17.200;98.635;95.626;99.678
17.201;98.634;95.624;99.677
17.202;98.633;95.623;99.677
17.203;98.632;95.622;99.677
17.203;98.631;95.620;99.677
17.204;98.631;95.619;99.676
17.205;98.630;95.618;99.676
17.206;98.629;95.616;99.676
17.207;98.628;95.615;99.676
17.207;98.627;95.614;99.675
17.208;98.627;95.612;99.675
17.209;98.626;95.611;99.675
17.210;98.625;95.609;99.675
17.211;98.624;95.608;99.675
17.212;98.624;95.607;99.674
17.213;98.623;95.605;99.674
17.213;98.622;95.604;99.674
17.214;98.620;95.602;99.674
17.215;98.619;95.601;99.673
17.216;98.618;95.600;99.673
17.217;98.616;95.598;99.673
17.218;98.615;95.597;99.673
17.218;98.614;95.595;99.672
17.219;98.613;95.594;99.672
17.220;98.612;95.592;99.672
17.221;98.611;95.591;99.672
17.222;98.610;95.589;99.671
17.223;98.609;95.588;99.671
17.223;98.608;95.586;99.671
17.224;98.608;95.585;99.671
17.225;98.607;95.583;99.670
17.226;98.606;95.582;99.670
17.227;98.605;95.580;99.670
17.228;98.604;95.579;99.670
17.228;98.603;95.577;99.669
17.229;98.602;95.576;99.669
17.230;98.601;95.574;99.669
17.231;98.600;95.573;99.669
17.232;98.599;95.571;99.668
17.233;98.599;95.570;99.668
17.233;98.598;95.568;99.668
17.234;98.597;95.567;99.668
17.235;98.596;95.565;99.667
17.236;98.595;95.564;99.667
17.237;98.595;95.562;99.667
17.238;98.594;95.561;99.667
17.238;98.593;95.559;99.666
17.239;98.592;95.557;99.666
17.240;98.591;95.556;99.666
17.241;98.590;95.554;99.666
17.242;98.589;95.553;99.665
17.243;98.588;95.551;99.665
17.243;98.587;95.550;99.665
17.244;98.586;95.548;99.665
17.245;98.585;95.546;99.664
17.246;98.584;95.545;99.664
17.247;98.583;95.543;99.664
17.248;98.582;95.542;99.664
17.248;98.580;95.540;99.663
17.249;98.580;95.538;99.663
17.250;98.579;95.537;99.663
17.251;98.578;95.535;99.663
17.252;98.577;95.534;99.662
17.252;98.576;95.532;99.662
17.253;98.575;95.530;99.662
17.254;98.575;95.529;99.662
17.255;98.574;95.527;99.661
17.256;98.573;95.525;99.661
17.257;98.573;95.524;99.661
17.257;98.572;95.522;99.661
17.258;98.572;95.520;99.660
17.259;98.570;95.519;99.660
17.260;98.569;95.517;99.660
17.261;98.569;95.515;99.660
17.262;98.568;95.514;99.659
17.262;98.567;95.512;99.659
17.263;98.566;95.510;99.659
17.264;98.565;95.509;99.658
17.265;98.564;95.507;99.658
17.266;98.563;95.505;99.658
17.267;98.563;95.504;99.658
17.267;98.562;95.502;99.657
17.268;98.561;95.500;99.657
17.269;98.560;95.499;99.657
17.270;98.559;95.497;99.657
17.271;98.559;95.495;99.656
17.272;98.558;95.494;99.656
17.272;98.557;95.492;99.656
17.273;98.556;95.490;99.656
17.274;98.556;95.488;99.655
17.275;98.555;95.487;99.655
17.276;98.554;95.485;99.655
17.277;98.554;95.483;99.654
17.277;98.553;95.482;99.654
17.278;98.552;95.480;99.654
17.279;98.551;95.478;99.654
17.280;98.551;95.476;99.653
17.281;98.550;95.475;99.653
17.282;98.549;95.473;99.653
17.282;98.548;95.471;99.653
17.283;98.548;95.470;99.652
17.284;98.547;95.468;99.652
17.285;98.546;95.466;99.652
17.286;98.544;95.464;99.652
17.287;98.543;95.463;99.651
17.287;98.542;95.461;99.651
17.288;98.541;95.459;99.651
17.289;98.540;95.457;99.650
17.290;98.539;95.456;99.650
17.291;98.538;95.454;99.650
17.292;98.537;95.452;99.650
17.293;98.536;95.450;99.649
17.293;98.535;95.449;99.649
17.294;98.534;95.447;99.649
17.295;98.533;95.445;99.648
17.296;98.532;95.443;99.648
17.297;98.531;95.441;99.648
17.297;98.530;95.440;99.648
17.298;98.530;95.438;99.647
17.299;98.529;95.436;99.647
17.300;98.528;95.434;99.647
17.301;98.527;95.433;99.647
17.302;98.526;95.431;99.646
17.302;98.525;95.429;99.646
17.303;98.524;95.427;99.646
17.304;98.523;95.426;99.645
17.305;98.523;95.424;99.645
17.306;98.522;95.422;99.645
17.307;98.521;95.420;99.645
17.308;98.520;95.418;99.644
17.308;98.519;95.417;99.644
17.309;98.517;95.415;99.644
17.310;98.516;95.413;99.643
17.311;98.515;95.411;99.643
17.312;98.514;95.409;99.643
17.312;98.513;95.408;99.643
17.313;98.512;95.406;99.642
17.314;98.511;95.404;99.642
17.315;98.510;95.402;99.642
17.316;98.509;95.400;99.641
17.317;98.508;95.399;99.641
17.317;98.507;95.397;99.641
17.318;98.506;95.395;99.641
17.319;98.505;95.393;99.640
17.320;98.504;95.391;99.640
17.321;98.503;95.390;99.640
17.322;98.502;95.388;99.639
17.323;98.501;95.386;99.639
17.323;98.501;95.383;99.639
17.324;98.500;95.380;99.639
17.325;98.499;95.377;99.638
17.326;98.498;95.374;99.638
17.327;98.498;95.371;99.638
17.328;98.497;95.369;99.637
17.328;98.496;95.366;99.637
17.329;98.495;95.363;99.637
17.330;98.494;95.360;99.636
17.331;98.494;95.357;99.636
17.332;98.493;95.355;99.636
17.332;98.492;95.352;99.636
17.333;98.491;95.349;99.635
17.334;98.490;95.346;99.635
17.335;98.489;95.343;99.635
17.336;98.488;95.341;99.634
17.337;98.487;95.338;99.634
17.338;98.487;95.335;99.634
17.338;98.486;95.332;99.634
17.339;98.485;95.329;99.633
17.340;98.484;95.327;99.633
17.341;98.484;95.324;99.633
17.342;98.483;95.321;99.633
17.343;98.482;95.318;99.632
17.343;98.481;95.315;99.632
17.344;98.480;95.312;99.632
17.345;98.480;95.310;99.632
17.346;98.479;95.307;99.631
17.347;98.478;95.304;99.631
17.348;98.477;95.301;99.631
17.348;98.476;95.298;99.631
17.349;98.476;95.296;99.631
17.350;98.474;95.293;99.630
17.351;98.473;95.290;99.630
17.352;98.472;95.287;99.630
17.353;98.470;95.284;99.630
17.353;98.469;95.282;99.630
17.354;98.468;95.279;99.629
17.355;98.468;95.276;99.629
17.356;98.467;95.273;99.629
17.357;98.466;95.270;99.629
17.358;98.465;95.268;99.628
17.358;98.464;95.265;99.628
17.359;98.463;95.262;99.628
17.360;98.462;95.259;99.628
17.361;98.461;95.256;99.628
17.362;98.460;95.254;99.627
17.363;98.459;95.251;99.627
17.363;98.458;95.248;99.627
17.364;98.458;95.245;99.627
17.365;98.457;95.242;99.627
17.366;98.456;95.240;99.626
17.367;98.455;95.237;99.626
17.368;98.454;95.234;99.626
17.368;98.452;95.231;99.626
17.369;98.451;95.229;99.626
17.370;98.451;95.226;99.625
17.371;98.450;95.223;99.625
17.372;98.449;95.220;99.625
17.373;98.448;95.218;99.625
17.373;98.447;95.215;99.624
17.374;98.446;95.212;99.624
17.375;98.445;95.209;99.624
17.376;98.444;95.207;99.624
17.377;98.443;95.204;99.624
17.377;98.442;95.201;99.623
17.378;98.441;95.197;99.623
17.379;98.440;95.193;99.623
17.380;98.439;95.189;99.623
17.381;98.438;95.184;99.623
17.382;98.437;95.180;99.622
17.382;98.436;95.175;99.622
17.383;98.435;95.171;99.622
17.384;98.434;95.167;99.622
17.385;98.433;95.162;99.621
17.386;98.432;95.158;99.621
17.387;98.432;95.154;99.621
17.387;98.431;95.149;99.621
17.388;98.430;95.145;99.621
17.389;98.428;95.140;99.620
17.390;98.427;95.136;99.620
17.391;98.426;95.132;99.620
17.392;98.425;95.127;99.619
17.392;98.423;95.123;99.619
17.393;98.422;95.118;99.619
17.394;98.421;95.114;99.618
17.395;98.420;95.109;99.618
17.396;98.419;95.105;99.618
17.397;98.417;95.101;99.617
17.397;98.416;95.098;99.617
17.398;98.415;95.097;99.617
17.399;98.414;95.095;99.616
17.400;98.413;95.094;99.616
17.401;98.412;95.092;99.616
17.402;98.411;95.090;99.615
17.402;98.410;95.089;99.615
17.403;98.410;95.087;99.615
17.404;98.409;95.085;99.614
17.405;98.408;95.084;99.614
17.406;98.407;95.082;99.614
17.407;98.407;95.081;99.613
17.407;98.406;95.079;99.613
17.408;98.405;95.077;99.613
17.409;98.404;95.076;99.612
17.410;98.404;95.074;99.612
17.411;98.403;95.072;99.612
17.412;98.402;95.071;99.612
17.412;98.401;95.069;99.611
17.413;98.400;95.068;99.611
17.414;98.399;95.066;99.611
17.415;98.398;95.064;99.610
17.416;98.397;95.063;99.610
17.417;98.396;95.061;99.610
17.418;98.395;95.059;99.609
17.418;98.394;95.058;99.609
17.419;98.393;95.056;99.609
17.420;98.393;95.055;99.608
17.421;98.392;95.053;99.608
17.422;98.391;95.052;99.608
17.422;98.390;95.050;99.607
17.423;98.389;95.048;99.607
17.424;98.388;95.047;99.607
17.425;98.387;95.045;99.606
17.426;98.386;95.044;99.606
17.427;98.385;95.041;99.606
17.427;98.384;95.038;99.605
17.428;98.383;95.036;99.605
17.429;98.382;95.033;99.605
17.430;98.381;95.031;99.604
17.431;98.380;95.028;99.604
17.432;98.380;95.025;99.604
17.433;98.379;95.023;99.603
17.433;98.378;95.020;99.603
17.434;98.378;95.018;99.603
17.435;98.377;95.015;99.602
17.436;98.376;95.012;99.602
17.437;98.376;95.010;99.602
17.438;98.375;95.007;99.601
17.438;98.375;95.005;99.601
17.439;98.374;95.002;99.601
17.440;98.373;95.000;99.600
17.441;98.373;94.997;99.600
17.442;98.372;94.995;99.600
17.442;98.372;94.992;99.599
17.443;98.371;94.990;99.599
17.444;98.370;94.987;99.599
17.445;98.370;94.985;99.598
17.446;98.369;94.982;99.598
17.447;98.368;94.980;99.598
17.448;98.367;94.977;99.597
17.448;98.365;94.975;99.597
17.449;98.364;94.972;99.597
17.450;98.363;94.970;99.596
17.451;98.361;94.967;99.596
17.452;98.360;94.965;99.596
17.453;98.359;94.962;99.595
17.453;98.358;94.960;99.595
17.454;98.357;94.957;99.595
17.455;98.356;94.955;99.594
17.456;98.355;94.953;99.594
17.457;98.354;94.950;99.594
17.457;98.353;94.948;99.593
17.458;98.352;94.945;99.593
17.459;98.351;94.943;99.593
17.460;98.350;94.940;99.592
17.461;98.349;94.938;99.592
17.462;98.348;94.936;99.592
17.463;98.347;94.933;99.592
17.463;98.346;94.931;99.591
17.464;98.346;94.928;99.591
17.465;98.345;94.926;99.591
17.466;98.345;94.924;99.590
17.467;98.344;94.921;99.590
17.468;98.343;94.919;99.590
17.468;98.343;94.917;99.589
17.469;98.342;94.914;99.589
17.470;98.341;94.912;99.589
17.471;98.340;94.909;99.588
17.472;98.339;94.907;99.588
17.473;98.338;94.905;99.588
17.473;98.337;94.902;99.587
17.474;98.336;94.900;99.587
17.475;98.335;94.898;99.587
17.476;98.334;94.895;99.586
17.477;98.333;94.893;99.586
17.478;98.332;94.891;99.586
17.478;98.331;94.888;99.585
17.479;98.330;94.886;99.585
17.480;98.329;94.884;99.585
17.481;98.328;94.882;99.584
17.482;98.327;94.879;99.584
17.483;98.326;94.877;99.584
17.483;98.325;94.875;99.583
17.484;98.325;94.872;99.583
17.485;98.324;94.870;99.583
17.486;98.323;94.868;99.582
17.487;98.322;94.866;99.582
17.488;98.321;94.863;99.582
17.488;98.320;94.861;99.581
17.489;98.319;94.859;99.581
17.490;98.318;94.857;99.581
17.491;98.318;94.854;99.580
17.492;98.317;94.852;99.580
17.493;98.316;94.850;99.580
17.493;98.315;94.848;99.579
17.494;98.314;94.847;99.579
17.495;98.313;94.846;99.579
17.496;98.312;94.845;99.578
17.497;98.311;94.844;99.578
17.498;98.310;94.843;99.578
17.498;98.309;94.842;99.578
17.499;98.308;94.841;99.577
17.500;98.307;94.839;99.577
17.501;98.306;94.838;99.577
17.502;98.305;94.837;99.576
17.502;98.304;94.836;99.576
17.503;98.303;94.835;99.576
17.504;98.302;94.834;99.575
17.505;98.301;94.833;99.575
17.506;98.300;94.832;99.575
17.507;98.299;94.831;99.574
17.507;98.299;94.830;99.574
17.508;98.298;94.828;99.574
17.509;98.297;94.827;99.573
17.510;98.296;94.826;99.573
17.511;98.295;94.825;99.573
17.512;98.294;94.824;99.573
17.512;98.294;94.823;99.572
17.513;98.293;94.822;99.572
17.514;98.292;94.821;99.572
17.515;98.291;94.820;99.572
17.516;98.290;94.819;99.571
17.517;98.289;94.818;99.571
17.517;98.289;94.817;99.571
17.518;98.288;94.816;99.571
17.519;98.287;94.815;99.570
17.520;98.286;94.813;99.570
17.521;98.285;94.812;99.570
17.522;98.285;94.811;99.569
17.522;98.284;94.810;99.569
17.523;98.283;94.809;99.569
17.524;98.283;94.808;99.569
17.525;98.282;94.807;99.568
17.526;98.281;94.806;99.568
17.527;98.280;94.805;99.568
17.527;98.280;94.804;99.568
17.528;98.279;94.803;99.567
17.529;98.278;94.802;99.567
17.530;98.277;94.801;99.567
17.531;98.276;94.800;99.567
17.532;98.275;94.799;99.566
17.532;98.274;94.798;99.566
17.533;98.274;94.797;99.566
17.534;98.273;94.796;99.566
17.535;98.272;94.795;99.565
17.536;98.271;94.794;99.565
17.537;98.271;94.793;99.565
17.537;98.270;94.792;99.565
17.538;98.269;94.791;99.564
17.539;98.268;94.790;99.564
17.540;98.268;94.789;99.564
17.541;98.267;94.788;99.564
17.542;98.266;94.787;99.563
17.543;98.265;94.786;99.563
17.543;98.265;94.785;99.563
17.544;98.264;94.784;99.563
17.545;98.263;94.783;99.562
17.546;98.262;94.782;99.562
17.547;98.261;94.781;99.562
17.547;98.260;94.780;99.562
17.548;98.260;94.779;99.561
17.549;98.259;94.778;99.561
17.550;98.258;94.777;99.561
17.551;98.257;94.776;99.561
17.552;98.256;94.775;99.560
17.552;98.255;94.774;99.560
17.553;98.255;94.773;99.560
17.554;98.254;94.772;99.560
17.555;98.253;94.771;99.559
17.556;98.252;94.770;99.559
17.557;98.251;94.769;99.559
17.558;98.251;94.768;99.559
17.558;98.250;94.768;99.559
17.559;98.249;94.767;99.558
17.560;98.248;94.766;99.558
17.561;98.247;94.765;99.558
17.562;98.247;94.764;99.558
17.562;98.246;94.763;99.557
17.563;98.245;94.762;99.557
17.564;98.244;94.761;99.557
17.565;98.243;94.760;99.557
17.566;98.243;94.759;99.557
17.567;98.242;94.758;99.556
17.567;98.241;94.757;99.556
17.568;98.240;94.757;99.556
17.569;98.240;94.756;99.556
17.570;98.239;94.755;99.556
17.571;98.238;94.754;99.555
17.572;98.237;94.753;99.555
17.573;98.236;94.752;99.555
17.573;98.236;94.751;99.555
17.574;98.235;94.750;99.555
17.575;98.234;94.750;99.554
17.576;98.233;94.749;99.554
17.577;98.233;94.748;99.554
17.578;98.232;94.747;99.554
17.578;98.231;94.746;99.554
17.579;98.231;94.745;99.553
17.580;98.230;94.744;99.553
17.581;98.229;94.743;99.553
17.582;98.228;94.743;99.553
17.582;98.228;94.742;99.553
17.583;98.227;94.741;99.553
17.584;98.226;94.740;99.552
17.585;98.226;94.739;99.552
17.586;98.225;94.738;99.552
17.587;98.224;94.738;99.552
17.588;98.223;94.737;99.552
17.588;98.223;94.736;99.551
17.589;98.222;94.735;99.551
17.590;98.221;94.734;99.551
17.591;98.221;94.733;99.551
17.592;98.220;94.733;99.551
17.593;98.219;94.732;99.550
17.593;98.219;94.731;99.550
17.594;98.218;94.730;99.550
17.595;98.217;94.729;99.550
17.596;98.217;94.729;99.550
17.597;98.216;94.728;99.550
17.598;98.215;94.727;99.549
17.598;98.215;94.726;99.549
17.599;98.214;94.725;99.549
17.600;98.213;94.725;99.549
17.601;98.213;94.724;99.549
17.602;98.212;94.723;99.548
17.603;98.211;94.722;99.548
17.603;98.211;94.722;99.548
17.604;98.210;94.721;99.548
17.605;98.210;94.720;99.548
17.606;98.209;94.719;99.548
17.607;98.208;94.718;99.547
17.608;98.208;94.718;99.547
17.608;98.207;94.717;99.547
17.609;98.206;94.716;99.547
17.610;98.206;94.715;99.547
17.611;98.205;94.715;99.547
17.612;98.205;94.714;99.546
17.613;98.204;94.713;99.546
17.613;98.203;94.713;99.546
17.614;98.203;94.712;99.546
17.615;98.202;94.711;99.546
17.616;98.202;94.710;99.546
17.617;98.201;94.709;99.545
17.618;98.201;94.708;99.545
17.618;98.200;94.707;99.545
17.619;98.200;94.706;99.545
17.620;98.200;94.704;99.545
17.621;98.199;94.703;99.545
17.622;98.198;94.702;99.544
17.623;98.198;94.701;99.544
17.623;98.197;94.700;99.544
17.624;98.197;94.698;99.544
17.625;98.196;94.697;99.544
17.626;98.196;94.696;99.544
17.627;98.195;94.695;99.543
17.627;98.194;94.694;99.543
17.628;98.194;94.693;99.543
17.629;98.193;94.692;99.543
17.630;98.193;94.690;99.543
17.631;98.192;94.689;99.543
17.632;98.192;94.688;99.542
17.632;98.191;94.687;99.542
17.633;98.191;94.686;99.542
17.634;98.190;94.685;99.542
17.635;98.189;94.684;99.542
17.636;98.189;94.683;99.542
17.637;98.189;94.681;99.542
17.637;98.188;94.680;99.541
17.638;98.188;94.679;99.541
17.639;98.187;94.678;99.541
17.640;98.187;94.677;99.541
17.641;98.186;94.676;99.541
17.642;98.185;94.675;99.541
17.642;98.185;94.674;99.541
17.643;98.184;94.673;99.540
17.644;98.184;94.672;99.540
17.645;98.183;94.671;99.540
17.646;98.182;94.670;99.540
17.647;98.182;94.668;99.540
17.647;98.181;94.667;99.540
17.648;98.180;94.666;99.540
17.649;98.180;94.665;99.539
17.650;98.179;94.664;99.539
17.651;98.179;94.663;99.539
17.652;98.178;94.662;99.539
17.652;98.178;94.661;99.539
17.653;98.178;94.660;99.539
17.654;98.177;94.659;99.539
17.655;98.177;94.658;99.539
17.656;98.176;94.657;99.538
17.657;98.176;94.656;99.538
17.657;98.176;94.655;99.538
17.658;98.175;94.654;99.538
17.659;98.175;94.653;99.538
17.660;98.174;94.652;99.538
17.661;98.174;94.651;99.538
17.662;98.173;94.650;99.537
17.662;98.173;94.649;99.537
17.663;98.172;94.648;99.537
17.664;98.171;94.647;99.537
17.665;98.171;94.646;99.537
17.666;98.170;94.645;99.537
17.667;98.169;94.645;99.537
17.668;98.169;94.644;99.537
17.668;98.168;94.643;99.537
17.669;98.168;94.642;99.536
17.670;98.168;94.641;99.536
17.671;98.167;94.640;99.536
17.672;98.167;94.639;99.536
17.672;98.167;94.638;99.536
17.673;98.166;94.637;99.536
17.674;98.166;94.636;99.536
17.675;98.166;94.635;99.536
17.676;98.165;94.635;99.536
17.677;98.165;94.634;99.535
17.677;98.165;94.633;99.535
17.678;98.164;94.632;99.535
17.679;98.164;94.631;99.535
17.680;98.164;94.630;99.535
17.681;98.164;94.629;99.535
17.682;98.163;94.628;99.535
17.683;98.163;94.628;99.535
17.683;98.163;94.627;99.535
17.684;98.162;94.626;99.534
17.685;98.162;94.625;99.534
17.686;98.162;94.624;99.534
17.687;98.162;94.624;99.534
17.688;98.161;94.623;99.534
17.688;98.161;94.622;99.534
17.689;98.161;94.621;99.534
17.690;98.160;94.620;99.534
17.691;98.160;94.620;99.534
17.692;98.160;94.619;99.534
17.692;98.160;94.618;99.533
17.693;98.159;94.617;99.533
17.694;98.159;94.616;99.533
17.695;98.159;94.616;99.533
17.696;98.158;94.615;99.533
17.697;98.158;94.614;99.533
17.698;98.157;94.613;99.533
17.698;98.157;94.613;99.533
17.699;98.157;94.612;99.533
17.700;98.156;94.611;99.533
17.701;98.156;94.611;99.533
17.702;98.156;94.610;99.533
17.703;98.155;94.609;99.532
17.703;98.155;94.608;99.532
17.704;98.155;94.608;99.532
17.705;98.154;94.607;99.532
17.706;98.154;94.606;99.532
17.707;98.154;94.606;99.532
17.707;98.153;94.605;99.532
17.708;98.153;94.605;99.532
17.709;98.153;94.605;99.532
17.710;98.153;94.605;99.532
17.711;98.152;94.605;99.532
17.712;98.152;94.605;99.532
17.713;98.152;94.605;99.532
17.713;98.151;94.605;99.531
17.714;98.151;94.605;99.531
17.715;98.151;94.605;99.531
17.716;98.150;94.605;99.531
17.717;98.150;94.605;99.531
17.718;98.150;94.605;99.531
17.718;98.150;94.605;99.531
17.719;98.149;94.605;99.531
17.720;98.149;94.605;99.531
17.721;98.149;94.605;99.531
17.722;98.148;94.606;99.531
17.723;98.148;94.606;99.531
17.723;98.148;94.606;99.531
17.724;98.148;94.606;99.531
17.725;98.147;94.606;99.531
17.726;98.147;94.606;99.531
17.727;98.147;94.606;99.530
17.728;98.147;94.606;99.530
17.728;98.146;94.606;99.530
17.729;98.146;94.606;99.530
17.730;98.146;94.605;99.530
17.731;98.146;94.605;99.530
17.732;98.146;94.604;99.530
17.733;98.145;94.603;99.530
17.733;98.145;94.602;99.530
17.734;98.145;94.601;99.530
17.735;98.145;94.600;99.530
17.736;98.144;94.600;99.530
17.737;98.144;94.599;99.530
17.738;98.144;94.598;99.530
17.738;98.144;94.597;99.530
17.739;98.144;94.596;99.530
17.740;98.143;94.596;99.530
17.741;98.143;94.595;99.530
17.742;98.143;94.594;99.530
17.743;98.143;94.594;99.530
17.743;98.143;94.593;99.530
17.744;98.143;94.592;99.530
17.745;98.143;94.592;99.530
17.746;98.143;94.591;99.530
17.747;98.142;94.590;99.529
17.748;98.142;94.590;99.529
17.748;98.142;94.589;99.529
17.749;98.142;94.589;99.529
17.750;98.143;94.588;99.529
17.751;98.143;94.588;99.529
17.752;98.143;94.587;99.529
17.752;98.143;94.587;99.529
17.753;98.143;94.586;99.529
17.754;98.143;94.586;99.529
17.755;98.143;94.585;99.529
17.756;98.143;94.585;99.529
17.757;98.143;94.584;99.529
17.757;98.143;94.584;99.529
17.758;98.143;94.584;99.529
17.759;98.144;94.583;99.529
17.760;98.144;94.583;99.529
17.761;98.144;94.583;99.529
17.762;98.144;94.582;99.529
17.762;98.144;94.582;99.529
17.763;98.144;94.582;99.529
17.764;98.144;94.581;99.529
17.765;98.144;94.581;99.529
17.766;98.145;94.581;99.529
17.767;98.145;94.581;99.529
17.767;98.145;94.581;99.529
17.768;98.145;94.580;99.529
17.769;98.145;94.581;99.529
17.770;98.145;94.582;99.529
17.771;98.146;94.583;99.529
17.772;98.146;94.584;99.529
17.772;98.146;94.585;99.529
17.773;98.146;94.586;99.529
17.774;98.146;94.587;99.529
17.775;98.147;94.589;99.529
17.776;98.147;94.590;99.529
17.777;98.147;94.591;99.529
17.777;98.147;94.592;99.529
17.778;98.148;94.593;99.529
17.779;98.148;94.595;99.529
17.780;98.148;94.596;99.529
17.781;98.148;94.597;99.529
17.782;98.149;94.599;99.529
17.782;98.149;94.600;99.529
17.783;98.150;94.601;99.529
17.784;98.150;94.603;99.529
17.785;98.150;94.604;99.529
17.786;98.150;94.605;99.529
17.787;98.150;94.607;99.529
17.787;98.150;94.608;99.529
17.788;98.151;94.610;99.529
17.789;98.151;94.611;99.529
17.790;98.151;94.612;99.529
17.791;98.151;94.614;99.529
17.792;98.151;94.615;99.529
17.793;98.151;94.617;99.529
17.793;98.151;94.618;99.529
17.794;98.151;94.620;99.529
17.795;98.151;94.621;99.529
17.796;98.152;94.623;99.529
17.797;98.152;94.625;99.529
17.797;98.152;94.626;99.529
17.798;98.152;94.628;99.529
17.799;98.152;94.629;99.529
17.800;98.152;94.631;99.529
17.801;98.153;94.633;99.529
17.802;98.153;94.634;99.529
17.802;98.154;94.636;99.529
17.803;98.154;94.638;99.529
17.804;98.154;94.640;99.530
17.805;98.155;94.641;99.530
17.806;98.155;94.643;99.530
17.807;98.156;94.645;99.530
17.808;98.156;94.647;99.530
17.808;98.157;94.648;99.530
17.809;98.157;94.650;99.530
17.810;98.157;94.652;99.530
17.811;98.158;94.654;99.530
17.812;98.158;94.656;99.530
17.812;98.159;94.658;99.530
17.813;98.159;94.660;99.530
17.814;98.160;94.662;99.530
17.815;98.160;94.664;99.531
17.816;98.161;94.665;99.531
17.817;98.161;94.666;99.531
17.817;98.162;94.667;99.531
17.818;98.162;94.668;99.531
17.819;98.163;94.669;99.531
17.820;98.163;94.670;99.531
17.821;98.164;94.671;99.531
17.822;98.164;94.672;99.531
17.823;98.165;94.673;99.531
17.823;98.165;94.674;99.532
17.824;98.166;94.676;99.532
17.825;98.166;94.677;99.532
17.826;98.167;94.678;99.532
17.827;98.168;94.679;99.532
17.828;98.168;94.680;99.532
17.828;98.169;94.682;99.532
17.829;98.169;94.683;99.532
17.830;98.170;94.684;99.533
17.831;98.170;94.685;99.533
17.832;98.171;94.686;99.533
17.832;98.171;94.688;99.533
17.833;98.172;94.689;99.533
17.834;98.172;94.690;99.533
17.835;98.172;94.692;99.533
17.836;98.173;94.693;99.534
17.837;98.173;94.694;99.534
17.838;98.173;94.696;99.534
17.838;98.174;94.697;99.534
17.839;98.174;94.698;99.534
17.840;98.174;94.700;99.534
17.841;98.175;94.701;99.534
17.842;98.175;94.702;99.535
17.843;98.175;94.704;99.535
17.843;98.176;94.705;99.535
17.844;98.176;94.707;99.535
17.845;98.177;94.708;99.535
17.846;98.177;94.709;99.535
17.847;98.177;94.711;99.536
17.848;98.178;94.712;99.536
17.848;98.179;94.714;99.536
17.849;98.179;94.715;99.536
17.850;98.180;94.717;99.536
17.851;98.180;94.718;99.537
17.852;98.181;94.720;99.537
17.853;98.181;94.721;99.537
17.853;98.182;94.723;99.537
17.854;98.183;94.725;99.537
17.855;98.183;94.726;99.538
17.856;98.184;94.728;99.538
17.857;98.185;94.729;99.538
17.858;98.185;94.731;99.538
17.858;98.186;94.733;99.538
17.859;98.186;94.734;99.539
17.860;98.187;94.736;99.539
17.861;98.188;94.738;99.539
17.862;98.188;94.739;99.539
17.863;98.189;94.740;99.540
17.863;98.190;94.742;99.540
17.864;98.190;94.743;99.540
17.865;98.191;94.744;99.540
17.866;98.192;94.746;99.540
17.867;98.193;94.747;99.541
17.868;98.193;94.748;99.541
17.868;98.194;94.750;99.541
17.869;98.195;94.751;99.541
17.870;98.196;94.753;99.542
17.871;98.197;94.754;99.542
17.872;98.198;94.755;99.542
17.873;98.198;94.757;99.542
17.873;98.199;94.758;99.543
17.874;98.200;94.760;99.543
17.875;98.201;94.761;99.543
17.876;98.202;94.763;99.543
17.877;98.203;94.764;99.544
17.877;98.205;94.766;99.544
17.878;98.206;94.767;99.544
17.879;98.207;94.769;99.544
17.880;98.208;94.771;99.545
17.881;98.209;94.772;99.545
17.882;98.210;94.774;99.545
17.882;98.211;94.775;99.546
17.883;98.212;94.777;99.546
17.884;98.213;94.779;99.546
17.885;98.214;94.780;99.546
17.886;98.215;94.782;99.547
17.887;98.217;94.784;99.547
17.887;98.218;94.785;99.547
17.888;98.219;94.787;99.548
17.889;98.220;94.790;99.548
17.890;98.222;94.793;99.548
17.891;98.223;94.797;99.548
17.892;98.224;94.800;99.549
17.892;98.225;94.804;99.549
17.893;98.225;94.807;99.549
17.894;98.226;94.811;99.550
17.895;98.227;94.814;99.550
17.896;98.227;94.818;99.550
17.897;98.228;94.822;99.551
17.897;98.229;94.824;99.551
17.898;98.230;94.826;99.551
17.899;98.231;94.828;99.552
17.900;98.232;94.831;99.552
17.901;98.233;94.833;99.552
17.902;98.235;94.835;99.552
17.902;98.236;94.838;99.553
17.903;98.238;94.840;99.553
17.904;98.239;94.842;99.553
17.905;98.241;94.845;99.554
17.906;98.242;94.847;99.554
17.907;98.244;94.849;99.555
17.907;98.245;94.852;99.555
17.908;98.247;94.854;99.555
17.909;98.248;94.857;99.556
17.910;98.250;94.859;99.556
17.911;98.251;94.861;99.556
17.912;98.252;94.864;99.557
17.912;98.253;94.866;99.557
17.913;98.254;94.869;99.557
17.914;98.255;94.871;99.558
17.915;98.256;94.874;99.558
17.916;98.257;94.877;99.558
17.917;98.258;94.879;99.559
17.918;98.259;94.882;99.559
17.918;98.260;94.884;99.560
17.919;98.261;94.887;99.560
17.920;98.262;94.890;99.560
17.921;98.263;94.892;99.561
17.922;98.264;94.895;99.561
17.922;98.266;94.898;99.561
17.923;98.267;94.900;99.562
17.924;98.269;94.903;99.562
17.925;98.270;94.906;99.563
17.926;98.272;94.908;99.563
17.927;98.274;94.911;99.563
17.927;98.277;94.914;99.564
17.928;98.278;94.917;99.564
17.929;98.280;94.919;99.565
17.930;98.281;94.922;99.565
17.931;98.282;94.925;99.565
17.932;98.284;94.928;99.566
17.933;98.285;94.931;99.566
17.933;98.287;94.934;99.567
17.934;98.289;94.937;99.567
17.935;98.291;94.940;99.568
17.936;98.292;94.942;99.568
17.937;98.294;94.945;99.568
17.938;98.295;94.948;99.569
17.938;98.296;94.951;99.569
17.939;98.297;94.954;99.570
17.940;98.298;94.957;99.570
17.941;98.300;94.960;99.571
17.942;98.302;94.963;99.571
17.942;98.304;94.967;99.571
17.943;98.305;94.970;99.572
17.944;98.307;94.973;99.572
17.945;98.309;94.976;99.573
17.946;98.310;94.979;99.573
17.947;98.312;94.982;99.573
17.948;98.314;94.985;99.574
17.948;98.316;94.989;99.574
17.949;98.318;94.992;99.574
17.950;98.319;94.995;99.575
17.951;98.321;94.998;99.575
17.952;98.323;95.001;99.576
17.953;98.325;95.005;99.576
17.953;98.327;95.008;99.576
17.954;98.329;95.011;99.577
17.955;98.331;95.015;99.577
17.956;98.332;95.018;99.578
17.957;98.334;95.021;99.578
17.957;98.336;95.025;99.579
17.958;98.338;95.028;99.579
17.959;98.341;95.032;99.579
17.960;98.343;95.035;99.580
17.961;98.345;95.039;99.580
17.962;98.347;95.042;99.581
17.963;98.350;95.046;99.581
17.963;98.352;95.050;99.581
17.964;98.355;95.053;99.582
17.965;98.357;95.057;99.582
17.966;98.360;95.060;99.583
17.967;98.362;95.064;99.583
17.968;98.365;95.068;99.584
17.968;98.368;95.072;99.584
17.969;98.370;95.075;99.585
17.970;98.373;95.079;99.585
17.971;98.376;95.083;99.586
17.972;98.378;95.087;99.586
17.973;98.381;95.094;99.586
17.973;98.385;95.102;99.587
17.974;98.389;95.109;99.587
17.975;98.394;95.117;99.588
17.976;98.396;95.124;99.588
17.977;98.400;95.132;99.589
17.978;98.403;95.139;99.589
17.978;98.406;95.147;99.590
17.979;98.407;95.155;99.590
17.980;98.409;95.162;99.591
17.981;98.410;95.170;99.591
17.982;98.411;95.178;99.592
17.983;98.412;95.186;99.592
17.983;98.414;95.194;99.593
17.984;98.416;95.201;99.593
17.985;98.418;95.209;99.594
17.986;98.420;95.217;99.594
17.987;98.422;95.225;99.595
17.988;98.424;95.234;99.595
17.988;98.426;95.242;99.596
17.989;98.429;95.250;99.596
17.990;98.435;95.258;99.597
17.991;98.438;95.266;99.598
17.992;98.440;95.275;99.598
17.993;98.441;95.283;99.599
17.993;98.443;95.291;99.599
17.994;98.445;95.300;99.600
17.995;98.447;95.308;99.600
17.996;98.451;95.317;99.601
17.997;98.453;95.326;99.601
17.998;98.455;95.334;99.602
17.998;98.458;95.343;99.603
17.999;98.459;95.352;99.603
18.000;98.461;95.360;99.604
18.001;98.462;95.364;99.604
18.002;98.464;95.368;99.605
18.002;98.466;95.372;99.605
18.003;98.468;95.375;99.606
18.004;98.469;95.379;99.606
18.005;98.471;95.383;99.607
18.006;98.473;95.387;99.608
18.007;98.475;95.390;99.608
18.008;98.477;95.394;99.609
18.008;98.478;95.397;99.609
18.009;98.480;95.401;99.610
18.010;98.483;95.404;99.610
18.011;98.486;95.408;99.611
18.012;98.489;95.411;99.611
18.012;98.491;95.415;99.611
18.013;98.494;95.418;99.612
18.014;98.497;95.422;99.612
18.015;98.499;95.425;99.612
18.016;98.501;95.429;99.612
18.017;98.504;95.432;99.613
18.017;98.506;95.435;99.613
18.018;98.508;95.439;99.613
18.019;98.511;95.442;99.614
18.020;98.513;95.445;99.614
18.021;98.514;95.448;99.614
18.022;98.515;95.451;99.614
18.023;98.516;95.454;99.615
18.023;98.517;95.457;99.615
18.024;98.519;95.460;99.615
18.025;98.520;95.463;99.615
18.026;98.521;95.465;99.616
18.027;98.522;95.467;99.616
18.027;98.523;95.470;99.616
18.028;98.524;95.472;99.616
18.029;98.525;95.475;99.616
18.030;98.526;95.477;99.616
18.031;98.528;95.479;99.617
18.032;98.530;95.481;99.617
18.032;98.531;95.484;99.617
18.033;98.533;95.486;99.617
18.034;98.534;95.488;99.617
18.035;98.535;95.490;99.617
18.036;98.537;95.492;99.617
18.037;98.538;95.494;99.617
18.038;98.539;95.496;99.617
18.038;98.539;95.498;99.617
18.039;98.540;95.500;99.617
18.040;98.540;95.501;99.618
18.041;98.541;95.503;99.618
18.042;98.541;95.505;99.618
18.042;98.542;95.507;99.618
18.043;98.542;95.508;99.618
18.044;98.542;95.510;99.618
18.045;98.543;95.512;99.618
18.046;98.543;95.513;99.618
18.047;98.543;95.515;99.618
18.047;98.543;95.516;99.618
18.048;98.543;95.518;99.618
18.049;98.543;95.519;99.618
18.050;98.544;95.520;99.618
18.051;98.544;95.522;99.618
18.052;98.544;95.523;99.618
18.053;98.544;95.524;99.618
18.053;98.543;95.526;99.618
18.054;98.543;95.527;99.618
18.055;98.543;95.528;99.618
18.056;98.542;95.529;99.618
18.057;98.542;95.530;99.618
18.057;98.541;95.532;99.617
18.058;98.541;95.533;99.617
18.059;98.540;95.534;99.617
18.060;98.540;95.535;99.617
18.061;98.539;95.536;99.617
18.062;98.539;95.537;99.617
18.062;98.538;95.538;99.617
18.063;98.538;95.538;99.617
18.064;98.538;95.539;99.617
18.065;98.538;95.540;99.617
18.066;98.537;95.541;99.617
18.067;98.537;95.542;99.617
18.068;98.537;95.542;99.617
18.068;98.537;95.543;99.617
18.069;98.536;95.544;99.616
18.070;98.536;95.545;99.616
18.071;98.536;95.545;99.616
18.072;98.535;95.546;99.616
18.072;98.535;95.546;99.616
18.073;98.535;95.547;99.616
18.074;98.535;95.548;99.616
18.075;98.535;95.548;99.616
18.076;98.535;95.549;99.616
18.077;98.534;95.549;99.616
18.078;98.534;95.550;99.615
18.078;98.534;95.550;99.615
18.079;98.535;95.550;99.615
18.080;98.534;95.551;99.615
18.081;98.534;95.551;99.615
18.082;98.534;95.552;99.615
18.083;98.534;95.552;99.615
18.083;98.534;95.552;99.615
18.084;98.534;95.552;99.614
18.085;98.534;95.553;99.614
18.086;98.534;95.553;99.614
18.087;98.534;95.553;99.614
18.087;98.534;95.553;99.614
18.088;98.534;95.554;99.614
18.089;98.534;95.554;99.614
18.090;98.533;95.554;99.613
18.091;98.533;95.554;99.613
18.092;98.533;95.554;99.613
18.093;98.532;95.554;99.613
18.093;98.531;95.554;99.613
18.094;98.531;95.554;99.613
18.095;98.530;95.554;99.613
18.096;98.530;95.554;99.612
18.097;98.529;95.554;99.612
18.098;98.529;95.554;99.612
18.098;98.528;95.554;99.612
18.099;98.528;95.554;99.612
18.100;98.528;95.554;99.612
18.101;98.528;95.554;99.611
18.102;98.528;95.554;99.611
18.102;98.528;95.553;99.611
18.103;98.528;95.553;99.611
18.104;98.527;95.553;99.611
18.105;98.527;95.553;99.611
18.106;98.527;95.553;99.610
18.107;98.527;95.552;99.610
18.108;98.527;95.552;99.610
18.108;98.527;95.550;99.610
18.109;98.526;95.548;99.610
18.110;98.526;95.546;99.609
18.111;98.525;95.544;99.609
18.112;98.525;95.542;99.609
18.113;98.525;95.540;99.609
18.113;98.524;95.539;99.609
18.114;98.524;95.539;99.609
18.115;98.524;95.539;99.608
18.116;98.523;95.540;99.608
18.117;98.523;95.540;99.608
18.117;98.523;95.540;99.608
18.118;98.522;95.540;99.608
18.119;98.522;95.540;99.607
18.120;98.521;95.540;99.607
18.121;98.521;95.541;99.607
18.122;98.521;95.541;99.607
18.123;98.520;95.541;99.607
18.123;98.520;95.541;99.606
18.124;98.519;95.541;99.606
18.125;98.519;95.541;99.606
18.126;98.518;95.541;99.606
18.127;98.518;95.541;99.606
18.127;98.518;95.541;99.605
18.128;98.517;95.540;99.605
18.129;98.517;95.539;99.605
18.130;98.516;95.538;99.605
18.131;98.515;95.538;99.604
18.132;98.515;95.537;99.604
18.133;98.514;95.536;99.604
18.133;98.514;95.536;99.604
18.134;98.513;95.535;99.604
18.135;98.512;95.534;99.603
18.136;98.512;95.533;99.603
18.137;98.511;95.533;99.603
18.137;98.511;95.532;99.603
18.138;98.510;95.531;99.603
18.139;98.510;95.530;99.602
18.140;98.509;95.530;99.602
18.141;98.508;95.529;99.602
18.142;98.507;95.528;99.602
18.142;98.507;95.527;99.601
18.143;98.506;95.526;99.601
18.144;98.505;95.525;99.601
18.145;98.505;95.524;99.601
18.146;98.504;95.524;99.600
18.147;98.503;95.523;99.600
18.148;98.503;95.522;99.600
18.148;98.502;95.521;99.600
18.149;98.502;95.520;99.599
18.150;98.501;95.519;99.599
18.151;98.500;95.518;99.599
18.152;98.499;95.517;99.599
18.152;98.499;95.516;99.598
18.153;98.498;95.515;99.598
18.154;98.497;95.514;99.598
18.155;98.497;95.513;99.598
18.156;98.496;95.512;99.597
18.157;98.496;95.511;99.597
18.157;98.495;95.510;99.597
18.158;98.494;95.509;99.597
18.159;98.494;95.508;99.596
18.160;98.493;95.507;99.596
18.161;98.492;95.506;99.596
18.162;98.491;95.505;99.595
18.163;98.490;95.504;99.595
18.163;98.489;95.503;99.595
18.164;98.489;95.501;99.595
18.165;98.488;95.500;99.594
18.166;98.487;95.499;99.594
18.167;98.486;95.498;99.594
18.167;98.485;95.497;99.594
18.168;98.485;95.496;99.593
18.169;98.484;95.495;99.593
18.170;98.483;95.493;99.593
18.171;98.482;95.492;99.592
18.172;98.482;95.491;99.592
18.172;98.481;95.490;99.592
18.173;98.480;95.489;99.592
18.174;98.479;95.487;99.591
18.175;98.479;95.486;99.591
18.176;98.478;95.485;99.591
18.177;98.477;95.484;99.590
18.178;98.476;95.482;99.590
18.178;98.475;95.481;99.590
18.179;98.475;95.480;99.590
18.180;98.474;95.479;99.589
18.181;98.473;95.477;99.589
18.182;98.472;95.476;99.589
18.182;98.471;95.475;99.588
18.183;98.470;95.473;99.588
18.184;98.469;95.472;99.588
18.185;98.468;95.471;99.588
18.186;98.467;95.470;99.587
18.187;98.466;95.468;99.587
18.188;98.464;95.467;99.587
18.188;98.464;95.466;99.586
18.189;98.463;95.464;99.586
18.190;98.462;95.463;99.586
18.191;98.462;95.461;99.585
18.192;98.461;95.460;99.585
18.193;98.460;95.459;99.585
18.193;98.459;95.457;99.585
18.194;98.458;95.456;99.584
18.195;98.457;95.454;99.584
18.196;98.456;95.453;99.584
18.197;98.456;95.452;99.583
18.197;98.455;95.450;99.583
18.198;98.454;95.449;99.583
18.199;98.453;95.447;99.583
18.200;98.452;95.446;99.582
18.201;98.451;95.444;99.582
18.202;98.450;95.443;99.582
18.203;98.449;95.441;99.581
18.203;98.449;95.440;99.581
18.204;98.448;95.439;99.581
18.205;98.447;95.437;99.580
18.206;98.446;95.436;99.580
18.207;98.445;95.434;99.580
18.208;98.444;95.433;99.579
18.208;98.443;95.431;99.579
18.209;98.442;95.430;99.579
18.210;98.441;95.428;99.579
18.211;98.440;95.426;99.578
18.212;98.439;95.425;99.578
18.212;98.439;95.423;99.578
18.213;98.438;95.422;99.577
18.214;98.437;95.420;99.577
18.215;98.436;95.419;99.577
18.216;98.435;95.417;99.576
18.217;98.434;95.416;99.576
18.218;98.433;95.414;99.576
18.218;98.432;95.412;99.575
18.219;98.431;95.411;99.575
18.220;98.430;95.409;99.575
18.221;98.429;95.408;99.574
18.222;98.428;95.406;99.574
18.223;98.427;95.404;99.574
18.223;98.426;95.403;99.573
18.224;98.425;95.401;99.573
18.225;98.424;95.400;99.573
18.226;98.423;95.398;99.573
18.227;98.422;95.396;99.572
18.227;98.420;95.395;99.572
18.228;98.419;95.393;99.572
18.229;98.418;95.391;99.571
18.230;98.416;95.390;99.571
18.231;98.415;95.388;99.571
18.232;98.414;95.386;99.570
18.233;98.413;95.385;99.570
18.233;98.411;95.383;99.570
18.234;98.410;95.381;99.569
18.235;98.409;95.380;99.569
18.236;98.408;95.378;99.569
18.237;98.407;95.376;99.568
18.238;98.406;95.375;99.568
18.238;98.405;95.373;99.568
18.239;98.404;95.371;99.567
18.240;98.403;95.370;99.567
18.241;98.402;95.368;99.567
18.242;98.401;95.366;99.566
18.242;98.400;95.364;99.566
18.243;98.399;95.363;99.566
18.244;98.398;95.361;99.565
18.245;98.397;95.359;99.565
18.246;98.396;95.358;99.565
18.247;98.394;95.356;99.564
18.248;98.393;95.354;99.564
18.248;98.391;95.352;99.564
18.249;98.390;95.351;99.563
18.250;98.388;95.349;99.563
18.251;98.387;95.347;99.563
18.252;98.385;95.345;99.563
18.252;98.384;95.343;99.562
18.253;98.382;95.342;99.562
18.254;98.381;95.340;99.562
18.255;98.380;95.338;99.562
18.256;98.379;95.336;99.561
18.257;98.378;95.335;99.561
18.258;98.377;95.333;99.561
18.258;98.376;95.331;99.561
18.259;98.375;95.329;99.560
18.260;98.374;95.327;99.560
18.261;98.373;95.326;99.560
18.262;98.372;95.324;99.560
18.262;98.371;95.322;99.559
18.263;98.371;95.320;99.559
18.264;98.370;95.318;99.559
18.265;98.369;95.317;99.559
18.266;98.369;95.315;99.558
18.267;98.368;95.313;99.558
18.267;98.367;95.311;99.558
18.268;98.366;95.309;99.558
18.269;98.366;95.307;99.557
18.270;98.365;95.306;99.557
18.271;98.364;95.304;99.557
18.272;98.363;95.302;99.557
18.273;98.362;95.300;99.556
18.273;98.360;95.298;99.556
18.274;98.359;95.296;99.556
18.275;98.358;95.294;99.555
18.276;98.357;95.293;99.555
18.277;98.356;95.291;99.555
18.277;98.355;95.289;99.555
18.278;98.354;95.287;99.554
18.279;98.354;95.285;99.554
18.280;98.353;95.283;99.554
18.281;98.352;95.281;99.553
18.282;98.351;95.279;99.553
18.282;98.349;95.278;99.552
18.283;98.348;95.276;99.552
18.284;98.347;95.274;99.552
18.285;98.346;95.272;99.551
18.286;98.345;95.270;99.551
18.287;98.344;95.268;99.551
18.288;98.343;95.266;99.550
18.288;98.343;95.264;99.550
18.289;98.342;95.262;99.550
18.290;98.341;95.260;99.549
18.291;98.340;95.257;99.549
18.292;98.339;95.254;99.548
18.292;98.338;95.251;99.548
18.293;98.337;95.248;99.548
18.294;98.336;95.245;99.547
18.295;98.335;95.242;99.547
18.296;98.335;95.239;99.547
18.297;98.333;95.236;99.546
18.297;98.332;95.233;99.546
18.298;98.331;95.230;99.545
18.299;98.329;95.227;99.545
18.300;98.328;95.224;99.545
18.301;98.327;95.221;99.544
18.302;98.326;95.218;99.544
18.303;98.324;95.215;99.543
18.303;98.323;95.212;99.543
18.304;98.322;95.209;99.543
18.305;98.320;95.206;99.542
18.306;98.319;95.202;99.542
18.307;98.317;95.199;99.542
18.307;98.315;95.196;99.541
18.308;98.313;95.193;99.541
18.309;98.311;95.190;99.540
18.310;98.309;95.187;99.540
18.311;98.307;95.184;99.540
18.312;98.305;95.181;99.539
18.312;98.304;95.178;99.539
18.313;98.302;95.175;99.538
18.314;98.301;95.172;99.538
18.315;98.300;95.169;99.538
18.316;98.299;95.166;99.537
18.317;98.298;95.163;99.537
18.318;98.297;95.160;99.537
18.318;98.296;95.157;99.536
18.319;98.294;95.154;99.536
18.320;98.293;95.151;99.535
18.321;98.292;95.148;99.535
18.322;98.291;95.145;99.535
18.322;98.290;95.142;99.534
18.323;98.289;95.139;99.534
18.324;98.288;95.136;99.533
18.325;98.287;95.133;99.533
18.326;98.286;95.130;99.533
18.327;98.285;95.127;99.532
18.328;98.284;95.123;99.532
18.328;98.283;95.120;99.531
18.329;98.282;95.117;99.531
18.330;98.282;95.114;99.531
18.331;98.281;95.111;99.530
18.332;98.280;95.108;99.530
18.333;98.279;95.105;99.529
18.333;98.278;95.102;99.529
18.334;98.276;95.099;99.529
18.335;98.275;95.096;99.528
18.336;98.274;95.093;99.528
18.337;98.273;95.089;99.527
18.337;98.272;95.084;99.527
18.338;98.271;95.080;99.527
18.339;98.270;95.075;99.526
18.340;98.270;95.071;99.526
18.341;98.269;95.066;99.525
18.342;98.268;95.062;99.525
18.343;98.267;95.057;99.525
18.343;98.266;95.052;99.524
18.344;98.265;95.048;99.524
18.345;98.264;95.043;99.523
18.346;98.263;95.039;99.523
18.347;98.262;95.034;99.522
18.348;98.261;95.030;99.522
18.348;98.260;95.025;99.522
18.349;98.259;95.020;99.521
18.350;98.258;95.016;99.521
18.351;98.257;95.011;99.520
18.352;98.256;95.006;99.520
18.352;98.255;95.002;99.520
18.353;98.254;94.997;99.519
18.354;98.253;94.993;99.519
18.355;98.252;94.988;99.518
18.356;98.251;94.983;99.518
18.357;98.251;94.979;99.518
18.358;98.250;94.974;99.517
18.358;98.249;94.969;99.517
18.359;98.248;94.965;99.516
18.360;98.247;94.960;99.516
18.361;98.246;94.955;99.515
18.362;98.245;94.952;99.515
18.363;98.244;94.951;99.515
18.363;98.243;94.949;99.514
18.364;98.242;94.947;99.514
18.365;98.242;94.946;99.513
18.366;98.241;94.944;99.513
18.367;98.240;94.942;99.513
18.367;98.239;94.940;99.512
18.368;98.238;94.939;99.512
18.369;98.237;94.937;99.511
18.370;98.236;94.935;99.511
18.371;98.235;94.933;99.510
18.372;98.234;94.932;99.510
18.373;98.233;94.930;99.510
18.373;98.232;94.928;99.509
18.374;98.231;94.926;99.509
18.375;98.230;94.925;99.508
18.376;98.229;94.923;99.508
18.377;98.228;94.921;99.508
18.377;98.227;94.920;99.507
18.378;98.226;94.918;99.507
18.379;98.224;94.916;99.506
18.380;98.223;94.914;99.506
18.381;98.222;94.913;99.505
18.382;98.220;94.911;99.505
18.383;98.219;94.909;99.505
18.383;98.218;94.907;99.504
18.384;98.216;94.906;99.504
18.385;98.215;94.904;99.503
18.386;98.214;94.902;99.503
18.387;98.212;94.900;99.502
18.387;98.211;94.899;99.502
18.388;98.210;94.897;99.502
18.389;98.208;94.895;99.501
18.390;98.207;94.894;99.501
18.391;98.206;94.892;99.500
18.392;98.204;94.889;99.500
18.392;98.203;94.886;99.499
18.393;98.202;94.883;99.499
18.394;98.201;94.881;99.499
18.395;98.200;94.878;99.498
18.396;98.198;94.875;99.498
18.397;98.197;94.872;99.497
18.398;98.195;94.869;99.497
18.398;98.194;94.866;99.496
18.399;98.193;94.863;99.496
18.400;98.191;94.860;99.496
18.401;98.190;94.857;99.495
18.402;98.189;94.854;99.495
18.402;98.188;94.851;99.494
18.403;98.186;94.848;99.494
18.404;98.185;94.845;99.494
18.405;98.184;94.842;99.493
18.406;98.182;94.839;99.493
18.407;98.181;94.836;99.492
18.407;98.180;94.833;99.492
18.408;98.178;94.830;99.492
18.409;98.177;94.828;99.491
18.410;98.176;94.825;99.491
18.411;98.175;94.822;99.490
18.412;98.174;94.819;99.490
18.413;98.173;94.816;99.490
18.413;98.172;94.813;99.489
18.414;98.171;94.810;99.489
18.415;98.170;94.807;99.489
18.416;98.169;94.804;99.488
18.417;98.168;94.802;99.488
18.417;98.167;94.799;99.487
18.418;98.166;94.796;99.487
18.419;98.165;94.793;99.487
18.420;98.164;94.790;99.486
18.421;98.163;94.787;99.486
18.422;98.161;94.784;99.485
18.422;98.160;94.782;99.485
18.423;98.158;94.779;99.485
18.424;98.157;94.776;99.484
18.425;98.156;94.773;99.484
18.426;98.154;94.770;99.483
18.427;98.153;94.767;99.483
18.428;98.151;94.765;99.483
18.428;98.150;94.762;99.482
18.429;98.148;94.759;99.482
18.430;98.147;94.756;99.481
18.431;98.146;94.753;99.481
18.432;98.144;94.750;99.481
18.432;98.143;94.748;99.480
18.433;98.141;94.745;99.480
18.434;98.140;94.742;99.480
18.435;98.139;94.739;99.479
18.436;98.137;94.737;99.479
18.437;98.136;94.734;99.478
18.438;98.135;94.731;99.478
18.438;98.134;94.728;99.478
18.439;98.133;94.725;99.477
18.440;98.132;94.723;99.477
18.441;98.131;94.720;99.476
18.442;98.130;94.717;99.476
18.443;98.128;94.714;99.476
18.443;98.127;94.712;99.475
18.444;98.126;94.709;99.475
18.445;98.125;94.706;99.474
18.446;98.124;94.703;99.474
18.447;98.123;94.701;99.474
18.447;98.122;94.698;99.473
18.448;98.120;94.695;99.473
18.449;98.119;94.692;99.473
18.450;98.117;94.690;99.472
18.451;98.116;94.687;99.472
18.452;98.115;94.684;99.471
18.453;98.114;94.682;99.471
18.453;98.113;94.679;99.471
18.454;98.112;94.676;99.470
18.455;98.111;94.675;99.470
18.456;98.109;94.674;99.469
18.457;98.108;94.672;99.469
18.458;98.107;94.671;99.469
18.458;98.106;94.670;99.468
18.459;98.105;94.668;99.468
18.460;98.103;94.667;99.468
18.461;98.102;94.666;99.467
18.462;98.100;94.664;99.467
18.462;98.099;94.663;99.466
18.463;98.098;94.662;99.466
18.464;98.097;94.660;99.466
18.465;98.095;94.659;99.465
18.466;98.094;94.658;99.465
18.467;98.093;94.656;99.465
18.468;98.092;94.655;99.464
18.468;98.091;94.654;99.464
18.469;98.090;94.652;99.463
18.470;98.089;94.651;99.463
18.471;98.088;94.650;99.463
18.472;98.087;94.648;99.463
18.473;98.086;94.647;99.462
18.473;98.085;94.646;99.462
18.474;98.084;94.644;99.462
18.475;98.083;94.643;99.461
18.476;98.082;94.642;99.461
18.477;98.081;94.641;99.461
18.477;98.080;94.639;99.461
18.478;98.079;94.638;99.460
18.479;98.078;94.637;99.460
18.480;98.077;94.635;99.460
18.481;98.076;94.634;99.460
18.482;98.075;94.633;99.459
18.483;98.075;94.631;99.459
18.483;98.074;94.630;99.459
18.484;98.073;94.629;99.458
18.485;98.072;94.628;99.458
18.486;98.071;94.626;99.458
18.487;98.071;94.625;99.458
18.488;98.070;94.624;99.457
18.488;98.069;94.622;99.457
18.489;98.068;94.621;99.457
18.490;98.068;94.620;99.456
18.491;98.067;94.619;99.456
18.492;98.066;94.617;99.456
18.492;98.065;94.616;99.456
18.493;98.065;94.615;99.455
18.494;98.064;94.614;99.455
18.495;98.063;94.612;99.455
18.496;98.062;94.611;99.454
18.497;98.061;94.610;99.454
18.498;98.061;94.608;99.454
18.498;98.060;94.607;99.454
18.499;98.059;94.606;99.453
18.500;98.058;94.605;99.453
18.501;98.057;94.604;99.453
18.502;98.056;94.602;99.452
18.502;98.056;94.601;99.452
18.503;98.055;94.600;99.452
18.504;98.054;94.599;99.452
18.505;98.053;94.597;99.451
18.506;98.052;94.596;99.451
18.507;98.052;94.595;99.451
18.508;98.051;94.594;99.451
18.508;98.050;94.593;99.450
18.509;98.049;94.591;99.450
18.510;98.048;94.590;99.450
18.511;98.047;94.589;99.449
18.512;98.046;94.588;99.449
18.512;98.045;94.587;99.449
18.513;98.044;94.585;99.449
18.514;98.042;94.584;99.448
18.515;98.041;94.583;99.448
18.516;98.040;94.582;99.448
18.517;98.039;94.581;99.447
18.517;98.038;94.579;99.447
18.518;98.037;94.578;99.447
18.519;98.036;94.577;99.447
18.520;98.035;94.576;99.446
18.521;98.034;94.575;99.446
18.522;98.033;94.573;99.446
18.523;98.032;94.572;99.445
18.523;98.031;94.571;99.445
18.524;98.030;94.570;99.445
18.525;98.029;94.569;99.445
18.526;98.028;94.567;99.444
18.527;98.027;94.565;99.444
18.527;98.026;94.563;99.444
18.528;98.025;94.561;99.444
18.529;98.024;94.559;99.443
18.530;98.023;94.557;99.443
18.531;98.022;94.555;99.443
18.532;98.021;94.553;99.442
18.532;98.019;94.551;99.442
18.533;98.018;94.549;99.442
18.534;98.017;94.547;99.442
18.535;98.016;94.545;99.441
18.536;98.015;94.542;99.441
18.537;98.014;94.540;99.441
18.538;98.013;94.538;99.441
18.538;98.012;94.536;99.440
18.539;98.011;94.534;99.440
18.540;98.010;94.532;99.440
18.541;98.009;94.531;99.439
18.542;98.008;94.529;99.439
18.542;98.007;94.527;99.439
18.543;98.007;94.525;99.439
18.544;98.006;94.523;99.438
18.545;98.005;94.521;99.438
18.546;98.004;94.519;99.438
18.547;98.003;94.517;99.438
18.547;98.003;94.515;99.437
18.548;98.002;94.513;99.437
18.549;98.001;94.511;99.437
18.550;98.000;94.509;99.436
18.551;98.000;94.508;99.436
18.552;97.999;94.506;99.436
18.553;97.998;94.504;99.436
18.553;97.997;94.502;99.435
18.554;97.997;94.500;99.435
18.555;97.996;94.498;99.435
18.556;97.995;94.497;99.435
18.557;97.994;94.495;99.434
18.557;97.993;94.493;99.434
18.558;97.992;94.491;99.434
18.559;97.991;94.490;99.433
18.560;97.991;94.488;99.433
18.561;97.990;94.486;99.433
18.562;97.989;94.484;99.433
18.562;97.988;94.483;99.432
18.563;97.987;94.481;99.432
18.564;97.986;94.479;99.432
18.565;97.986;94.478;99.432
18.566;97.985;94.476;99.431
18.567;97.984;94.474;99.431
18.568;97.983;94.473;99.431
18.568;97.982;94.471;99.431
18.569;97.981;94.469;99.430
18.570;97.980;94.468;99.430
18.571;97.979;94.466;99.430
18.572;97.978;94.464;99.430
18.572;97.977;94.463;99.429
18.573;97.976;94.461;99.429
18.574;97.975;94.460;99.429
18.575;97.973;94.458;99.428
18.576;97.972;94.457;99.428
18.577;97.971;94.455;99.428
18.578;97.970;94.454;99.428
18.578;97.969;94.452;99.427
18.579;97.968;94.450;99.427
18.580;97.968;94.449;99.427
18.581;97.967;94.447;99.427
18.582;97.966;94.446;99.427
18.583;97.965;94.444;99.427
18.583;97.964;94.443;99.427
18.584;97.963;94.442;99.426
18.585;97.962;94.440;99.426
18.586;97.962;94.439;99.425
18.587;97.961;94.437;99.425
18.587;97.960;94.436;99.425
18.588;97.959;94.434;99.424
18.589;97.959;94.434;99.424
18.590;97.958;94.433;99.424
18.591;97.957;94.433;99.424
18.592;97.956;94.433;99.423
18.593;97.956;94.432;99.423
18.593;97.955;94.432;99.423
18.594;97.954;94.432;99.423
18.595;97.953;94.431;99.422
18.596;97.952;94.431;99.422
18.597;97.951;94.431;99.422
18.598;97.951;94.430;99.422
18.598;97.950;94.430;99.421
18.599;97.949;94.430;99.421
18.600;97.948;94.429;99.421
18.601;97.947;94.429;99.421
18.602;97.946;94.429;99.420
18.602;97.945;94.428;99.420
18.603;97.944;94.428;99.420
18.604;97.943;94.428;99.420
18.605;97.942;94.428;99.420
18.606;97.941;94.427;99.419
18.607;97.940;94.427;99.419
18.608;97.940;94.427;99.419
18.608;97.939;94.426;99.419
18.609;97.938;94.426;99.418
18.610;97.937;94.426;99.418
18.611;97.936;94.426;99.418
18.612;97.936;94.425;99.418
18.613;97.935;94.425;99.417
18.613;97.934;94.425;99.417
18.614;97.933;94.424;99.417
18.615;97.933;94.424;99.417
18.616;97.932;94.424;99.416
18.617;97.931;94.422;99.416
18.617;97.930;94.419;99.416
18.618;97.930;94.416;99.416
18.619;97.929;94.414;99.416
18.620;97.929;94.411;99.415
18.621;97.928;94.408;99.415
18.622;97.927;94.406;99.415
18.623;97.927;94.403;99.415
18.623;97.926;94.400;99.414
18.624;97.926;94.398;99.414
18.625;97.925;94.395;99.414
18.626;97.924;94.392;99.414
18.627;97.924;94.390;99.413
18.627;97.923;94.387;99.413
18.628;97.923;94.385;99.413
18.629;97.922;94.382;99.413
18.630;97.922;94.380;99.413
18.631;97.921;94.377;99.412
18.632;97.920;94.374;99.412
18.633;97.920;94.373;99.412
18.633;97.920;94.372;99.412
18.634;97.919;94.371;99.411
18.635;97.919;94.370;99.411
18.636;97.919;94.369;99.411
18.637;97.918;94.368;99.411
18.637;97.918;94.367;99.411
18.638;97.917;94.366;99.410
18.639;97.917;94.366;99.410
18.640;97.916;94.365;99.410
18.641;97.916;94.364;99.410
18.642;97.915;94.363;99.409
18.642;97.915;94.362;99.409
18.643;97.915;94.362;99.409
18.644;97.914;94.361;99.409
18.645;97.914;94.360;99.409
18.646;97.913;94.359;99.408
18.647;97.913;94.359;99.408
18.648;97.913;94.358;99.408
18.648;97.912;94.357;99.408
18.649;97.912;94.357;99.408
18.650;97.912;94.356;99.407
18.651;97.911;94.355;99.407
18.652;97.911;94.355;99.407
18.652;97.910;94.354;99.407
18.653;97.910;94.353;99.406
18.654;97.909;94.353;99.406
18.655;97.909;94.352;99.406
18.656;97.908;94.351;99.406
18.657;97.908;94.351;99.406
18.657;97.907;94.350;99.405
18.658;97.907;94.350;99.405
18.659;97.907;94.349;99.405
18.660;97.906;94.349;99.405
18.661;97.906;94.348;99.405
18.662;97.905;94.347;99.404
18.663;97.905;94.347;99.404
18.663;97.904;94.346;99.404
18.664;97.904;94.346;99.404
18.665;97.904;94.345;99.404
18.666;97.903;94.345;99.403
18.667;97.903;94.345;99.403
18.667;97.902;94.344;99.403
18.668;97.901;94.344;99.403
18.669;97.901;94.343;99.403
18.670;97.900;94.343;99.402
18.671;97.899;94.342;99.402
18.672;97.899;94.342;99.402
18.672;97.898;94.342;99.402
18.673;97.898;94.341;99.402
18.674;97.897;94.341;99.401
18.675;97.896;94.340;99.401
18.676;97.896;94.340;99.401
18.677;97.895;94.340;99.401
18.678;97.895;94.339;99.401
18.678;97.894;94.339;99.400
18.679;97.893;94.339;99.400
18.680;97.893;94.339;99.400
18.681;97.892;94.338;99.400
18.682;97.892;94.338;99.400
18.682;97.891;94.338;99.400
18.683;97.891;94.337;99.399
18.684;97.890;94.337;99.399
18.685;97.889;94.337;99.399
18.686;97.889;94.337;99.399
18.687;97.888;94.337;99.399
18.688;97.888;94.336;99.398
18.688;97.888;94.336;99.398
18.689;97.887;94.336;99.398
18.690;97.887;94.336;99.398
18.691;97.886;94.336;99.398
18.692;97.886;94.336;99.398
18.693;97.886;94.335;99.397
18.693;97.885;94.335;99.397
18.694;97.885;94.335;99.397
18.695;97.884;94.335;99.397
18.696;97.884;94.335;99.397
18.697;97.884;94.335;99.396
18.697;97.883;94.335;99.396
18.698;97.883;94.334;99.396
18.699;97.883;94.333;99.396
18.700;97.882;94.332;99.396
18.701;97.882;94.331;99.396
18.702;97.882;94.330;99.395
18.703;97.881;94.329;99.395
18.703;97.881;94.328;99.395
18.704;97.881;94.328;99.395
18.705;97.880;94.327;99.395
18.706;97.880;94.326;99.395
18.707;97.880;94.325;99.394
18.708;97.880;94.324;99.394
18.708;97.880;94.323;99.394
18.709;97.880;94.323;99.394
18.710;97.880;94.322;99.394
18.711;97.880;94.321;99.394
18.712;97.880;94.320;99.393
18.712;97.880;94.319;99.393
18.713;97.880;94.319;99.393
18.714;97.880;94.318;99.393
18.715;97.880;94.318;99.393
18.716;97.880;94.318;99.393
18.717;97.880;94.317;99.393
18.718;97.880;94.317;99.392
18.718;97.880;94.317;99.392
18.719;97.880;94.317;99.392
18.720;97.880;94.317;99.392
18.721;97.880;94.317;99.392
18.722;97.880;94.317;99.392
18.723;97.880;94.317;99.391
18.723;97.880;94.317;99.391
18.724;97.880;94.317;99.391
18.725;97.880;94.317;99.391
18.726;97.879;94.317;99.391
18.727;97.879;94.317;99.391
18.727;97.879;94.317;99.391
18.728;97.879;94.317;99.390
18.729;97.878;94.316;99.390
18.730;97.878;94.316;99.390
18.731;97.878;94.316;99.390
18.732;97.878;94.317;99.390
18.733;97.877;94.317;99.390
18.733;97.876;94.317;99.390
18.734;97.876;94.317;99.390
18.735;97.875;94.317;99.390
18.736;97.875;94.317;99.390
18.737;97.874;94.317;99.390
18.738;97.873;94.317;99.390
18.738;97.873;94.317;99.390
18.739;97.872;94.317;99.390
18.740;97.872;94.317;99.390
18.741;97.871;94.317;99.390
18.742;97.871;94.317;99.389
18.742;97.870;94.317;99.389
18.743;97.869;94.317;99.389
18.744;97.869;94.318;99.389
18.745;97.868;94.318;99.389
18.746;97.868;94.318;99.389
18.747;97.867;94.318;99.389
18.748;97.867;94.318;99.389
18.748;97.867;94.318;99.389
18.749;97.867;94.319;99.389
18.750;97.867;94.319;99.389
18.751;97.866;94.319;99.389
18.752;97.866;94.319;99.389
18.752;97.866;94.319;99.389
18.753;97.866;94.320;99.389
18.754;97.866;94.320;99.389
18.755;97.866;94.320;99.389
18.756;97.865;94.320;99.389
18.757;97.865;94.320;99.389
18.758;97.865;94.321;99.389
18.758;97.865;94.321;99.388
18.759;97.865;94.321;99.388
18.760;97.865;94.322;99.388
18.761;97.865;94.322;99.388
18.762;97.865;94.322;99.388
18.762;97.864;94.322;99.388
18.763;97.864;94.323;99.388
18.764;97.864;94.323;99.388
18.765;97.864;94.323;99.388
18.766;97.864;94.324;99.388
18.767;97.864;94.324;99.388
18.767;97.864;94.325;99.388
18.768;97.864;94.325;99.388
18.769;97.864;94.325;99.388
18.770;97.864;94.326;99.388
18.771;97.864;94.326;99.388
18.772;97.864;94.326;99.388
18.773;97.863;94.327;99.388
18.773;97.863;94.327;99.388
18.774;97.863;94.328;99.388
18.775;97.863;94.328;99.388
18.776;97.863;94.329;99.388
18.777;97.863;94.329;99.388
18.777;97.863;94.330;99.388
18.778;97.863;94.330;99.388
18.779;97.863;94.331;99.388
18.780;97.863;94.331;99.388
18.781;97.863;94.332;99.388
18.782;97.863;94.332;99.388
18.782;97.863;94.333;99.388
18.783;97.863;94.333;99.388
18.784;97.863;94.334;99.388
18.785;97.863;94.334;99.388
18.786;97.863;94.335;99.388
18.787;97.863;94.335;99.388
18.788;97.863;94.336;99.388
18.788;97.864;94.336;99.388
18.789;97.864;94.337;99.388
18.790;97.864;94.338;99.388
18.791;97.864;94.338;99.388
18.792;97.864;94.339;99.388
18.792;97.864;94.340;99.388
18.793;97.865;94.340;99.388
18.794;97.865;94.341;99.388
18.795;97.865;94.341;99.388
18.796;97.865;94.342;99.388
18.797;97.865;94.343;99.388
18.797;97.865;94.344;99.388
18.798;97.865;94.344;99.388
18.799;97.865;94.345;99.388
18.800;97.865;94.346;99.388
18.801;97.866;94.346;99.388
18.802;97.866;94.347;99.388
18.803;97.866;94.348;99.388
18.803;97.866;94.349;99.388
18.804;97.867;94.349;99.389
18.805;97.867;94.350;99.389
18.806;97.867;94.351;99.389
18.807;97.868;94.352;99.389
18.807;97.868;94.353;99.389
18.808;97.868;94.354;99.389
18.809;97.869;94.355;99.389
18.810;97.869;94.355;99.389
18.811;97.869;94.356;99.389
18.812;97.870;94.357;99.389
18.812;97.870;94.358;99.389
18.813;97.871;94.359;99.389
18.814;97.871;94.360;99.389
18.815;97.871;94.361;99.390
18.816;97.872;94.362;99.390
18.817;97.872;94.363;99.390
18.818;97.873;94.364;99.390
18.818;97.873;94.365;99.390
18.819;97.873;94.366;99.390
18.820;97.874;94.367;99.390
18.821;97.874;94.368;99.390
18.822;97.875;94.369;99.390
18.822;97.876;94.370;99.390
18.823;97.876;94.371;99.391
18.824;97.877;94.372;99.391
18.825;97.877;94.373;99.391
18.826;97.878;94.374;99.391
18.827;97.879;94.375;99.391
18.828;97.879;94.376;99.391
18.828;97.880;94.378;99.391
18.829;97.881;94.379;99.391
18.830;97.881;94.380;99.391
18.831;97.882;94.381;99.392
18.832;97.883;94.382;99.392
18.833;97.884;94.383;99.392
18.833;97.885;94.385;99.392
18.834;97.886;94.386;99.392
18.835;97.886;94.387;99.392
18.836;97.887;94.388;99.392
18.837;97.887;94.389;99.392
18.837;97.888;94.391;99.393
18.838;97.888;94.392;99.393
18.839;97.889;94.393;99.393
18.840;97.890;94.395;99.393
18.841;97.891;94.396;99.393
18.842;97.891;94.397;99.393
18.843;97.892;94.398;99.393
18.843;97.893;94.400;99.394
18.844;97.894;94.401;99.394
18.845;97.895;94.403;99.394
18.846;97.896;94.404;99.394
18.847;97.896;94.405;99.394
18.848;97.897;94.407;99.394
18.848;97.898;94.408;99.395
18.849;97.899;94.410;99.395
18.850;97.900;94.411;99.395
18.851;97.901;94.412;99.395
18.852;97.902;94.414;99.396
18.852;97.903;94.415;99.396
18.853;97.904;94.417;99.396
18.854;97.905;94.418;99.396
18.855;97.906;94.420;99.396
18.856;97.907;94.421;99.397
18.857;97.908;94.423;99.397
18.858;97.909;94.424;99.397
18.858;97.910;94.426;99.397
18.859;97.911;94.428;99.398
18.860;97.912;94.430;99.398
18.861;97.913;94.433;99.398
18.862;97.915;94.436;99.399
18.863;97.916;94.439;99.399
18.863;97.917;94.442;99.399
18.864;97.918;94.445;99.399
18.865;97.919;94.448;99.400
18.866;97.920;94.451;99.400
18.867;97.921;94.454;99.400
18.867;97.923;94.456;99.401
18.868;97.924;94.458;99.401
18.869;97.925;94.459;99.401
18.870;97.926;94.460;99.401
18.871;97.927;94.462;99.402
18.872;97.929;94.463;99.402
18.873;97.929;94.464;99.402
18.873;97.930;94.466;99.403
18.874;97.931;94.467;99.403
18.875;97.932;94.468;99.403
18.876;97.932;94.470;99.404
18.877;97.933;94.471;99.404
18.877;97.934;94.472;99.404
18.878;97.935;94.474;99.404
18.879;97.936;94.475;99.405
18.880;97.937;94.477;99.405
18.881;97.937;94.478;99.405
18.882;97.938;94.480;99.406
18.883;97.939;94.481;99.406
18.883;97.940;94.483;99.406
18.884;97.941;94.484;99.407
18.885;97.943;94.486;99.407
18.886;97.944;94.487;99.408
18.887;97.945;94.489;99.408
18.887;97.946;94.490;99.408
18.888;97.947;94.492;99.409
18.889;97.948;94.494;99.409
18.890;97.948;94.495;99.409
18.891;97.949;94.497;99.409
18.892;97.950;94.498;99.410
18.892;97.950;94.500;99.410
18.893;97.951;94.502;99.410
18.894;97.952;94.504;99.410
18.895;97.953;94.506;99.411
18.896;97.954;94.508;99.411
18.897;97.954;94.510;99.411
18.898;97.955;94.513;99.412
18.898;97.956;94.515;99.412
18.899;97.957;94.517;99.412
18.900;97.958;94.519;99.412
18.901;97.959;94.521;99.413
18.902;97.960;94.524;99.413
18.902;97.961;94.526;99.413
18.903;97.962;94.528;99.414
18.904;97.962;94.530;99.414
18.905;97.963;94.533;99.414
18.906;97.964;94.535;99.415
18.907;97.964;94.537;99.415
18.907;97.965;94.540;99.415
18.908;97.966;94.542;99.416
18.909;97.967;94.544;99.416
18.910;97.967;94.547;99.416
18.911;97.968;94.549;99.417
18.912;97.969;94.551;99.417
18.913;97.970;94.554;99.417
18.913;97.970;94.556;99.418
18.914;97.971;94.559;99.418
18.915;97.972;94.560;99.418
18.916;97.973;94.561;99.419
18.917;97.973;94.563;99.419
18.917;97.974;94.564;99.419
18.918;97.975;94.565;99.420
18.919;97.976;94.567;99.420
18.920;97.977;94.568;99.421
18.921;97.977;94.569;99.421
18.922;97.978;94.570;99.421
18.922;97.979;94.572;99.422
18.923;97.981;94.573;99.422
18.924;97.983;94.574;99.422
18.925;97.984;94.576;99.423
18.926;97.986;94.577;99.423
18.927;97.988;94.579;99.424
18.928;97.990;94.581;99.424
18.928;97.992;94.583;99.424
18.929;97.994;94.585;99.425
18.930;97.997;94.588;99.425
18.931;97.999;94.590;99.426
18.932;98.001;94.592;99.426
18.932;98.004;94.594;99.426
18.933;98.006;94.597;99.427
18.934;98.009;94.599;99.427
18.935;98.011;94.601;99.428
18.936;98.013;94.604;99.428
18.937;98.015;94.606;99.429
18.938;98.016;94.608;99.429
18.938;98.018;94.611;99.429
18.939;98.019;94.613;99.430
18.940;98.021;94.616;99.430
18.941;98.023;94.618;99.431
18.942;98.024;94.621;99.431
18.943;98.027;94.623;99.432
18.943;98.030;94.626;99.432
18.944;98.032;94.628;99.433
18.945;98.033;94.631;99.433
18.946;98.035;94.633;99.434
18.947;98.037;94.636;99.434
18.947;98.040;94.638;99.435
18.948;98.043;94.641;99.435
18.949;98.046;94.644;99.436
18.950;98.049;94.646;99.436
18.951;98.052;94.649;99.437
18.952;98.054;94.652;99.437
18.953;98.056;94.655;99.438
18.953;98.058;94.658;99.438
18.954;98.060;94.660;99.439
18.955;98.062;94.663;99.439
18.956;98.065;94.669;99.440
18.957;98.067;94.676;99.440
18.958;98.069;94.683;99.441
18.958;98.071;94.689;99.441
18.959;98.073;94.696;99.442
18.960;98.075;94.703;99.442
18.961;98.077;94.710;99.443
18.962;98.079;94.717;99.443
18.962;98.081;94.723;99.444
18.963;98.083;94.730;99.445
18.964;98.086;94.737;99.445
18.965;98.089;94.740;99.446
18.966;98.092;94.744;99.446
18.967;98.095;94.748;99.447
18.968;98.097;94.751;99.447
18.968;98.100;94.755;99.448
18.969;98.102;94.758;99.449
18.970;98.104;94.762;99.449
18.971;98.106;94.766;99.450
18.972;98.108;94.769;99.450
18.973;98.110;94.773;99.451
18.973;98.112;94.777;99.451
18.974;98.113;94.780;99.452
18.975;98.115;94.784;99.453
18.976;98.117;94.788;99.453
18.977;98.119;94.792;99.454
18.977;98.121;94.796;99.455
18.978;98.124;94.799;99.455
18.979;98.127;94.803;99.456
18.980;98.129;94.807;99.456
18.981;98.131;94.811;99.457
18.982;98.132;94.815;99.458
18.983;98.134;94.819;99.458
18.983;98.136;94.823;99.459
18.984;98.137;94.827;99.460
18.985;98.139;94.831;99.460
18.986;98.140;94.835;99.461
18.987;98.144;94.839;99.462
18.988;98.148;94.843;99.462
18.988;98.151;94.848;99.463
18.989;98.154;94.852;99.464
18.990;98.157;94.856;99.464
18.991;98.159;94.860;99.465
18.992;98.162;94.865;99.466
18.992;98.165;94.869;99.466
18.993;98.168;94.873;99.467
18.994;98.171;94.878;99.468
18.995;98.174;94.882;99.468
18.996;98.177;94.886;99.469
18.997;98.179;94.894;99.470
18.998;98.183;94.903;99.471
18.998;98.188;94.911;99.471
18.999;98.191;94.920;99.472
19.000;98.194;94.929;99.473
19.001;98.198;94.938;99.473
19.002;98.203;94.947;99.474
19.002;98.207;94.956;99.475
19.003;98.212;94.964;99.476
19.004;98.215;94.973;99.476
19.005;98.218;94.981;99.477
19.006;98.221;94.989;99.478
19.007;98.224;94.997;99.478
19.008;98.228;95.004;99.479
19.008;98.231;95.012;99.479
19.009;98.234;95.019;99.480
19.010;98.236;95.026;99.480
19.011;98.237;95.033;99.481
19.012;98.238;95.039;99.482
19.012;98.240;95.045;99.482
19.013;98.241;95.052;99.483
19.014;98.242;95.057;99.484
19.015;98.243;95.063;99.484
19.016;98.244;95.069;99.485
19.017;98.246;95.074;99.485
19.017;98.247;95.079;99.486
19.018;98.248;95.084;99.486
19.019;98.249;95.088;99.487
19.020;98.250;95.093;99.487
19.021;98.251;95.097;99.488
19.022;98.252;95.101;99.488
19.023;98.254;95.105;99.488
19.023;98.255;95.109;99.489
19.024;98.257;95.113;99.489
19.025;98.259;95.117;99.490
19.026;98.260;95.120;99.490
19.027;98.261;95.123;99.490
19.027;98.262;95.126;99.490
19.028;98.264;95.129;99.491
19.029;98.265;95.132;99.491
19.030;98.266;95.135;99.491
19.031;98.267;95.137;99.491
19.032;98.268;95.140;99.492
19.032;98.268;95.142;99.492
19.033;98.269;95.144;99.492
19.034;98.269;95.146;99.492
19.035;98.270;95.148;99.492
19.036;98.270;95.150;99.492
19.037;98.270;95.152;99.493
19.038;98.270;95.153;99.493
19.038;98.271;95.155;99.493
19.039;98.271;95.156;99.493
19.040;98.271;95.158;99.493
19.041;98.271;95.159;99.493
19.042;98.272;95.160;99.493
19.042;98.272;95.161;99.493
19.043;98.272;95.162;99.493
19.044;98.272;95.163;99.493
19.045;98.273;95.163;99.493
19.046;98.275;95.164;99.493
19.047;98.276;95.165;99.493
19.047;98.277;95.165;99.493
19.048;98.278;95.166;99.493
19.049;98.278;95.166;99.493
19.050;98.278;95.166;99.493
19.051;98.277;95.166;99.493
19.052;98.277;95.166;99.493
19.053;98.276;95.166;99.493
19.053;98.275;95.166;99.493
19.054;98.276;95.166;99.493
19.055;98.276;95.166;99.493
19.056;98.277;95.166;99.493
19.057;98.277;95.166;99.493
19.057;98.278;95.165;99.493
19.058;98.278;95.165;99.493
19.059;98.279;95.164;99.493
19.060;98.279;95.164;99.493
19.061;98.280;95.163;99.493
19.062;98.279;95.163;99.492
19.062;98.279;95.162;99.492
19.063;98.278;95.161;99.492
19.064;98.278;95.160;99.492
19.065;98.277;95.160;99.492
19.066;98.276;95.159;99.492
19.067;98.275;95.158;99.492
19.068;98.274;95.157;99.492
19.068;98.274;95.156;99.491
19.069;98.274;95.155;99.491
19.070;98.274;95.154;99.491
19.071;98.274;95.152;99.491
19.072;98.273;95.151;99.491
19.072;98.273;95.150;99.491
19.073;98.273;95.149;99.490
19.074;98.273;95.147;99.490
19.075;98.273;95.146;99.490
19.076;98.273;95.144;99.490
19.077;98.273;95.143;99.490
19.078;98.272;95.141;99.489
19.078;98.272;95.140;99.489
19.079;98.272;95.138;99.489
19.080;98.272;95.137;99.489
19.081;98.271;95.135;99.489
19.082;98.271;95.133;99.488
19.083;98.270;95.131;99.488
19.083;98.270;95.130;99.488
19.084;98.269;95.128;99.488
19.085;98.269;95.126;99.487
19.086;98.269;95.124;99.487
19.087;98.268;95.122;99.487
19.087;98.268;95.120;99.487
19.088;98.267;95.118;99.486
19.089;98.267;95.116;99.486
19.090;98.266;95.114;99.486
19.091;98.265;95.112;99.486
19.092;98.265;95.110;99.485
19.093;98.264;95.107;99.485
19.093;98.264;95.105;99.485
19.094;98.263;95.103;99.485
19.095;98.263;95.101;99.484
19.096;98.262;95.098;99.484
19.097;98.262;95.096;99.484
19.098;98.261;95.094;99.484
19.098;98.260;95.092;99.483
19.099;98.260;95.091;99.483
19.100;98.259;95.091;99.483
19.101;98.258;95.090;99.482
19.102;98.257;95.090;99.482
19.102;98.257;95.089;99.482
19.103;98.257;95.088;99.482
19.104;98.256;95.087;99.481
19.105;98.255;95.086;99.481
19.106;98.254;95.086;99.481
19.107;98.253;95.085;99.480
19.108;98.252;95.084;99.480
19.108;98.251;95.082;99.480
19.109;98.251;95.081;99.479
19.110;98.250;95.080;99.479
19.111;98.250;95.079;99.479
19.112;98.250;95.078;99.479
19.113;98.249;95.077;99.478
19.113;98.249;95.075;99.478
19.114;98.248;95.074;99.478
19.115;98.248;95.073;99.477
19.116;98.247;95.071;99.477
19.117;98.246;95.070;99.477
19.117;98.245;95.068;99.476
19.118;98.243;95.066;99.476
19.119;98.242;95.065;99.476
19.120;98.241;95.063;99.475
19.121;98.240;95.061;99.475
19.122;98.239;95.060;99.475
19.123;98.238;95.058;99.474
19.123;98.237;95.056;99.474
19.124;98.237;95.054;99.474
19.125;98.236;95.052;99.473
19.126;98.235;95.050;99.473
19.127;98.235;95.048;99.472
19.127;98.234;95.046;99.472
19.128;98.233;95.044;99.472
19.129;98.232;95.042;99.471
19.130;98.232;95.040;99.471
19.131;98.231;95.037;99.471
19.132;98.230;95.035;99.471
19.133;98.230;95.034;99.470
19.133;98.229;95.032;99.470
19.134;98.228;95.031;99.469
19.135;98.227;95.030;99.469
19.136;98.226;95.029;99.469
19.137;98.224;95.028;99.468
19.137;98.223;95.026;99.468
19.138;98.221;95.025;99.467
19.139;98.220;95.024;99.467
19.140;98.218;95.023;99.467
19.141;98.217;95.021;99.466
19.142;98.216;95.020;99.466
19.142;98.215;95.018;99.466
19.143;98.214;95.017;99.465
19.144;98.213;95.016;99.465
19.145;98.212;95.014;99.464
19.146;98.210;95.013;99.464
19.147;98.209;95.011;99.464
19.148;98.208;95.010;99.463
19.148;98.207;95.008;99.463
19.149;98.207;95.006;99.462
19.150;98.206;95.005;99.462
19.151;98.205;95.003;99.462
19.152;98.204;95.002;99.461
19.152;98.203;95.000;99.461
19.153;98.202;94.998;99.460
19.154;98.201;94.997;99.460
19.155;98.199;94.995;99.460
19.156;98.198;94.993;99.459
19.157;98.196;94.992;99.459
19.157;98.195;94.990;99.458
19.158;98.193;94.988;99.458
19.159;98.192;94.986;99.458
19.160;98.191;94.984;99.457
19.161;98.189;94.982;99.457
19.162;98.188;94.981;99.456
19.163;98.186;94.979;99.456
19.163;98.185;94.977;99.456
19.164;98.185;94.975;99.455
19.165;98.184;94.973;99.455
19.166;98.183;94.971;99.454
19.167;98.182;94.969;99.454
19.167;98.181;94.967;99.453
19.168;98.180;94.965;99.453
19.169;98.179;94.963;99.453
19.170;98.178;94.961;99.452
19.171;98.176;94.959;99.452
19.172;98.174;94.957;99.451
19.172;98.172;94.955;99.451
19.173;98.171;94.953;99.450
19.174;98.170;94.950;99.450
19.175;98.169;94.948;99.450
19.176;98.168;94.946;99.449
19.177;98.167;94.944;99.449
19.178;98.165;94.942;99.448
19.178;98.164;94.940;99.448
19.179;98.163;94.938;99.447
19.180;98.161;94.935;99.447
19.181;98.160;94.933;99.447
19.182;98.158;94.931;99.446
19.182;98.156;94.929;99.446
19.183;98.155;94.927;99.445
19.184;98.153;94.924;99.445
19.185;98.152;94.922;99.444
19.186;98.150;94.920;99.444
19.187;98.148;94.917;99.443
19.188;98.147;94.915;99.443
19.188;98.145;94.913;99.442
19.189;98.144;94.910;99.442
19.190;98.143;94.908;99.442
19.191;98.141;94.906;99.441
19.192;98.140;94.903;99.441
19.193;98.139;94.901;99.440
19.193;98.138;94.898;99.440
19.194;98.136;94.896;99.439
19.195;98.135;94.894;99.439
19.196;98.134;94.891;99.438
19.197;98.133;94.889;99.438
19.197;98.132;94.886;99.437
19.198;98.131;94.884;99.437
19.199;98.129;94.881;99.436
19.200;98.128;94.879;99.436
19.201;98.127;94.876;99.435
19.202;98.126;94.873;99.435
19.203;98.125;94.871;99.435
19.203;98.123;94.868;99.434
19.204;98.122;94.866;99.434
19.205;98.121;94.863;99.433
19.206;98.120;94.860;99.433
19.207;98.119;94.858;99.432
19.208;98.117;94.855;99.432
19.208;98.116;94.852;99.431
19.209;98.115;94.850;99.431
19.210;98.114;94.847;99.430
19.211;98.113;94.844;99.430
19.212;98.111;94.841;99.429
19.212;98.109;94.839;99.429
19.213;98.108;94.836;99.428
19.214;98.106;94.833;99.428
19.215;98.105;94.830;99.427
19.216;98.104;94.827;99.427
19.217;98.102;94.825;99.426
19.218;98.101;94.822;99.426
19.218;98.100;94.819;99.425
19.219;98.098;94.816;99.425
19.220;98.097;94.813;99.424
19.221;98.096;94.810;99.424
19.222;98.094;94.807;99.423
19.223;98.093;94.805;99.423
19.223;98.092;94.802;99.422
19.224;98.090;94.799;99.422
19.225;98.089;94.796;99.421
19.226;98.088;94.793;99.421
19.227;98.086;94.790;99.420
19.227;98.085;94.787;99.420
19.228;98.084;94.784;99.419
19.229;98.082;94.781;99.419
19.230;98.081;94.778;99.418
19.231;98.080;94.776;99.418
19.232;98.078;94.774;99.417
19.233;98.077;94.773;99.417
19.233;98.076;94.771;99.416
19.234;98.074;94.769;99.416
19.235;98.073;94.768;99.415
19.236;98.071;94.766;99.414
19.237;98.070;94.764;99.414
19.238;98.068;94.763;99.413
19.238;98.067;94.761;99.413
19.239;98.065;94.759;99.412
19.240;98.064;94.758;99.412
19.241;98.063;94.756;99.411
19.242;98.061;94.754;99.411
19.242;98.060;94.753;99.410
19.243;98.059;94.751;99.410
19.244;98.058;94.749;99.409
19.245;98.056;94.747;99.409
19.246;98.054;94.746;99.408
19.247;98.053;94.744;99.408
19.248;98.051;94.742;99.407
19.248;98.049;94.740;99.406
19.249;98.048;94.739;99.406
19.250;98.046;94.737;99.405
19.251;98.044;94.735;99.405
19.252;98.043;94.733;99.404
19.252;98.041;94.732;99.404
19.253;98.039;94.730;99.403
19.254;98.038;94.728;99.403
19.255;98.036;94.726;99.402
19.256;98.035;94.724;99.402
19.257;98.034;94.723;99.401
19.258;98.033;94.721;99.400
19.258;98.031;94.719;99.400
19.259;98.030;94.717;99.399
19.260;98.029;94.715;99.399
19.261;98.027;94.713;99.398
19.262;98.026;94.712;99.398
19.262;98.024;94.710;99.397
19.263;98.022;94.708;99.396
19.264;98.020;94.706;99.396
19.265;98.019;94.704;99.395
19.266;98.018;94.702;99.395
19.267;98.016;94.700;99.394
19.267;98.014;94.698;99.394
19.268;98.013;94.696;99.393
19.269;98.011;94.695;99.393
19.270;98.010;94.693;99.392
19.271;98.008;94.691;99.391
19.272;98.007;94.689;99.391
19.273;98.006;94.687;99.390
19.273;98.004;94.685;99.390
19.274;98.003;94.683;99.389
19.275;98.002;94.681;99.388
19.276;98.000;94.679;99.388
19.277;97.999;94.677;99.387
19.277;97.998;94.675;99.387
19.278;97.997;94.673;99.386
19.279;97.996;94.671;99.386
19.280;97.995;94.669;99.385
19.281;97.993;94.667;99.384
19.282;97.992;94.665;99.384
19.282;97.991;94.663;99.383
19.283;97.990;94.661;99.383
19.284;97.988;94.659;99.382
19.285;97.987;94.657;99.381
19.286;97.986;94.655;99.381
19.287;97.984;94.653;99.380
19.288;97.983;94.651;99.380
19.288;97.982;94.649;99.379
19.289;97.980;94.647;99.379
19.290;97.979;94.645;99.378
19.291;97.978;94.643;99.378
19.292;97.977;94.641;99.378
19.292;97.975;94.639;99.377
19.293;97.973;94.637;99.377
19.294;97.971;94.635;99.377
19.295;97.969;94.633;99.376
19.296;97.967;94.631;99.376
19.297;97.965;94.629;99.375
19.297;97.963;94.627;99.375
19.298;97.961;94.625;99.375
19.299;97.959;94.623;99.374
19.300;97.957;94.621;99.374
19.301;97.956;94.619;99.374
19.302;97.955;94.616;99.373
19.303;97.953;94.614;99.373
19.303;97.952;94.612;99.373
19.304;97.951;94.610;99.372
19.305;97.949;94.608;99.372
19.306;97.948;94.606;99.371
19.307;97.947;94.603;99.371
19.307;97.945;94.599;99.371
19.308;97.944;94.595;99.370
19.309;97.942;94.591;99.370
19.310;97.941;94.586;99.370
19.311;97.939;94.582;99.369
19.312;97.937;94.578;99.369
19.312;97.935;94.574;99.369
19.313;97.934;94.570;99.368
19.314;97.932;94.566;99.368
19.315;97.930;94.562;99.368
19.316;97.929;94.558;99.367
19.317;97.927;94.554;99.367
19.318;97.925;94.550;99.367
19.318;97.924;94.545;99.366
19.319;97.922;94.541;99.366
19.320;97.920;94.537;99.366
19.321;97.919;94.533;99.366
19.322;97.917;94.529;99.365
19.322;97.915;94.525;99.365
19.323;97.913;94.521;99.364
19.324;97.912;94.516;99.363
19.325;97.910;94.512;99.363
19.326;97.908;94.508;99.362
19.327;97.906;94.504;99.362
19.328;97.904;94.500;99.362
19.328;97.903;94.496;99.361
19.329;97.901;94.492;99.361
19.330;97.899;94.487;99.360
19.331;97.897;94.483;99.360
19.332;97.895;94.479;99.360
19.333;97.893;94.475;99.359
19.333;97.892;94.471;99.359
19.334;97.890;94.467;99.359
19.335;97.889;94.462;99.358
19.336;97.888;94.458;99.358
19.337;97.886;94.454;99.357
19.337;97.885;94.450;99.357
19.338;97.884;94.446;99.357
19.339;97.882;94.441;99.356
19.340;97.881;94.437;99.356
19.341;97.880;94.433;99.355
19.342;97.878;94.429;99.355
19.343;97.877;94.425;99.355
19.343;97.875;94.420;99.354
19.344;97.874;94.416;99.354
19.345;97.872;94.412;99.353
19.346;97.871;94.408;99.353
19.347;97.869;94.404;99.353
19.348;97.867;94.399;99.352
19.348;97.866;94.396;99.352
19.349;97.864;94.395;99.351
19.350;97.863;94.393;99.351
19.351;97.861;94.392;99.351
19.352;97.859;94.390;99.350
19.352;97.858;94.389;99.350
19.353;97.856;94.388;99.349
19.354;97.855;94.386;99.349
19.355;97.853;94.385;99.349
19.356;97.851;94.383;99.348
19.357;97.849;94.382;99.347
19.358;97.848;94.381;99.347
19.358;97.846;94.379;99.346
19.359;97.844;94.378;99.345
19.360;97.842;94.376;99.344
19.361;97.841;94.375;99.344
19.362;97.839;94.374;99.343
19.363;97.837;94.372;99.342
19.363;97.834;94.371;99.342
19.364;97.832;94.370;99.341
19.365;97.830;94.368;99.340
19.366;97.828;94.367;99.340
19.367;97.826;94.365;99.339
19.367;97.824;94.364;99.338
19.368;97.822;94.363;99.338
19.369;97.820;94.361;99.337
19.370;97.818;94.360;99.336
19.371;97.816;94.359;99.336
19.372;97.814;94.357;99.335
19.373;97.813;94.356;99.334
19.373;97.811;94.355;99.333
19.374;97.810;94.353;99.333
19.375;97.808;94.352;99.332
19.376;97.807;94.351;99.331
19.377;97.805;94.346;99.331
19.377;97.803;94.340;99.330
19.378;97.802;94.334;99.329
19.379;97.801;94.328;99.329
19.380;97.799;94.322;99.328
19.381;97.798;94.316;99.327
19.382;97.796;94.310;99.326
19.383;97.795;94.305;99.326
19.383;97.793;94.299;99.325
19.384;97.791;94.293;99.324
19.385;97.789;94.287;99.324
19.386;97.788;94.284;99.323
19.387;97.786;94.282;99.322
19.387;97.785;94.280;99.321
19.388;97.783;94.278;99.321
19.389;97.781;94.275;99.320
19.390;97.780;94.273;99.319
19.391;97.778;94.271;99.319
19.392;97.776;94.269;99.318
19.392;97.774;94.266;99.317
19.393;97.772;94.264;99.316
19.394;97.770;94.262;99.316
19.395;97.768;94.260;99.315
19.396;97.766;94.257;99.314
19.397;97.764;94.255;99.313
19.398;97.762;94.252;99.313
19.398;97.760;94.247;99.312
19.399;97.758;94.242;99.311
19.400;97.756;94.238;99.311
19.401;97.754;94.233;99.310
19.402;97.752;94.228;99.309
19.402;97.750;94.223;99.308
19.403;97.748;94.219;99.308
19.404;97.746;94.214;99.307
19.405;97.745;94.209;99.306
19.406;97.743;94.204;99.305
19.407;97.741;94.200;99.305
19.407;97.739;94.195;99.304
19.408;97.737;94.190;99.303
19.409;97.735;94.185;99.302
19.410;97.733;94.181;99.302
19.411;97.731;94.176;99.301
19.412;97.729;94.171;99.300
19.413;97.727;94.167;99.300
19.413;97.725;94.162;99.299
19.414;97.723;94.157;99.299
19.415;97.722;94.152;99.298
19.416;97.720;94.148;99.298
19.417;97.718;94.143;99.297
19.417;97.716;94.138;99.297
19.418;97.714;94.134;99.297
19.419;97.713;94.129;99.296
19.420;97.711;94.124;99.296
19.421;97.709;94.119;99.295
19.422;97.707;94.115;99.295
19.422;97.705;94.110;99.295
19.423;97.703;94.105;99.294
19.424;97.702;94.101;99.294
19.425;97.700;94.098;99.293
19.426;97.698;94.095;99.293
19.427;97.696;94.093;99.293
19.428;97.694;94.090;99.292
19.428;97.693;94.087;99.292
19.429;97.691;94.084;99.291
19.430;97.690;94.082;99.291
19.431;97.688;94.079;99.291
19.432;97.686;94.076;99.290
19.432;97.684;94.073;99.290
19.433;97.682;94.071;99.289
19.434;97.680;94.068;99.289
19.435;97.678;94.065;99.289
19.436;97.676;94.062;99.288
19.437;97.674;94.060;99.288
19.438;97.672;94.057;99.287
19.438;97.670;94.054;99.287
19.439;97.669;94.051;99.287
19.440;97.667;94.049;99.286
19.441;97.665;94.046;99.286
19.442;97.663;94.043;99.285
19.443;97.661;94.040;99.285
19.443;97.659;94.038;99.285
19.444;97.658;94.035;99.284
19.445;97.656;94.032;99.284
19.446;97.654;94.029;99.283
19.447;97.652;94.027;99.283
19.447;97.649;94.024;99.282
19.448;97.647;94.021;99.282
19.449;97.646;94.019;99.282
19.450;97.644;94.016;99.281
19.451;97.642;94.013;99.281
19.452;97.641;94.010;99.280
19.453;97.639;94.008;99.280
19.453;97.637;94.005;99.280
19.454;97.635;94.002;99.279
19.455;97.633;94.000;99.279
19.456;97.631;93.997;99.278
19.457;97.629;93.994;99.278
19.458;97.627;93.992;99.278
19.458;97.625;93.989;99.277
19.459;97.623;93.986;99.277
19.460;97.621;93.983;99.276
19.461;97.619;93.981;99.276
19.462;97.617;93.978;99.276
19.462;97.615;93.975;99.275
19.463;97.613;93.973;99.275
19.464;97.611;93.970;99.274
19.465;97.609;93.967;99.274
19.466;97.607;93.965;99.274
19.467;97.605;93.962;99.273
19.468;97.604;93.959;99.273
19.468;97.602;93.956;99.272
19.469;97.600;93.954;99.272
19.470;97.598;93.951;99.271
19.471;97.596;93.948;99.270
19.472;97.593;93.946;99.270
19.473;97.591;93.943;99.269
19.473;97.588;93.940;99.269
19.474;97.585;93.938;99.268
19.475;97.582;93.935;99.267
19.476;97.579;93.932;99.267
19.477;97.577;93.929;99.266
19.477;97.575;93.927;99.265
19.478;97.572;93.924;99.265
19.479;97.570;93.921;99.264
19.480;97.567;93.919;99.263
19.481;97.565;93.916;99.263
19.482;97.562;93.913;99.262
19.483;97.560;93.911;99.261
19.483;97.557;93.908;99.261
19.484;97.554;93.905;99.260
19.485;97.551;93.903;99.260
19.486;97.548;93.900;99.260
19.487;97.545;93.897;99.259
19.488;97.542;93.895;99.259
19.488;97.539;93.892;99.258
19.489;97.537;93.889;99.258
19.490;97.535;93.886;99.258
19.491;97.533;93.884;99.257
19.492;97.531;93.881;99.257
19.492;97.529;93.878;99.256
19.493;97.528;93.876;99.256
19.494;97.526;93.873;99.256
19.495;97.525;93.870;99.255
19.496;97.523;93.868;99.255
19.497;97.522;93.865;99.254
19.498;97.520;93.862;99.254
19.498;97.519;93.860;99.254
19.499;97.517;93.857;99.253
19.500;97.515;93.854;99.253
19.501;97.513;93.852;99.252
19.502;97.510;93.849;99.252
19.502;97.508;93.846;99.251
19.503;97.506;93.844;99.251
19.504;97.504;93.841;99.251
19.505;97.502;93.838;99.250
19.506;97.500;93.836;99.250
19.507;97.498;93.833;99.249
19.508;97.496;93.830;99.249
19.508;97.494;93.828;99.249
19.509;97.492;93.825;99.248
19.510;97.490;93.822;99.248
19.511;97.488;93.820;99.247
19.512;97.486;93.817;99.247
19.512;97.484;93.814;99.247
19.513;97.482;93.812;99.246
19.514;97.479;93.809;99.246
19.515;97.476;93.806;99.245
19.516;97.473;93.804;99.244
19.517;97.471;93.801;99.244
19.517;97.468;93.798;99.243
19.518;97.465;93.794;99.243
19.519;97.463;93.788;99.242
19.520;97.461;93.782;99.241
19.521;97.459;93.777;99.241
19.522;97.457;93.771;99.240
19.523;97.455;93.765;99.239
19.523;97.452;93.759;99.239
19.524;97.450;93.752;99.238
19.525;97.448;93.744;99.238
19.526;97.446;93.737;99.237
19.527;97.444;93.729;99.236
19.527;97.442;93.722;99.236
19.528;97.441;93.714;99.235
19.529;97.439;93.707;99.234
19.530;97.437;93.699;99.234
19.531;97.436;93.692;99.233
19.532;97.434;93.685;99.232
19.532;97.433;93.677;99.232
19.533;97.432;93.669;99.231
19.534;97.431;93.662;99.231
19.535;97.430;93.654;99.230
19.536;97.428;93.647;99.229
19.537;97.427;93.639;99.229
19.538;97.425;93.632;99.228
19.538;97.423;93.624;99.227
19.539;97.421;93.619;99.227
19.540;97.419;93.616;99.226
19.541;97.417;93.613;99.225
19.542;97.414;93.609;99.225
19.542;97.411;93.606;99.224
19.543;97.408;93.602;99.224
19.544;97.407;93.599;99.223
19.545;97.406;93.596;99.222
19.546;97.404;93.592;99.222
19.547;97.402;93.589;99.221
19.547;97.400;93.585;99.220
19.548;97.397;93.582;99.220
19.549;97.394;93.576;99.219
19.550;97.391;93.570;99.218
19.551;97.388;93.560;99.218
19.552;97.386;93.550;99.217
19.553;97.384;93.540;99.216
19.553;97.383;93.530;99.216
19.554;97.381;93.519;99.215
19.555;97.379;93.509;99.215
19.556;97.378;93.499;99.214
19.557;97.376;93.488;99.213
19.557;97.374;93.478;99.213
19.558;97.373;93.468;99.212
19.559;97.371;93.457;99.211
19.560;97.370;93.447;99.211
19.561;97.369;93.437;99.210
19.562;97.367;93.426;99.209
19.562;97.366;93.416;99.209
19.563;97.364;93.405;99.208
19.564;97.362;93.395;99.207
19.565;97.361;93.384;99.207
19.566;97.359;93.374;99.206
19.567;97.357;93.363;99.205
19.568;97.355;93.353;99.205
19.568;97.353;93.342;99.204
19.569;97.351;93.333;99.203
19.570;97.349;93.325;99.202
19.571;97.347;93.317;99.201
19.572;97.345;93.313;99.200
19.572;97.343;93.308;99.200
19.573;97.342;93.304;99.199
19.574;97.340;93.300;99.198
19.575;97.339;93.296;99.197
19.576;97.338;93.291;99.196
19.577;97.336;93.287;99.195
19.578;97.334;93.283;99.194
19.578;97.332;93.279;99.194
19.579;97.329;93.274;99.193
19.580;97.327;93.270;99.192
19.581;97.325;93.266;99.191
19.582;97.322;93.262;99.190
19.583;97.320;93.257;99.189
19.583;97.318;93.253;99.188
19.584;97.316;93.249;99.188
19.585;97.313;93.245;99.187
19.586;97.311;93.241;99.186
19.587;97.308;93.236;99.185
19.587;97.306;93.232;99.184
19.588;97.303;93.228;99.183
19.589;97.301;93.224;99.182
19.590;97.299;93.220;99.182
19.591;97.297;93.215;99.181
19.592;97.296;93.211;99.180
19.593;97.294;93.207;99.179
19.593;97.293;93.203;99.178
19.594;97.291;93.199;99.177
19.595;97.290;93.195;99.176
19.596;97.288;93.191;99.175
19.597;97.287;93.187;99.175
19.598;97.286;93.183;99.174
19.598;97.285;93.179;99.173
19.599;97.284;93.174;99.172
19.600;97.282;93.170;99.171
19.601;97.280;93.166;99.170
19.602;97.279;93.162;99.169
19.602;97.277;93.158;99.168
19.603;97.275;93.154;99.168
19.604;97.273;93.150;99.167
19.605;97.271;93.146;99.166
19.606;97.269;93.142;99.165
19.607;97.267;93.138;99.164
19.608;97.266;93.134;99.163
19.608;97.264;93.130;99.162
19.609;97.262;93.125;99.161
19.610;97.259;93.118;99.161
19.611;97.256;93.112;99.160
19.612;97.253;93.105;99.159
19.613;97.249;93.099;99.158
19.613;97.245;93.092;99.157
19.614;97.242;93.086;99.156
19.615;97.240;93.079;99.155
19.616;97.238;93.073;99.154
19.617;97.237;93.066;99.153
19.617;97.235;93.060;99.153
19.618;97.234;93.053;99.152
19.619;97.232;93.047;99.152
19.620;97.230;93.040;99.151
19.621;97.228;93.034;99.150
19.622;97.227;93.027;99.150
19.623;97.226;93.021;99.149
19.623;97.224;93.014;99.149
19.624;97.223;93.007;99.148
19.625;97.222;93.001;99.148
19.626;97.220;92.994;99.147
19.627;97.219;92.988;99.146
19.627;97.218;92.981;99.146
19.628;97.216;92.974;99.145
19.629;97.215;92.968;99.145
19.630;97.214;92.961;99.144
19.631;97.213;92.955;99.144
19.632;97.211;92.948;99.143
19.633;97.210;92.941;99.142
19.633;97.209;92.935;99.142
19.634;97.207;92.928;99.141
19.635;97.206;92.921;99.141
19.636;97.204;92.915;99.140
19.637;97.202;92.908;99.140
19.637;97.201;92.901;99.139
19.638;97.198;92.895;99.138
19.639;97.196;92.888;99.138
19.640;97.193;92.881;99.137
19.641;97.191;92.875;99.137
19.642;97.189;92.868;99.136
19.642;97.186;92.861;99.136
19.643;97.184;92.854;99.135
19.644;97.181;92.848;99.134
19.645;97.179;92.841;99.134
19.646;97.176;92.834;99.133
19.647;97.174;92.827;99.133
19.648;97.171;92.820;99.132
19.648;97.169;92.813;99.131
19.649;97.166;92.806;99.131
19.650;97.164;92.800;99.130
19.651;97.161;92.793;99.130
19.652;97.159;92.786;99.129
19.652;97.157;92.779;99.129
19.653;97.156;92.772;99.128
19.654;97.154;92.765;99.127
19.655;97.152;92.758;99.127
19.656;97.150;92.751;99.126
19.657;97.148;92.744;99.126
19.657;97.146;92.737;99.125
19.658;97.144;92.730;99.124
19.659;97.141;92.723;99.124
19.660;97.139;92.716;99.123
19.661;97.137;92.709;99.123
19.662;97.134;92.702;99.122
19.663;97.132;92.696;99.122
19.663;97.130;92.689;99.121
19.664;97.128;92.682;99.120
19.665;97.125;92.674;99.120
19.666;97.123;92.667;99.119
19.667;97.121;92.660;99.119
19.667;97.118;92.653;99.118
19.668;97.116;92.646;99.117
19.669;97.114;92.639;99.117
19.670;97.111;92.632;99.116
19.671;97.109;92.625;99.116
19.672;97.107;92.618;99.115
19.672;97.104;92.611;99.115
19.673;97.102;92.604;99.114
19.674;97.100;92.597;99.114
19.675;97.097;92.590;99.113
19.676;97.095;92.584;99.113
19.677;97.093;92.579;99.112
19.678;97.090;92.575;99.112
19.678;97.088;92.570;99.111
19.679;97.086;92.566;99.110
19.680;97.083;92.561;99.110
19.681;97.081;92.557;99.109
19.682;97.079;92.552;99.109
19.682;97.077;92.548;99.108
19.683;97.076;92.543;99.108
19.684;97.074;92.538;99.107
19.685;97.073;92.534;99.107
19.686;97.071;92.529;99.106
19.687;97.069;92.525;99.106
19.688;97.068;92.520;99.105
19.688;97.067;92.515;99.105
19.689;97.066;92.511;99.104
19.690;97.065;92.506;99.104
19.691;97.064;92.502;99.103
19.692;97.063;92.497;99.102
19.693;97.061;92.492;99.102
19.693;97.059;92.488;99.101
19.694;97.058;92.483;99.101
19.695;97.057;92.478;99.100
19.696;97.056;92.474;99.100
19.697;97.055;92.469;99.099
19.697;97.054;92.464;99.099
19.698;97.053;92.460;99.098
19.699;97.053;92.455;99.098
19.700;97.051;92.450;99.097
19.701;97.050;92.446;99.097
19.702;97.048;92.441;99.096
19.703;97.046;92.436;99.095
19.703;97.045;92.432;99.095
19.704;97.043;92.427;99.094
19.705;97.042;92.422;99.094
19.706;97.040;92.418;99.093
19.707;97.039;92.413;99.093
19.708;97.037;92.408;99.092
19.708;97.036;92.404;99.092
19.709;97.034;92.399;99.091
19.710;97.032;92.394;99.091
19.711;97.030;92.389;99.090
19.712;97.028;92.385;99.090
19.712;97.027;92.377;99.089
19.713;97.025;92.365;99.088
19.714;97.022;92.353;99.088
19.715;97.020;92.341;99.087
19.716;97.017;92.329;99.087
19.717;97.014;92.318;99.086
19.718;97.011;92.306;99.086
19.718;97.009;92.294;99.085
19.719;97.006;92.282;99.085
19.720;97.003;92.270;99.084
19.721;97.001;92.258;99.084
19.722;96.999;92.246;99.083
19.723;96.997;92.234;99.082
19.723;96.996;92.227;99.082
19.724;96.994;92.224;99.081
19.725;96.992;92.222;99.081
19.726;96.990;92.220;99.080
19.727;96.989;92.217;99.080
19.727;96.987;92.215;99.079
19.728;96.985;92.212;99.079
19.729;96.983;92.210;99.078
19.730;96.982;92.208;99.078
19.731;96.980;92.206;99.077
19.732;96.978;92.204;99.076
19.733;96.976;92.201;99.076
19.733;96.975;92.199;99.075
19.734;96.973;92.197;99.075
19.735;96.971;92.195;99.074
19.736;96.969;92.193;99.073
19.737;96.968;92.191;99.073
19.738;96.966;92.188;99.072
19.738;96.964;92.186;99.071
19.739;96.962;92.184;99.071
19.740;96.959;92.182;99.070
19.741;96.957;92.180;99.069
19.742;96.955;92.178;99.069
19.742;96.952;92.175;99.068
19.743;96.950;92.169;99.067
19.744;96.949;92.161;99.067
19.745;96.947;92.154;99.066
19.746;96.946;92.147;99.065
19.747;96.944;92.140;99.065
19.748;96.942;92.132;99.064
19.748;96.941;92.125;99.064
19.749;96.939;92.118;99.063
19.750;96.937;92.110;99.062
19.751;96.935;92.103;99.062
19.752;96.933;92.096;99.061
19.752;96.932;92.089;99.060
19.753;96.930;92.081;99.060
19.754;96.928;92.074;99.059
19.755;96.925;92.067;99.058
19.756;96.923;92.059;99.058
19.757;96.921;92.052;99.057
19.758;96.919;92.045;99.056
19.758;96.917;92.037;99.056
19.759;96.915;92.030;99.055
19.760;96.913;92.023;99.054
19.761;96.911;92.015;99.054
19.762;96.908;92.008;99.053
19.762;96.906;92.004;99.052
19.763;96.904;92.000;99.052
19.764;96.901;91.997;99.051
19.765;96.899;91.993;99.050
19.766;96.897;91.989;99.050
19.767;96.895;91.986;99.049
19.767;96.893;91.982;99.049
19.768;96.891;91.978;99.048
19.769;96.889;91.974;99.047
19.770;96.887;91.971;99.047
19.771;96.885;91.967;99.046
19.772;96.883;91.963;99.045
19.773;96.881;91.960;99.045
19.773;96.879;91.956;99.044
19.774;96.876;91.952;99.043
19.775;96.875;91.949;99.043
19.776;96.873;91.945;99.042
19.777;96.871;91.941;99.041
19.777;96.869;91.938;99.041
19.778;96.868;91.934;99.040
19.779;96.866;91.930;99.039
19.780;96.865;91.927;99.039
19.781;96.863;91.923;99.038
19.782;96.861;91.920;99.037
19.782;96.859;91.916;99.037
19.783;96.857;91.912;99.036
19.784;96.855;91.909;99.036
19.785;96.853;91.905;99.035
19.786;96.851;91.901;99.034
19.787;96.849;91.898;99.034
19.788;96.847;91.894;99.033
19.788;96.845;91.891;99.032
19.789;96.842;91.887;99.032
19.790;96.840;91.883;99.031
19.791;96.838;91.880;99.030
19.792;96.836;91.876;99.030
19.792;96.834;91.872;99.029
19.793;96.832;91.869;99.028
19.794;96.830;91.865;99.028
19.795;96.827;91.862;99.027
19.796;96.825;91.858;99.026
19.797;96.823;91.854;99.026
19.797;96.821;91.851;99.025
19.798;96.819;91.847;99.024
19.799;96.817;91.843;99.024
19.800;96.815;91.840;99.023
19.801;96.812;91.836;99.022
19.802;96.810;91.833;99.022
19.803;96.808;91.826;99.021
19.803;96.806;91.816;99.021
19.804;96.804;91.805;99.020
19.805;96.802;91.795;99.019
19.806;96.799;91.784;99.019
19.807;96.797;91.774;99.018
19.807;96.795;91.763;99.017
19.808;96.793;91.753;99.017
19.809;96.791;91.742;99.016
19.810;96.789;91.731;99.015
19.811;96.786;91.721;99.015
19.812;96.784;91.710;99.014
19.812;96.782;91.700;99.013
19.813;96.781;91.689;99.013
19.814;96.779;91.678;99.012
19.815;96.777;91.668;99.011
19.816;96.775;91.657;99.011
19.817;96.773;91.647;99.010
19.818;96.771;91.642;99.009
19.818;96.769;91.637;99.009
19.819;96.766;91.632;99.008
19.820;96.764;91.627;99.007
19.821;96.761;91.622;99.007
19.822;96.759;91.617;99.006
19.822;96.757;91.612;99.005
19.823;96.756;91.607;99.005
19.824;96.753;91.602;99.004
19.825;96.751;91.597;99.003
19.826;96.749;91.592;99.003
19.827;96.747;91.587;99.002
19.828;96.744;91.582;99.002
19.828;96.742;91.577;99.001
19.829;96.740;91.572;99.000
19.830;96.738;91.567;99.000
19.831;96.735;91.561;98.999
19.832;96.733;91.556;98.998
19.833;96.731;91.551;98.998
19.833;96.728;91.546;98.997
19.834;96.726;91.541;98.996
19.835;96.724;91.526;98.996
19.836;96.722;91.511;98.995
19.837;96.719;91.496;98.994
19.837;96.717;91.481;98.994
19.838;96.714;91.466;98.993
19.839;96.713;91.451;98.992
19.840;96.710;91.436;98.992
19.841;96.708;91.421;98.992
19.842;96.706;91.406;98.991
19.843;96.704;91.391;98.991
19.843;96.702;91.375;98.990
19.844;96.699;91.360;98.990
19.845;96.697;91.345;98.989
19.846;96.695;91.330;98.989
19.847;96.693;91.314;98.989
19.848;96.691;91.304;98.988
19.848;96.689;91.298;98.988
19.849;96.687;91.291;98.987
19.850;96.685;91.285;98.987
19.851;96.683;91.279;98.986
19.852;96.681;91.273;98.986
19.852;96.678;91.267;98.985
19.853;96.675;91.261;98.985
19.854;96.672;91.255;98.985
19.855;96.670;91.248;98.984
19.856;96.667;91.243;98.984
19.857;96.665;91.237;98.983
19.858;96.663;91.231;98.983
19.858;96.661;91.225;98.982
19.859;96.658;91.219;98.982
19.860;96.656;91.213;98.982
19.861;96.654;91.207;98.981
19.862;96.652;91.202;98.981
19.863;96.649;91.196;98.980
19.863;96.647;91.190;98.980
19.864;96.644;91.184;98.979
19.865;96.642;91.178;98.979
19.866;96.640;91.172;98.979
19.867;96.638;91.166;98.978
19.867;96.636;91.160;98.978
19.868;96.634;91.154;98.977
19.869;96.631;91.148;98.977
19.870;96.629;91.142;98.976
19.871;96.627;91.136;98.976
19.872;96.625;91.131;98.976
19.873;96.622;91.125;98.975
19.873;96.621;91.119;98.975
19.874;96.619;91.113;98.974
19.875;96.617;91.107;98.974
19.876;96.616;91.101;98.973
19.877;96.615;91.095;98.973
19.877;96.613;91.089;98.973
19.878;96.611;91.083;98.972
19.879;96.609;91.077;98.972
19.880;96.606;91.071;98.971
19.881;96.604;91.065;98.971
19.882;96.603;91.059;98.971
19.883;96.601;91.053;98.970
19.883;96.600;91.047;98.970
19.884;96.598;91.041;98.969
19.885;96.596;91.035;98.969
19.886;96.595;91.029;98.968
19.887;96.593;91.026;98.968
19.887;96.592;91.022;98.968
19.888;96.590;91.018;98.967
19.889;96.589;91.015;98.967
19.890;96.587;91.011;98.966
19.891;96.586;91.008;98.965
19.892;96.584;91.004;98.965
19.892;96.582;91.000;98.964
19.893;96.581;90.997;98.964
19.894;96.579;90.993;98.963
19.895;96.578;90.989;98.962
19.896;96.576;90.986;98.961
19.897;96.575;90.982;98.960
19.898;96.573;90.979;98.960
19.898;96.572;90.975;98.959
19.899;96.570;90.971;98.958
19.900;96.568;90.968;98.957
19.901;96.567;90.964;98.956
19.902;96.565;90.960;98.956
19.902;96.564;90.957;98.955
19.903;96.561;90.953;98.954
19.904;96.558;90.950;98.953
19.905;96.557;90.946;98.952
19.906;96.555;90.942;98.952
19.907;96.554;90.939;98.951
19.907;96.552;90.935;98.950
19.908;96.551;90.931;98.949
19.909;96.550;90.928;98.948
19.910;96.548;90.924;98.947
19.911;96.547;90.920;98.947
19.912;96.546;90.917;98.946
19.913;96.544;90.913;98.945
19.913;96.543;90.909;98.944
19.914;96.541;90.906;98.943
19.915;96.540;90.902;98.943
19.916;96.539;90.898;98.942
19.917;96.536;90.895;98.941
19.917;96.534;90.891;98.940
19.918;96.533;90.887;98.939
19.919;96.532;90.884;98.938
19.920;96.530;90.880;98.938
19.921;96.529;90.876;98.937
19.922;96.527;90.873;98.936
19.922;96.526;90.869;98.935
19.923;96.524;90.865;98.934
19.924;96.523;90.862;98.933
19.925;96.521;90.858;98.933
19.926;96.520;90.854;98.932
19.927;96.518;90.850;98.931
19.928;96.517;90.847;98.930
19.928;96.515;90.843;98.929
19.929;96.513;90.839;98.928
19.930;96.512;90.836;98.928
19.931;96.510;90.832;98.927
19.932;96.509;90.828;98.926
19.932;96.507;90.825;98.925
19.933;96.505;90.821;98.924
19.934;96.504;90.817;98.924
19.935;96.502;90.813;98.923
19.936;96.501;90.810;98.922
19.937;96.499;90.806;98.921
19.938;96.497;90.802;98.920
19.938;96.495;90.798;98.919
19.939;96.492;90.795;98.919
19.940;96.489;90.791;98.918
19.941;96.487;90.787;98.917
19.942;96.484;90.784;98.916
19.943;96.481;90.780;98.915
19.943;96.479;90.776;98.914
19.944;96.477;90.772;98.913
19.945;96.475;90.769;98.913
19.946;96.473;90.765;98.912
19.947;96.472;90.761;98.911
19.947;96.470;90.757;98.910
19.948;96.468;90.754;98.909
19.949;96.466;90.750;98.908
19.950;96.465;90.746;98.907
19.951;96.463;90.742;98.907
19.952;96.461;90.739;98.906
19.953;96.459;90.735;98.905
19.953;96.457;90.731;98.904
19.954;96.456;90.724;98.903
19.955;96.454;90.712;98.902
19.956;96.452;90.700;98.902
19.957;96.450;90.688;98.901
19.958;96.449;90.676;98.900
19.958;96.447;90.664;98.899
19.959;96.445;90.652;98.898
19.960;96.443;90.640;98.897
19.961;96.441;90.628;98.896
19.962;96.439;90.616;98.895
19.962;96.437;90.603;98.895
19.963;96.435;90.591;98.894
19.964;96.433;90.579;98.893
19.965;96.430;90.567;98.892
19.966;96.428;90.555;98.891
19.967;96.426;90.542;98.890
19.968;96.424;90.530;98.889
19.968;96.421;90.518;98.889
19.969;96.419;90.506;98.888
19.970;96.416;90.493;98.887
19.971;96.414;90.481;98.886
19.972;96.412;90.469;98.885
19.973;96.409;90.456;98.884
19.973;96.407;90.444;98.883
19.974;96.404;90.431;98.883
19.975;96.402;90.419;98.882
19.976;96.399;90.407;98.881
19.977;96.397;90.394;98.880
19.977;96.395;90.382;98.879
19.978;96.392;90.369;98.878
19.979;96.390;90.357;98.877
19.980;96.387;90.344;98.877
19.981;96.385;90.332;98.876
19.982;96.382;90.319;98.875
19.983;96.381;90.306;98.874
19.983;96.379;90.294;98.873
19.984;96.377;90.281;98.872
19.985;96.375;90.269;98.871
19.986;96.373;90.256;98.870
19.987;96.370;90.248;98.870
19.988;96.367;90.241;98.869
19.988;96.365;90.234;98.868
19.989;96.362;90.227;98.867
19.990;96.360;90.220;98.866
19.991;96.357;90.213;98.865
19.992;96.355;90.206;98.864
19.992;96.353;90.199;98.864
19.993;96.351;90.192;98.863
19.994;96.349;90.185;98.862
19.995;96.346;90.178;98.861
19.996;96.344;90.171;98.860
19.997;96.342;90.164;98.859
19.998;96.340;90.157;98.858
19.998;96.337;90.150;98.857
19.999;96.335;90.143;98.857
20.000;96.334;90.136;98.856
20.001;96.331;90.129;98.855
20.002;96.329;90.122;98.854
20.002;96.327;90.115;98.853
20.003;96.324;90.108;98.852
20.004;96.322;90.101;98.851
20.005;96.320;90.094;98.850
20.006;96.317;90.087;98.850
20.007;96.314;90.080;98.849
20.008;96.312;90.073;98.848
20.008;96.309;90.066;98.847
20.009;96.306;90.059;98.846
20.010;96.304;90.052;98.845
20.011;96.301;90.045;98.844
20.012;96.298;90.038;98.843
20.012;96.296;90.031;98.843
20.013;96.294;90.024;98.842
20.014;96.292;90.017;98.841
20.015;96.289;90.010;98.840
20.016;96.287;90.003;98.839
20.017;96.284;89.996;98.838
20.017;96.281;89.989;98.837
20.018;96.277;89.982;98.836
20.019;96.275;89.975;98.836
20.020;96.272;89.968;98.835
20.021;96.270;89.961;98.834
20.022;96.268;89.954;98.833
20.023;96.266;89.947;98.833
20.023;96.263;89.940;98.832
20.024;96.261;89.933;98.831
20.025;96.259;89.926;98.830
20.026;96.257;89.918;98.830
20.027;96.254;89.911;98.829
20.027;96.252;89.904;98.828
20.028;96.249;89.897;98.827
20.029;96.247;89.890;98.827
20.030;96.244;89.880;98.826
20.031;96.241;89.867;98.825
20.032;96.239;89.855;98.824
20.032;96.236;89.842;98.823
20.033;96.233;89.829;98.823
20.034;96.230;89.816;98.822
20.035;96.228;89.803;98.821
20.036;96.226;89.790;98.820
20.037;96.224;89.777;98.820
20.038;96.221;89.764;98.819
20.038;96.219;89.751;98.818
20.039;96.217;89.738;98.817
20.040;96.215;89.732;98.816
20.041;96.212;89.725;98.816
20.042;96.210;89.719;98.815
20.042;96.207;89.713;98.814
20.043;96.203;89.707;98.813
20.044;96.200;89.701;98.813
20.045;96.198;89.695;98.812
20.046;96.195;89.689;98.811
20.047;96.192;89.683;98.810
20.047;96.188;89.677;98.809
20.048;96.185;89.671;98.809
20.049;96.183;89.665;98.808
20.050;96.180;89.659;98.807
20.051;96.177;89.652;98.806
20.052;96.175;89.646;98.806
20.053;96.172;89.640;98.805
20.053;96.169;89.634;98.804
20.054;96.167;89.628;98.803
20.055;96.164;89.622;98.802
20.056;96.161;89.616;98.802
20.057;96.158;89.610;98.801
20.057;96.156;89.604;98.800
20.058;96.153;89.598;98.799
20.059;96.151;89.592;98.798
20.060;96.148;89.586;98.798
20.061;96.146;89.580;98.797
20.062;96.143;89.573;98.796
20.062;96.141;89.567;98.795
20.063;96.139;89.561;98.795
20.064;96.136;89.555;98.794
20.065;96.134;89.549;98.793
20.066;96.132;89.543;98.792
20.067;96.129;89.537;98.791
20.068;96.127;89.531;98.791
20.068;96.124;89.525;98.790
20.069;96.121;89.518;98.789
20.070;96.118;89.512;98.788
20.071;96.115;89.506;98.788
20.072;96.112;89.498;98.787
20.072;96.109;89.485;98.786
20.073;96.107;89.473;98.785
20.074;96.104;89.461;98.785
20.075;96.102;89.448;98.784
20.076;96.100;89.436;98.783
20.077;96.098;89.424;98.782
20.078;96.095;89.411;98.782
20.078;96.094;89.399;98.781
20.079;96.092;89.389;98.780
20.080;96.091;89.383;98.779
20.081;96.089;89.376;98.778
20.082;96.088;89.369;98.778
20.083;96.086;89.362;98.777
20.083;96.085;89.356;98.776
20.084;96.083;89.349;98.775
20.085;96.080;89.342;98.775
20.086;96.077;89.335;98.774
20.087;96.075;89.328;98.773
20.087;96.072;89.322;98.772
20.088;96.070;89.315;98.772
20.089;96.067;89.307;98.771
20.090;96.065;89.296;98.770
20.091;96.062;89.285;98.769
20.092;96.059;89.274;98.768
20.093;96.057;89.262;98.768
20.093;96.054;89.251;98.767
20.094;96.052;89.240;98.766
20.095;96.049;89.228;98.765
20.096;96.046;89.217;98.765
20.097;96.044;89.206;98.764
20.098;96.041;89.194;98.763
20.098;96.039;89.183;98.762
20.099;96.036;89.172;98.761
20.100;96.034;89.160;98.761
20.101;96.032;89.149;98.760
20.102;96.030;89.137;98.759
20.102;96.028;89.123;98.758
20.103;96.026;89.107;98.758
20.104;96.024;89.091;98.757
20.105;96.022;89.074;98.756
20.106;96.020;89.058;98.755
20.107;96.018;89.042;98.754
20.108;96.016;89.026;98.754
20.108;96.014;89.009;98.753
20.109;96.012;88.993;98.752
20.110;96.009;88.977;98.751
20.111;96.006;88.960;98.750
20.112;96.003;88.944;98.750
20.113;96.000;88.928;98.749
20.113;95.997;88.911;98.748
20.114;95.994;88.895;98.747
20.115;95.991;88.878;98.746
20.116;95.988;88.862;98.746
20.117;95.986;88.845;98.745
20.117;95.984;88.829;98.744
20.118;95.982;88.812;98.743
20.119;95.980;88.796;98.742
20.120;95.978;88.779;98.742
20.121;95.976;88.762;98.741
20.122;95.974;88.746;98.740
20.123;95.972;88.729;98.739
20.123;95.970;88.712;98.738
20.124;95.968;88.696;98.737
20.125;95.966;88.679;98.737
20.126;95.964;88.665;98.736
20.127;95.961;88.652;98.735
20.127;95.958;88.639;98.734
20.128;95.956;88.625;98.733
20.129;95.953;88.612;98.733
20.130;95.950;88.599;98.732
20.131;95.948;88.585;98.731
20.132;95.945;88.572;98.730
20.133;95.942;88.558;98.729
20.133;95.939;88.545;98.729
20.134;95.937;88.532;98.728
20.135;95.934;88.518;98.727
20.136;95.931;88.505;98.726
20.137;95.929;88.491;98.725
20.137;95.926;88.478;98.724
20.138;95.923;88.464;98.724
20.139;95.920;88.451;98.723
20.140;95.917;88.437;98.722
20.141;95.913;88.424;98.721
20.142;95.910;88.410;98.720
20.142;95.907;88.397;98.719
20.143;95.902;88.383;98.718
20.144;95.898;88.369;98.717
20.145;95.894;88.356;98.716
20.146;95.890;88.342;98.714
20.147;95.886;88.329;98.713
20.148;95.882;88.315;98.712
20.148;95.878;88.301;98.711
20.149;95.875;88.288;98.710
20.150;95.872;88.274;98.709
20.151;95.870;88.260;98.708
20.152;95.867;88.247;98.707
20.152;95.864;88.233;98.706
20.153;95.861;88.219;98.705
20.154;95.858;88.205;98.704
20.155;95.856;88.192;98.704
20.156;95.853;88.178;98.703
20.157;95.850;88.164;98.702
20.157;95.848;88.150;98.701
20.158;95.845;88.137;98.700
20.159;95.843;88.123;98.699
20.160;95.840;88.109;98.698
20.161;95.837;88.095;98.697
20.162;95.833;88.081;98.697
20.163;95.829;88.067;98.696
20.163;95.825;88.054;98.695
20.164;95.821;88.040;98.694
20.165;95.817;88.026;98.693
20.166;95.814;88.012;98.692
20.167;95.811;87.998;98.691
20.167;95.808;87.984;98.689
20.168;95.805;87.970;98.688
20.169;95.802;87.956;98.687
20.170;95.799;87.942;98.686
20.171;95.796;87.928;98.685
20.172;95.793;87.914;98.683
20.172;95.790;87.900;98.682
20.173;95.787;87.886;98.681
20.174;95.784;87.872;98.680
20.175;95.780;87.858;98.678
20.176;95.777;87.844;98.677
20.177;95.775;87.830;98.676
20.178;95.772;87.816;98.675
20.178;95.770;87.802;98.674
20.179;95.767;87.788;98.674
20.180;95.765;87.774;98.673
20.181;95.763;87.759;98.673
20.182;95.761;87.745;98.673
20.182;95.758;87.731;98.672
20.183;95.756;87.717;98.672
20.184;95.754;87.703;98.671
20.185;95.752;87.689;98.671
20.186;95.749;87.674;98.670
20.187;95.746;87.660;98.670
20.188;95.743;87.646;98.669
20.188;95.740;87.632;98.669
20.189;95.736;87.617;98.668
20.190;95.733;87.603;98.667
20.191;95.730;87.589;98.665
20.192;95.726;87.575;98.664
20.193;95.723;87.560;98.663
20.193;95.719;87.546;98.662
20.194;95.716;87.532;98.661
20.195;95.713;87.517;98.660
20.196;95.709;87.503;98.659
20.197;95.706;87.489;98.658
20.197;95.703;87.474;98.657
20.198;95.700;87.460;98.656
20.199;95.697;87.445;98.655
20.200;95.695;87.431;98.654
20.201;95.692;87.415;98.652
20.202;95.690;87.399;98.651
20.203;95.687;87.383;98.650
20.203;95.684;87.367;98.649
20.204;95.680;87.351;98.648
20.205;95.676;87.335;98.647
20.206;95.673;87.318;98.646
20.207;95.669;87.302;98.645
20.208;95.665;87.286;98.644
20.208;95.662;87.270;98.643
20.209;95.658;87.254;98.641
20.210;95.655;87.237;98.640
20.211;95.652;87.221;98.639
20.212;95.649;87.205;98.638
20.212;95.647;87.189;98.637
20.213;95.645;87.172;98.636
20.214;95.643;87.156;98.635
20.215;95.641;87.140;98.634
20.216;95.640;87.124;98.633
20.217;95.638;87.107;98.632
20.218;95.635;87.091;98.632
20.218;95.632;87.074;98.631
20.219;95.628;87.058;98.630
20.220;95.624;87.042;98.629
20.221;95.620;87.025;98.628
20.222;95.616;87.009;98.627
20.223;95.613;86.993;98.627
20.223;95.610;86.976;98.626
20.224;95.607;86.960;98.625
20.225;95.604;86.944;98.624
20.226;95.602;86.927;98.623
20.227;95.600;86.911;98.622
20.227;95.598;86.894;98.621
20.228;95.596;86.878;98.621
20.229;95.593;86.861;98.620
20.230;95.591;86.845;98.619
20.231;95.589;86.828;98.618
20.232;95.586;86.812;98.617
20.233;95.583;86.795;98.616
20.233;95.580;86.779;98.616
20.234;95.576;86.762;98.615
20.235;95.572;86.745;98.614
20.236;95.568;86.729;98.613
20.237;95.563;86.712;98.612
20.238;95.559;86.696;98.611
20.238;95.556;86.679;98.610
20.239;95.553;86.662;98.610
20.240;95.549;86.646;98.609
20.241;95.547;86.629;98.608
20.242;95.545;86.612;98.607
20.242;95.542;86.595;98.606
20.243;95.540;86.579;98.605
20.244;95.538;86.562;98.604
20.245;95.536;86.545;98.604
20.246;95.534;86.528;98.603
20.247;95.531;86.512;98.602
20.248;95.529;86.495;98.601
20.248;95.527;86.481;98.600
20.249;95.525;86.472;98.599
20.250;95.523;86.463;98.598
20.251;95.520;86.454;98.597
20.252;95.518;86.445;98.597
20.252;95.516;86.436;98.596
20.253;95.514;86.427;98.595
20.254;95.511;86.418;98.594
20.255;95.509;86.409;98.593
20.256;95.507;86.400;98.592
20.257;95.505;86.391;98.591
20.258;95.502;86.381;98.591
20.258;95.500;86.366;98.590
20.259;95.498;86.349;98.589
20.260;95.496;86.332;98.589
20.261;95.494;86.315;98.588
20.262;95.491;86.298;98.588
20.262;95.488;86.281;98.587
20.263;95.485;86.263;98.586
20.264;95.481;86.246;98.585
20.265;95.478;86.229;98.584
20.266;95.475;86.212;98.583
20.267;95.471;86.195;98.582
20.267;95.468;86.178;98.581
20.268;95.465;86.160;98.580
20.269;95.462;86.143;98.579
20.270;95.458;86.126;98.579
20.271;95.455;86.109;98.578
20.272;95.452;86.092;98.577
20.273;95.449;86.074;98.576
20.273;95.446;86.057;98.575
20.274;95.444;86.040;98.574
20.275;95.442;86.023;98.573
20.276;95.440;86.006;98.572
20.277;95.438;85.988;98.571
20.277;95.436;85.971;98.570
20.278;95.433;85.954;98.569
20.279;95.431;85.936;98.568
20.280;95.429;85.919;98.567
20.281;95.427;85.902;98.566
20.282;95.425;85.884;98.565
20.282;95.423;85.867;98.564
20.283;95.421;85.850;98.563
20.284;95.419;85.832;98.563
20.285;95.417;85.815;98.562
20.286;95.414;85.797;98.561
20.287;95.412;85.780;98.560
20.288;95.410;85.762;98.559
20.288;95.407;85.745;98.558
20.289;95.404;85.730;98.557
20.290;95.401;85.716;98.556
20.291;95.399;85.703;98.555
20.292;95.396;85.690;98.554
20.292;95.393;85.677;98.554
20.293;95.391;85.664;98.553
20.294;95.389;85.650;98.552
20.295;95.388;85.637;98.551
20.296;95.385;85.624;98.550
20.297;95.382;85.611;98.549
20.297;95.378;85.598;98.548
20.298;95.375;85.584;98.547
20.299;95.372;85.571;98.546
20.300;95.369;85.558;98.545
20.301;95.365;85.544;98.545
20.302;95.362;85.531;98.544
20.303;95.359;85.518;98.543
20.303;95.355;85.504;98.542
20.304;95.352;85.491;98.541
20.305;95.348;85.478;98.540
20.306;95.344;85.464;98.539
20.307;95.341;85.451;98.538
20.307;95.337;85.437;98.537
20.308;95.333;85.424;98.536
20.309;95.330;85.411;98.535
20.310;95.326;85.397;98.535
20.311;95.322;85.384;98.534
20.312;95.319;85.370;98.533
20.312;95.315;85.357;98.532
20.313;95.311;85.343;98.531
20.314;95.307;85.330;98.530
20.315;95.303;85.316;98.529
20.316;95.299;85.303;98.528
20.317;95.295;85.289;98.527
20.318;95.291;85.276;98.526
20.318;95.287;85.262;98.525
20.319;95.283;85.249;98.525
20.320;95.279;85.235;98.524
20.321;95.275;85.219;98.523
20.322;95.271;85.203;98.522
20.322;95.267;85.186;98.521
20.323;95.263;85.170;98.520
20.324;95.260;85.154;98.519
20.325;95.257;85.137;98.518
20.326;95.254;85.121;98.517
20.327;95.251;85.104;98.516
20.328;95.247;85.088;98.515
20.328;95.244;85.072;98.514
20.329;95.241;85.055;98.513
20.330;95.238;85.039;98.512
20.331;95.235;85.022;98.512
20.332;95.231;85.006;98.511
20.333;95.228;84.989;98.510
20.333;95.225;84.973;98.509
20.334;95.222;84.956;98.508
20.335;95.217;84.940;98.507
20.336;95.212;84.923;98.506
20.337;95.207;84.906;98.505
20.337;95.202;84.890;98.504
20.338;95.197;84.873;98.503
20.339;95.192;84.857;98.502
20.340;95.187;84.840;98.501
20.341;95.184;84.824;98.500
20.342;95.181;84.807;98.499
20.343;95.178;84.790;98.499
20.343;95.175;84.774;98.498
20.344;95.172;84.757;98.497
20.345;95.169;84.741;98.496
20.346;95.166;84.724;98.495
20.347;95.163;84.708;98.494
20.348;95.159;84.691;98.493
20.348;95.155;84.674;98.492
20.349;95.152;84.658;98.491
20.350;95.148;84.641;98.490
20.351;95.145;84.624;98.489
20.352;95.142;84.608;98.488
20.352;95.139;84.591;98.487
20.353;95.136;84.574;98.486
20.354;95.132;84.558;98.485
20.355;95.129;84.541;98.484
20.356;95.126;84.524;98.483
20.357;95.123;84.507;98.482
20.358;95.120;84.491;98.481
20.358;95.115;84.474;98.481
20.359;95.111;84.457;98.480
20.360;95.107;84.440;98.479
20.361;95.103;84.423;98.478
20.362;95.099;84.407;98.477
20.363;95.096;84.388;98.476
20.363;95.093;84.368;98.475
20.364;95.091;84.348;98.474
20.365;95.088;84.328;98.473
20.366;95.085;84.308;98.472
20.367;95.082;84.288;98.471
20.367;95.079;84.268;98.470
20.368;95.077;84.248;98.469
20.369;95.074;84.228;98.468
20.370;95.071;84.208;98.467
20.371;95.068;84.188;98.466
20.372;95.066;84.168;98.465
20.373;95.064;84.148;98.464
20.373;95.062;84.128;98.463
20.374;95.061;84.108;98.462
20.375;95.057;84.088;98.461
20.376;95.054;84.067;98.460
20.377;95.051;84.047;98.459
20.377;95.046;84.032;98.458
20.378;95.042;84.018;98.457
20.379;95.037;84.005;98.457
20.380;95.033;83.991;98.456
20.381;95.029;83.977;98.455
20.382;95.025;83.964;98.454
20.383;95.020;83.950;98.453
20.383;95.016;83.937;98.452
20.384;95.012;83.923;98.451
20.385;95.008;83.909;98.450
20.386;95.004;83.895;98.449
20.387;95.000;83.882;98.448
20.387;94.996;83.868;98.447
20.388;94.992;83.854;98.446
20.389;94.988;83.841;98.445
20.390;94.984;83.823;98.444
20.391;94.979;83.806;98.443
20.392;94.975;83.789;98.442
20.392;94.971;83.771;98.441
20.393;94.967;83.754;98.440
20.394;94.963;83.737;98.439
20.395;94.959;83.719;98.439
20.396;94.955;83.702;98.438
20.397;94.951;83.685;98.437
20.398;94.947;83.667;98.436
20.398;94.942;83.650;98.435
20.399;94.938;83.633;98.434
20.400;94.934;83.615;98.433
20.401;94.930;83.598;98.433
20.402;94.926;83.580;98.432
20.402;94.922;83.563;98.431
20.403;94.918;83.545;98.430
20.404;94.913;83.528;98.429
20.405;94.909;83.510;98.428
20.406;94.906;83.493;98.427
20.407;94.902;83.476;98.427
20.407;94.898;83.464;98.426
20.408;94.895;83.452;98.425
20.409;94.891;83.441;98.424
20.410;94.889;83.429;98.423
20.411;94.886;83.417;98.422
20.412;94.883;83.405;98.421
20.413;94.880;83.394;98.421
20.413;94.878;83.382;98.420
20.414;94.877;83.370;98.419
20.415;94.875;83.358;98.418
20.416;94.873;83.347;98.417
20.417;94.871;83.335;98.416
20.417;94.869;83.323;98.415
20.418;94.867;83.311;98.414
20.419;94.866;83.299;98.413
20.420;94.864;83.288;98.412
20.421;94.862;83.276;98.411
20.422;94.860;83.264;98.411
20.422;94.858;83.252;98.410
20.423;94.856;83.240;98.409
20.424;94.853;83.228;98.408
20.425;94.850;83.216;98.407
20.426;94.846;83.205;98.406
20.427;94.842;83.193;98.406
20.428;94.838;83.181;98.405
20.428;94.834;83.169;98.404
20.429;94.830;83.157;98.403
20.430;94.826;83.145;98.402
20.431;94.822;83.133;98.401
20.432;94.820;83.121;98.401
20.432;94.817;83.109;98.400
20.433;94.814;83.097;98.399
20.434;94.811;83.085;98.398
20.435;94.807;83.073;98.397
20.436;94.804;83.058;98.396
20.437;94.800;83.044;98.395
20.438;94.797;83.030;98.394
20.438;94.793;83.015;98.394
20.439;94.790;83.001;98.393
20.440;94.786;82.986;98.392
20.441;94.783;82.972;98.391
20.442;94.779;82.958;98.390
20.443;94.776;82.943;98.389
20.443;94.772;82.929;98.388
20.444;94.768;82.914;98.387
20.445;94.765;82.900;98.387
20.446;94.761;82.885;98.386
20.447;94.758;82.871;98.385
20.447;94.753;82.856;98.384
20.448;94.748;82.842;98.383
20.449;94.743;82.827;98.382
20.450;94.738;82.813;98.381
20.451;94.735;82.798;98.380
20.452;94.731;82.784;98.380
20.453;94.727;82.769;98.379
20.453;94.725;82.755;98.378
20.454;94.722;82.740;98.377
20.455;94.719;82.726;98.376
20.456;94.715;82.711;98.375
20.457;94.711;82.697;98.374
20.458;94.708;82.682;98.373
20.458;94.704;82.668;98.372
20.459;94.701;82.653;98.372
20.460;94.697;82.638;98.371
20.461;94.694;82.624;98.370
20.462;94.691;82.609;98.369
20.462;94.688;82.595;98.368
20.463;94.685;82.580;98.367
20.464;94.682;82.565;98.366
20.465;94.679;82.551;98.365
20.466;94.676;82.536;98.364
20.467;94.673;82.520;98.364
20.468;94.670;82.501;98.363
20.468;94.667;82.483;98.362
20.469;94.663;82.464;98.361
20.470;94.660;82.446;98.360
20.471;94.657;82.428;98.359
20.472;94.654;82.409;98.358
20.473;94.651;82.391;98.357
20.473;94.648;82.372;98.356
20.474;94.645;82.354;98.355
20.475;94.642;82.335;98.355
20.476;94.639;82.317;98.354
20.477;94.635;82.298;98.353
20.477;94.631;82.280;98.352
20.478;94.627;82.261;98.351
20.479;94.623;82.243;98.350
20.480;94.618;82.224;98.349
20.481;94.614;82.205;98.348
20.482;94.610;82.187;98.347
20.483;94.606;82.168;98.346
20.483;94.602;82.150;98.345
20.484;94.598;82.131;98.345
20.485;94.594;82.112;98.344
20.486;94.590;82.094;98.343
20.487;94.585;82.075;98.342
20.488;94.581;82.056;98.341
20.488;94.577;82.037;98.340
20.489;94.573;82.019;98.339
20.490;94.569;82.000;98.338
20.491;94.565;81.981;98.337
20.492;94.561;81.962;98.336
20.492;94.559;81.944;98.335
20.493;94.556;81.925;98.335
20.494;94.553;81.906;98.334
20.495;94.550;81.887;98.333
20.496;94.548;81.868;98.332
20.497;94.545;81.849;98.331
20.498;94.542;81.830;98.330
20.498;94.540;81.811;98.329
20.499;94.537;81.793;98.328
20.500;94.534;81.778;98.327
20.501;94.532;81.765;98.326
20.502;94.530;81.752;98.325
20.502;94.527;81.738;98.324
20.503;94.524;81.725;98.324
20.504;94.521;81.712;98.323
20.505;94.517;81.699;98.322
20.506;94.514;81.685;98.321
20.507;94.511;81.672;98.320
20.508;94.507;81.659;98.319
20.508;94.504;81.646;98.318
20.509;94.502;81.632;98.317
20.510;94.500;81.619;98.316
20.511;94.497;81.606;98.315
20.512;94.493;81.593;98.314
20.512;94.489;81.579;98.313
20.513;94.485;81.566;98.312
20.514;94.481;81.553;98.312
20.515;94.477;81.539;98.311
20.516;94.472;81.526;98.310
20.517;94.468;81.513;98.309
20.517;94.464;81.499;98.308
20.518;94.461;81.486;98.307
20.519;94.458;81.473;98.306
20.520;94.454;81.459;98.305
20.521;94.450;81.446;98.304
20.522;94.446;81.432;98.303
20.523;94.442;81.418;98.302
20.523;94.438;81.399;98.301
20.524;94.434;81.379;98.300
20.525;94.430;81.360;98.299
20.526;94.425;81.340;98.298
20.527;94.421;81.321;98.298
20.527;94.418;81.301;98.297
20.528;94.414;81.282;98.296
20.529;94.411;81.262;98.295
20.530;94.408;81.242;98.294
20.531;94.404;81.223;98.293
20.532;94.401;81.203;98.292
20.532;94.399;81.184;98.291
20.533;94.397;81.164;98.290
20.534;94.395;81.144;98.289
20.535;94.393;81.124;98.288
20.536;94.391;81.105;98.287
20.537;94.389;81.085;98.286
20.538;94.386;81.065;98.285
20.538;94.384;81.045;98.284
20.539;94.382;81.025;98.283
20.540;94.380;81.006;98.282
20.541;94.378;80.986;98.281
20.542;94.376;80.966;98.281
20.542;94.373;80.946;98.280
20.543;94.369;80.926;98.279
20.544;94.366;80.906;98.278
20.545;94.362;80.886;98.277
20.546;94.358;80.866;98.276
20.547;94.353;80.846;98.275
20.547;94.350;80.826;98.274
20.548;94.346;80.806;98.273
20.549;94.343;80.786;98.272
20.550;94.340;80.766;98.271
20.551;94.338;80.746;98.270
20.552;94.335;80.726;98.269
20.553;94.332;80.706;98.268
20.553;94.330;80.686;98.267
20.554;94.327;80.666;98.266
20.555;94.325;80.646;98.265
20.556;94.322;80.626;98.264
20.557;94.319;80.605;98.263
20.557;94.317;80.585;98.262
20.558;94.314;80.565;98.261
20.559;94.311;80.545;98.260
20.560;94.309;80.525;98.260
20.561;94.306;80.504;98.259
20.562;94.304;80.484;98.258
20.562;94.301;80.464;98.257
20.563;94.298;80.443;98.256
20.564;94.296;80.423;98.255
20.565;94.293;80.403;98.254
20.566;94.290;80.382;98.253
20.567;94.288;80.362;98.252
20.568;94.285;80.342;98.251
20.568;94.283;80.321;98.250
20.569;94.280;80.301;98.249
20.570;94.277;80.280;98.248
20.571;94.275;80.260;98.247
20.572;94.272;80.239;98.246
20.572;94.269;80.219;98.245
20.573;94.267;80.198;98.244
20.574;94.264;80.178;98.243
20.575;94.261;80.157;98.242
20.576;94.258;80.137;98.241
20.577;94.255;80.116;98.240
20.578;94.251;80.095;98.239
20.578;94.248;80.075;98.238
20.579;94.244;80.054;98.237
20.580;94.241;80.034;98.236
20.581;94.237;80.013;98.235
20.582;94.234;79.992;98.234
20.583;94.231;79.972;98.233
20.583;94.229;79.951;98.232
20.584;94.226;79.930;98.231
20.585;94.224;79.909;98.230
20.586;94.222;79.889;98.229
20.587;94.220;79.868;98.228
20.587;94.217;79.847;98.227
20.588;94.215;79.826;98.226
20.589;94.213;79.805;98.225
20.590;94.211;79.784;98.224
20.591;94.208;79.764;98.223
20.592;94.206;79.743;98.222
20.593;94.203;79.722;98.221
20.593;94.199;79.701;98.220
20.594;94.195;79.680;98.219
20.595;94.191;79.659;98.218
20.596;94.187;79.638;98.217
20.597;94.183;79.617;98.217
20.598;94.178;79.596;98.216
20.598;94.174;79.575;98.215
20.599;94.169;79.554;98.214
20.600;94.164;79.533;98.213
20.601;94.158;79.512;98.212
20.602;94.153;79.491;98.211
20.602;94.147;79.470;98.210
20.603;94.141;79.448;98.209
20.604;94.136;79.427;98.208
20.605;94.130;79.406;98.207
20.606;94.125;79.385;98.206
20.607;94.119;79.364;98.205
20.608;94.114;79.343;98.204
20.608;94.108;79.321;98.203
20.609;94.102;79.300;98.202
20.610;94.097;79.279;98.201
20.611;94.091;79.257;98.200
20.612;94.086;79.236;98.199
20.613;94.081;79.215;98.198
20.613;94.076;79.194;98.197
20.614;94.071;79.172;98.196
20.615;94.066;79.151;98.195
20.616;94.061;79.129;98.194
20.617;94.056;79.108;98.193
20.617;94.051;79.087;98.192
20.618;94.046;79.065;98.191
20.619;94.041;79.043;98.190
20.620;94.036;79.017;98.189
20.621;94.031;78.992;98.187
20.622;94.026;78.967;98.186
20.623;94.021;78.942;98.185
20.623;94.016;78.916;98.184
20.624;94.011;78.891;98.183
20.625;94.006;78.866;98.182
20.626;94.001;78.840;98.181
20.627;93.997;78.815;98.180
20.627;93.993;78.790;98.179
20.628;93.989;78.764;98.178
20.629;93.986;78.739;98.177
20.630;93.982;78.714;98.176
20.631;93.978;78.688;98.175
20.632;93.975;78.663;98.174
20.633;93.971;78.637;98.173
20.633;93.968;78.612;98.172
20.634;93.964;78.586;98.171
20.635;93.960;78.561;98.170
20.636;93.957;78.535;98.169
20.637;93.953;78.509;98.168
20.637;93.950;78.484;98.167
20.638;93.946;78.458;98.166
20.639;93.943;78.433;98.165
20.640;93.939;78.407;98.164
20.641;93.935;78.381;98.163
20.642;93.932;78.356;98.162
20.642;93.928;78.330;98.161
20.643;93.924;78.304;98.160
20.644;93.921;78.278;98.159
20.645;93.917;78.253;98.158
20.646;93.914;78.227;98.157
20.647;93.910;78.201;98.156
20.648;93.906;78.175;98.155
20.648;93.903;78.149;98.154
20.649;93.899;78.123;98.153
20.650;93.896;78.097;98.151
20.651;93.892;78.073;98.150
20.652;93.888;78.052;98.149
20.652;93.883;78.030;98.148
20.653;93.879;78.008;98.147
20.654;93.875;77.986;98.146
20.655;93.870;77.964;98.145
20.656;93.866;77.942;98.143
20.657;93.861;77.920;98.142
20.657;93.857;77.898;98.140
20.658;93.853;77.876;98.139
20.659;93.848;77.854;98.137
20.660;93.844;77.832;98.135
20.661;93.840;77.810;98.134
20.662;93.837;77.788;98.132
20.663;93.834;77.766;98.131
20.663;93.831;77.744;98.129
20.664;93.828;77.722;98.127
20.665;93.825;77.700;98.126
20.666;93.822;77.678;98.124
20.667;93.820;77.656;98.123
20.667;93.816;77.634;98.121
20.668;93.812;77.612;98.119
20.669;93.809;77.590;98.118
20.670;93.805;77.568;98.116
20.671;93.801;77.545;98.115
20.672;93.797;77.523;98.113
20.672;93.794;77.501;98.111
20.673;93.790;77.479;98.110
20.674;93.786;77.457;98.108
20.675;93.784;77.434;98.106
20.676;93.781;77.412;98.105
20.677;93.778;77.390;98.103
20.678;93.776;77.368;98.102
20.678;93.772;77.345;98.100
20.679;93.769;77.323;98.098
20.680;93.765;77.301;98.097
20.681;93.761;77.278;98.095
20.682;93.758;77.256;98.093
20.682;93.754;77.234;98.092
20.683;93.751;77.211;98.090
20.684;93.747;77.189;98.089
20.685;93.743;77.167;98.087
20.686;93.739;77.144;98.085
20.687;93.735;77.122;98.084
20.688;93.731;77.100;98.082
20.688;93.727;77.078;98.080
20.689;93.723;77.056;98.079
20.690;93.718;77.034;98.077
20.691;93.713;77.011;98.075
20.692;93.708;76.989;98.074
20.693;93.704;76.967;98.072
20.693;93.699;76.945;98.071
20.694;93.694;76.923;98.069
20.695;93.689;76.900;98.067
20.696;93.685;76.878;98.066
20.697;93.680;76.856;98.064
20.697;93.675;76.834;98.062
20.698;93.670;76.812;98.061
20.699;93.666;76.789;98.059
20.700;93.661;76.767;98.057
20.701;93.656;76.745;98.056
20.702;93.651;76.722;98.054
20.703;93.647;76.700;98.052
20.703;93.642;76.678;98.051
20.704;93.637;76.656;98.049
20.705;93.632;76.638;98.047
20.706;93.628;76.624;98.046
20.707;93.624;76.610;98.044
20.708;93.620;76.597;98.042
20.708;93.615;76.583;98.041
20.709;93.612;76.569;98.039
20.710;93.608;76.556;98.037
20.711;93.605;76.542;98.036
20.712;93.602;76.529;98.034
20.712;93.599;76.515;98.033
20.713;93.597;76.502;98.033
20.714;93.594;76.488;98.032
20.715;93.591;76.465;98.032
20.716;93.589;76.442;98.031
20.717;93.586;76.418;98.030
20.718;93.583;76.395;98.030
20.718;93.580;76.371;98.029
20.719;93.578;76.348;98.029
20.720;93.575;76.324;98.028
20.721;93.571;76.301;98.028
20.722;93.567;76.277;98.027
20.723;93.563;76.254;98.027
20.723;93.558;76.230;98.026
20.724;93.554;76.207;98.025
20.725;93.550;76.183;98.025
20.726;93.545;76.160;98.024
20.727;93.541;76.136;98.024
20.727;93.536;76.112;98.023
20.728;93.532;76.089;98.023
20.729;93.528;76.065;98.022
20.730;93.523;76.041;98.022
20.731;93.518;76.018;98.021
20.732;93.514;75.994;98.020
20.733;93.509;75.970;98.020
20.733;93.504;75.946;98.019
20.734;93.499;75.923;98.019
20.735;93.494;75.899;98.018
20.736;93.490;75.875;98.018
20.737;93.487;75.851;98.017
20.738;93.483;75.827;98.017
20.738;93.479;75.804;98.016
20.739;93.475;75.780;98.015
20.740;93.470;75.756;98.015
20.741;93.466;75.732;98.014
20.742;93.462;75.708;98.014
20.742;93.457;75.684;98.013
20.743;93.453;75.660;98.013
20.744;93.448;75.636;98.012
20.745;93.444;75.612;98.011
20.746;93.439;75.588;98.011
20.747;93.435;75.564;98.010
20.748;93.430;75.540;98.010
20.748;93.424;75.516;98.009
20.749;93.418;75.492;98.009
20.750;93.414;75.468;98.008
20.751;93.410;75.444;98.007
20.752;93.405;75.420;98.007
20.752;93.401;75.396;98.006
20.753;93.397;75.372;98.006
20.754;93.392;75.348;98.005
20.755;93.388;75.323;98.005
20.756;93.383;75.299;98.004
20.757;93.380;75.275;98.003
20.758;93.376;75.251;98.002
20.758;93.373;75.227;98.001
20.759;93.370;75.202;97.999
20.760;93.366;75.178;97.998
20.761;93.362;75.154;97.996
20.762;93.358;75.130;97.995
20.762;93.354;75.105;97.993
20.763;93.348;75.081;97.992
20.764;93.342;75.057;97.990
20.765;93.336;75.032;97.989
20.766;93.331;75.008;97.987
20.767;93.325;74.984;97.986
20.767;93.319;74.959;97.984
20.768;93.314;74.935;97.983
20.769;93.310;74.910;97.981
20.770;93.306;74.886;97.979
20.771;93.302;74.862;97.978
20.772;93.299;74.837;97.976
20.773;93.295;74.813;97.975
20.773;93.291;74.788;97.973
20.774;93.288;74.764;97.972
20.775;93.284;74.739;97.970
20.776;93.280;74.715;97.969
20.777;93.276;74.690;97.967
20.777;93.273;74.665;97.965
20.778;93.269;74.641;97.964
20.779;93.265;74.616;97.962
20.780;93.262;74.592;97.961
20.781;93.257;74.567;97.959
20.782;93.252;74.542;97.958
20.782;93.247;74.518;97.956
20.783;93.243;74.493;97.954
20.784;93.237;74.468;97.953
20.785;93.231;74.444;97.951
20.786;93.225;74.419;97.950
20.787;93.219;74.394;97.948
20.788;93.213;74.369;97.946
20.788;93.207;74.345;97.945
20.789;93.201;74.320;97.943
20.790;93.195;74.295;97.942
20.791;93.189;74.270;97.940
20.792;93.184;74.245;97.939
20.792;93.178;74.220;97.937
20.793;93.173;74.196;97.935
20.794;93.168;74.171;97.934
20.795;93.163;74.146;97.932
20.796;93.157;74.121;97.931
20.797;93.152;74.096;97.930
20.797;93.147;74.071;97.929
20.798;93.142;74.046;97.929
20.799;93.136;74.021;97.928
20.800;93.131;73.996;97.927
20.801;93.126;73.971;97.926
20.802;93.122;73.946;97.926
20.803;93.118;73.921;97.925
20.803;93.114;73.896;97.924
20.804;93.110;73.871;97.923
20.805;93.107;73.846;97.923
20.806;93.103;73.821;97.922
20.807;93.099;73.796;97.921
20.807;93.095;73.770;97.921
20.808;93.092;73.745;97.920
20.809;93.088;73.721;97.919
20.810;93.084;73.697;97.918
20.811;93.080;73.673;97.918
20.812;93.077;73.649;97.917
20.812;93.073;73.623;97.916
20.813;93.069;73.594;97.916
20.814;93.065;73.569;97.915
20.815;93.061;73.543;97.914
20.816;93.058;73.518;97.913
20.817;93.053;73.492;97.913
20.818;93.048;73.467;97.912
20.818;93.044;73.441;97.911
20.819;93.039;73.416;97.910
20.820;93.034;73.390;97.910
20.821;93.030;73.365;97.909
20.822;93.025;73.339;97.908
20.822;93.020;73.314;97.908
20.823;93.015;73.288;97.907
20.824;93.011;73.263;97.906
20.825;93.006;73.237;97.905
20.826;93.001;73.211;97.905
20.827;92.996;73.186;97.904
20.828;92.991;73.160;97.903
20.828;92.985;73.134;97.903
20.829;92.980;73.109;97.902
20.830;92.973;73.083;97.901
20.831;92.967;73.057;97.900
20.832;92.960;73.032;97.898
20.833;92.954;73.006;97.897
20.833;92.949;72.980;97.896
20.834;92.944;72.954;97.894
20.835;92.938;72.929;97.893
20.836;92.933;72.903;97.892
20.837;92.928;72.877;97.890
20.837;92.923;72.851;97.889
20.838;92.917;72.825;97.887
20.839;92.911;72.799;97.886
20.840;92.905;72.774;97.885
20.841;92.899;72.748;97.883
20.842;92.893;72.722;97.882
20.843;92.887;72.696;97.881
20.843;92.881;72.670;97.879
20.844;92.875;72.644;97.878
20.845;92.869;72.618;97.877
20.846;92.865;72.592;97.875
20.847;92.860;72.566;97.874
20.848;92.855;72.540;97.872
20.848;92.850;72.514;97.871
20.849;92.845;72.488;97.870
20.850;92.840;72.462;97.868
20.851;92.836;72.436;97.867
20.852;92.831;72.410;97.866
20.852;92.826;72.384;97.864
20.853;92.821;72.358;97.863
20.854;92.816;72.332;97.861
20.855;92.811;72.305;97.860
20.856;92.807;72.279;97.859
20.857;92.802;72.253;97.857
20.858;92.798;72.227;97.856
20.858;92.795;72.201;97.854
20.859;92.791;72.175;97.853
20.860;92.787;72.148;97.852
20.861;92.783;72.122;97.850
20.862;92.779;72.096;97.849
20.863;92.774;72.070;97.847
20.863;92.769;72.043;97.846
20.864;92.763;72.017;97.845
20.865;92.757;71.991;97.843
20.866;92.751;71.965;97.842
20.867;92.745;71.938;97.840
20.867;92.738;71.912;97.839
20.868;92.732;71.886;97.838
20.869;92.726;71.859;97.836
20.870;92.720;71.833;97.835
20.871;92.714;71.807;97.833
20.872;92.709;71.780;97.832
20.873;92.705;71.754;97.830
20.873;92.700;71.728;97.829
20.874;92.697;71.702;97.828
20.875;92.693;71.675;97.826
20.876;92.689;71.649;97.825
20.877;92.685;71.623;97.823
20.877;92.681;71.596;97.822
20.878;92.677;71.570;97.821
20.879;92.672;71.544;97.819
20.880;92.667;71.517;97.818
20.881;92.661;71.491;97.816
20.882;92.655;71.464;97.815
20.883;92.650;71.438;97.813
20.883;92.646;71.411;97.812
20.884;92.642;71.385;97.811
20.885;92.637;71.359;97.809
20.886;92.631;71.332;97.808
20.887;92.626;71.306;97.806
20.887;92.620;71.279;97.805
20.888;92.614;71.253;97.803
20.889;92.609;71.226;97.802
20.890;92.604;71.199;97.801
20.891;92.598;71.173;97.799
20.892;92.593;71.146;97.798
20.892;92.588;71.120;97.796
20.893;92.583;71.093;97.795
20.894;92.578;71.067;97.793
20.895;92.573;71.040;97.792
20.896;92.568;71.013;97.790
20.897;92.563;70.987;97.789
20.898;92.558;70.960;97.788
20.898;92.553;70.933;97.786
20.899;92.548;70.907;97.785
20.900;92.543;70.880;97.783
20.901;92.538;70.853;97.782
20.902;92.533;70.826;97.780
20.902;92.528;70.800;97.779
20.903;92.523;70.773;97.777
20.904;92.518;70.746;97.776
20.905;92.514;70.719;97.774
20.906;92.510;70.693;97.773
20.907;92.507;70.666;97.772
20.907;92.504;70.639;97.770
20.908;92.501;70.612;97.769
20.909;92.498;70.585;97.767
20.910;92.495;70.558;97.766
20.911;92.492;70.531;97.764
20.912;92.489;70.505;97.763
20.913;92.486;70.478;97.761
20.913;92.483;70.451;97.760
20.914;92.480;70.424;97.758
20.915;92.476;70.397;97.757
20.916;92.471;70.370;97.755
20.917;92.465;70.343;97.754
20.917;92.460;70.316;97.753
20.918;92.455;70.289;97.751
20.919;92.449;70.262;97.750
20.920;92.444;70.235;97.748
20.921;92.439;70.208;97.747
20.922;92.433;70.181;97.745
20.922;92.427;70.153;97.744
20.923;92.421;70.126;97.742
20.924;92.415;70.099;97.741
20.925;92.409;70.072;97.739
20.926;92.403;70.045;97.738
20.927;92.396;70.018;97.736
20.928;92.390;69.991;97.735
20.928;92.384;69.963;97.733
20.929;92.378;69.936;97.732
20.930;92.373;69.909;97.730
20.931;92.368;69.882;97.729
20.932;92.364;69.854;97.727
20.932;92.359;69.827;97.726
20.933;92.354;69.800;97.724
20.934;92.350;69.773;97.723
20.935;92.345;69.745;97.721
20.936;92.340;69.718;97.720
20.937;92.335;69.691;97.718
20.938;92.330;69.663;97.717
20.938;92.325;69.636;97.715
20.939;92.319;69.609;97.714
20.940;92.314;69.581;97.712
20.941;92.309;69.554;97.711
20.942;92.305;69.527;97.709
20.943;92.300;69.500;97.708
20.943;92.295;69.472;97.706
20.944;92.291;69.445;97.705
20.945;92.286;69.418;97.703
20.946;92.281;69.390;97.702
20.947;92.277;69.363;97.701
20.947;92.273;69.336;97.700
20.948;92.269;69.308;97.698
20.949;92.265;69.281;97.697
20.950;92.261;69.254;97.696
20.951;92.256;69.226;97.695
20.952;92.251;69.199;97.694
20.953;92.247;69.171;97.693
20.953;92.242;69.144;97.692
20.954;92.237;69.117;97.691
20.955;92.232;69.089;97.689
20.956;92.228;69.062;97.688
20.957;92.223;69.034;97.687
20.958;92.218;69.014;97.686
20.958;92.214;68.994;97.685
20.959;92.209;68.975;97.684
20.960;92.204;68.955;97.683
20.961;92.200;68.936;97.682
20.962;92.195;68.917;97.680
20.962;92.190;68.897;97.679
20.963;92.184;68.878;97.678
20.964;92.179;68.859;97.677
20.965;92.173;68.839;97.675
20.966;92.168;68.820;97.674
20.967;92.163;68.801;97.672
20.968;92.158;68.781;97.671
20.968;92.153;68.762;97.669
20.969;92.148;68.743;97.668
20.970;92.143;68.724;97.666
20.971;92.137;68.704;97.665
20.972;92.132;68.685;97.663
20.973;92.127;68.666;97.661
20.973;92.122;68.647;97.660
20.974;92.116;68.627;97.658
20.975;92.111;68.608;97.657
20.976;92.106;68.589;97.655
20.977;92.101;68.570;97.654
20.977;92.095;68.551;97.652
20.978;92.090;68.531;97.651
20.979;92.085;68.512;97.649
20.980;92.079;68.490;97.648
20.981;92.074;68.460;97.646
20.982;92.069;68.430;97.644
20.983;92.064;68.400;97.643
20.983;92.058;68.370;97.641
20.984;92.053;68.340;97.640
20.985;92.048;68.309;97.638
20.986;92.042;68.279;97.637
20.987;92.037;68.249;97.635
20.988;92.032;68.219;97.634
20.988;92.027;68.189;97.632
20.989;92.021;68.159;97.630
20.990;92.016;68.129;97.629
20.991;92.010;68.099;97.629
20.992;92.005;68.068;97.628
20.992;91.999;68.038;97.627
20.993;91.994;68.008;97.626
20.994;91.987;67.978;97.626
20.995;91.980;67.948;97.625
20.996;91.973;67.918;97.624
20.997;91.967;67.887;97.623
20.998;91.961;67.857;97.623
20.998;91.955;67.827;97.622
20.999;91.949;67.797;97.621
21.000;91.943;67.766;97.620
21.001;91.937;67.736;97.618
21.002;91.931;67.706;97.617
21.002;91.925;67.676;97.615
21.003;91.918;67.645;97.613
21.004;91.912;67.615;97.611
21.005;91.906;67.585;97.609
21.006;91.900;67.555;97.607
21.007;91.894;67.524;97.605
21.008;91.888;67.494;97.603
21.008;91.882;67.464;97.602
21.009;91.876;67.433;97.600
21.010;91.870;67.403;97.598
21.011;91.864;67.373;97.596
21.012;91.858;67.343;97.594
21.012;91.852;67.312;97.592
21.013;91.846;67.282;97.590
21.014;91.840;67.252;97.588
21.015;91.834;67.221;97.586
21.016;91.828;67.191;97.585
21.017;91.821;67.160;97.583
21.017;91.815;67.130;97.581
21.018;91.810;67.100;97.579
21.019;91.804;67.069;97.577
21.020;91.798;67.039;97.575
21.021;91.793;67.009;97.573
21.022;91.787;66.978;97.571
21.023;91.781;66.948;97.569
21.023;91.775;66.918;97.567
21.024;91.769;66.887;97.565
21.025;91.763;66.857;97.563
21.026;91.756;66.826;97.562
21.027;91.750;66.796;97.560
21.027;91.743;66.766;97.558
21.028;91.737;66.735;97.556
21.029;91.730;66.705;97.555
21.030;91.724;66.674;97.553
21.031;91.717;66.644;97.551
21.032;91.711;66.614;97.550
21.032;91.705;66.583;97.548
21.033;91.700;66.553;97.547
21.034;91.695;66.522;97.545
21.035;91.690;66.492;97.543
21.036;91.684;66.461;97.542
21.037;91.678;66.431;97.540
21.038;91.672;66.400;97.538
21.038;91.666;66.370;97.537
21.039;91.660;66.339;97.535
21.040;91.654;66.309;97.534
21.041;91.648;66.278;97.532
21.042;91.643;66.248;97.530
21.042;91.637;66.217;97.529
21.043;91.631;66.186;97.527
21.044;91.625;66.156;97.525
21.045;91.620;66.125;97.524
21.046;91.613;66.095;97.522
21.047;91.607;66.064;97.521
21.047;91.601;66.034;97.519
21.048;91.595;66.003;97.517
21.049;91.589;65.972;97.516
21.050;91.584;65.944;97.514
21.051;91.579;65.918;97.512
21.052;91.574;65.891;97.511
21.053;91.568;65.864;97.509
21.053;91.562;65.837;97.507
21.054;91.556;65.810;97.506
21.055;91.550;65.783;97.504
21.056;91.543;65.756;97.503
21.057;91.536;65.729;97.501
21.057;91.529;65.703;97.499
21.058;91.524;65.676;97.498
21.059;91.518;65.649;97.496
21.060;91.512;65.622;97.494
21.061;91.505;65.595;97.493
21.062;91.499;65.568;97.491
21.062;91.492;65.541;97.489
21.063;91.486;65.514;97.488
21.064;91.480;65.487;97.486
21.065;91.473;65.460;97.484
21.066;91.467;65.433;97.483
21.067;91.461;65.406;97.481
21.068;91.454;65.379;97.479
21.068;91.448;65.352;97.478
21.069;91.442;65.325;97.476
21.070;91.435;65.298;97.474
21.071;91.429;65.271;97.473
21.072;91.423;65.244;97.471
21.072;91.417;65.217;97.469
21.073;91.410;65.190;97.468
21.074;91.405;65.163;97.466
21.075;91.399;65.136;97.464
21.076;91.393;65.109;97.463
21.077;91.387;65.082;97.461
21.078;91.381;65.055;97.459
21.078;91.375;65.028;97.458
21.079;91.369;65.001;97.456
21.080;91.363;64.974;97.454
21.081;91.358;64.947;97.453
21.082;91.352;64.920;97.451
21.083;91.346;64.893;97.449
21.083;91.340;64.866;97.448
21.084;91.334;64.839;97.446
21.085;91.328;64.812;97.444
21.086;91.322;64.785;97.443
21.087;91.317;64.757;97.441
21.087;91.311;64.730;97.439
21.088;91.305;64.703;97.438
21.089;91.300;64.676;97.436
21.090;91.296;64.649;97.434
21.091;91.292;64.622;97.432
21.092;91.288;64.595;97.431
21.093;91.281;64.568;97.429
21.093;91.275;64.541;97.427
21.094;91.268;64.513;97.426
21.095;91.261;64.486;97.424
21.096;91.255;64.459;97.422
21.097;91.250;64.432;97.421
21.098;91.245;64.405;97.419
21.098;91.240;64.378;97.417
21.099;91.235;64.351;97.415
21.100;91.230;64.324;97.414
21.101;91.224;64.296;97.412
21.102;91.218;64.269;97.410
21.102;91.212;64.242;97.409
21.103;91.206;64.215;97.407
21.104;91.199;64.188;97.405
21.105;91.193;64.160;97.404
21.106;91.187;64.133;97.402
21.107;91.180;64.106;97.400
21.108;91.174;64.079;97.398
21.108;91.167;64.052;97.397
21.109;91.161;64.024;97.395
21.110;91.155;63.997;97.393
21.111;91.148;63.970;97.392
21.112;91.142;63.943;97.390
21.113;91.135;63.915;97.388
21.113;91.129;63.888;97.386
21.114;91.123;63.861;97.385
21.115;91.116;63.834;97.383
21.116;91.110;63.806;97.381
21.117;91.104;63.779;97.380
21.117;91.099;63.752;97.378
21.118;91.093;63.725;97.376
21.119;91.087;63.697;97.374
21.120;91.081;63.670;97.373
21.121;91.075;63.643;97.371
21.122;91.069;63.616;97.369
21.123;91.063;63.588;97.367
21.123;91.057;63.561;97.366
21.124;91.050;63.534;97.364
21.125;91.044;63.506;97.362
21.126;91.037;63.479;97.360
21.127;91.030;63.452;97.359
21.127;91.024;63.424;97.357
21.128;91.017;63.397;97.355
21.129;91.010;63.370;97.354
21.130;91.004;63.342;97.352
21.131;90.997;63.315;97.350
21.132;90.990;63.288;97.348
21.133;90.984;63.261;97.347
21.133;90.977;63.234;97.345
21.134;90.970;63.207;97.343
21.135;90.964;63.179;97.341
21.136;90.957;63.152;97.340
21.137;90.950;63.125;97.338
21.137;90.944;63.098;97.336
21.138;90.937;63.070;97.334
21.139;90.930;63.043;97.333
21.140;90.924;63.016;97.331
21.141;90.917;62.989;97.329
21.142;90.910;62.962;97.327
21.142;90.904;62.934;97.326
21.143;90.898;62.907;97.324
21.144;90.892;62.880;97.322
21.145;90.886;62.853;97.320
21.146;90.880;62.825;97.319
21.147;90.874;62.798;97.317
21.148;90.868;62.771;97.315
21.148;90.862;62.744;97.313
21.149;90.856;62.716;97.311
21.150;90.850;62.689;97.310
21.151;90.844;62.662;97.308
21.152;90.837;62.635;97.306
21.152;90.831;62.607;97.304
21.153;90.825;62.580;97.303
21.154;90.819;62.553;97.301
21.155;90.813;62.525;97.299
21.156;90.807;62.498;97.297
21.157;90.801;62.471;97.295
21.157;90.795;62.444;97.294
21.158;90.789;62.416;97.292
21.159;90.784;62.389;97.290
21.160;90.779;62.362;97.288
21.161;90.774;62.334;97.287
21.162;90.770;62.307;97.285
21.163;90.765;62.280;97.283
21.163;90.760;62.252;97.281
21.164;90.755;62.225;97.279
21.165;90.751;62.198;97.278
21.166;90.746;62.170;97.276
21.167;90.741;62.143;97.274
21.167;90.736;62.116;97.272
21.168;90.732;62.088;97.270
21.169;90.727;62.061;97.269
21.170;90.722;62.034;97.267
21.171;90.717;62.006;97.265
21.172;90.713;61.979;97.263
21.172;90.708;61.952;97.261
21.173;90.703;61.924;97.260
21.174;90.698;61.897;97.258
21.175;90.692;61.870;97.256
21.176;90.686;61.842;97.254
21.177;90.680;61.815;97.252
21.178;90.674;61.788;97.251
21.178;90.668;61.760;97.249
21.179;90.662;61.733;97.247
21.180;90.658;61.705;97.245
21.181;90.654;61.678;97.243
21.182;90.650;61.651;97.241
21.182;90.646;61.627;97.240
21.183;90.642;61.605;97.239
21.184;90.638;61.583;97.237
21.185;90.634;61.560;97.236
21.186;90.630;61.538;97.234
21.187;90.626;61.515;97.233
21.188;90.621;61.493;97.232
21.188;90.616;61.470;97.230
21.189;90.611;61.448;97.229
21.190;90.605;61.425;97.227
21.191;90.597;61.403;97.226
21.192;90.589;61.381;97.225
21.193;90.581;61.358;97.223
21.193;90.572;61.336;97.222
21.194;90.564;61.313;97.220
21.195;90.556;61.291;97.219
21.196;90.548;61.269;97.218
21.197;90.540;61.246;97.216
21.197;90.532;61.224;97.215
21.198;90.524;61.202;97.213
21.199;90.515;61.179;97.212
21.200;90.507;61.157;97.210
21.201;90.499;61.135;97.209
21.202;90.491;61.112;97.208
21.203;90.484;61.090;97.206
21.203;90.478;61.068;97.205
21.204;90.472;61.045;97.203
21.205;90.466;61.023;97.202
21.206;90.461;61.001;97.201
21.207;90.455;60.979;97.199
21.208;90.449;60.956;97.198
21.208;90.443;60.934;97.196
21.209;90.437;60.912;97.195
21.210;90.431;60.890;97.193
21.211;90.425;60.867;97.192
21.212;90.419;60.845;97.191
21.212;90.413;60.823;97.189
21.213;90.408;60.801;97.188
21.214;90.402;60.779;97.186
21.215;90.396;60.756;97.185
21.216;90.390;60.734;97.183
21.217;90.384;60.712;97.182
21.218;90.378;60.690;97.180
21.218;90.372;60.668;97.179
21.219;90.366;60.646;97.178
21.220;90.360;60.624;97.176
21.221;90.354;60.601;97.175
21.222;90.348;60.579;97.173
21.223;90.343;60.557;97.172
21.223;90.336;60.535;97.170
21.224;90.329;60.512;97.169
21.225;90.322;60.483;97.168
21.226;90.315;60.455;97.166
21.227;90.308;60.426;97.165
21.227;90.301;60.397;97.163
21.228;90.294;60.368;97.162
21.229;90.288;60.339;97.160
21.230;90.283;60.310;97.159
21.231;90.277;60.281;97.157
21.232;90.272;60.252;97.156
21.233;90.267;60.223;97.155
21.233;90.262;60.195;97.153
21.234;90.256;60.166;97.152
21.235;90.251;60.137;97.150
21.236;90.246;60.108;97.149
21.237;90.240;60.079;97.147
21.238;90.235;60.050;97.146
21.238;90.230;60.021;97.144
21.239;90.224;59.992;97.143
21.240;90.220;59.963;97.141
21.241;90.216;59.934;97.140
21.242;90.212;59.905;97.139
21.242;90.208;59.876;97.137
21.243;90.204;59.847;97.136
21.244;90.199;59.819;97.134
21.245;90.195;59.790;97.133
21.246;90.190;59.761;97.131
21.247;90.184;59.732;97.130
21.248;90.178;59.703;97.128
21.248;90.173;59.674;97.127
21.249;90.167;59.645;97.125
21.250;90.161;59.616;97.123
21.251;90.155;59.587;97.121
21.252;90.150;59.558;97.119
21.252;90.144;59.529;97.117
21.253;90.138;59.500;97.114
21.254;90.132;59.471;97.112
21.255;90.127;59.442;97.110
21.256;90.121;59.413;97.108
21.257;90.115;59.384;97.106
21.258;90.109;59.355;97.104
21.258;90.103;59.326;97.102
21.259;90.096;59.297;97.100
21.260;90.089;59.268;97.097
21.261;90.083;59.239;97.095
21.262;90.077;59.210;97.094
21.262;90.071;59.182;97.093
21.263;90.065;59.153;97.092
21.264;90.059;59.124;97.091
21.265;90.053;59.095;97.089
21.266;90.047;59.066;97.088
21.267;90.041;59.037;97.087
21.267;90.035;59.008;97.086
21.268;90.028;58.979;97.085
21.269;90.020;58.950;97.084
21.270;90.013;58.921;97.083
21.271;90.006;58.892;97.082
21.272;89.999;58.863;97.080
21.273;89.991;58.834;97.079
21.273;89.984;58.805;97.078
21.274;89.977;58.776;97.077
21.275;89.969;58.747;97.076
21.276;89.962;58.718;97.075
21.277;89.955;58.689;97.074
21.277;89.947;58.660;97.073
21.278;89.940;58.631;97.072
21.279;89.933;58.602;97.070
21.280;89.927;58.573;97.069
21.281;89.921;58.544;97.068
21.282;89.915;58.515;97.067
21.282;89.909;58.486;97.066
21.283;89.904;58.457;97.065
21.284;89.898;58.427;97.064
21.285;89.892;58.398;97.062
21.286;89.886;58.369;97.061
21.287;89.880;58.340;97.059
21.288;89.874;58.311;97.058
21.288;89.869;58.282;97.056
21.289;89.863;58.253;97.055
21.290;89.856;58.224;97.053
21.291;89.849;58.195;97.052
21.292;89.842;58.166;97.050
21.292;89.834;58.137;97.049
21.293;89.828;58.108;97.047
21.294;89.822;58.079;97.046
21.295;89.816;58.050;97.044
21.296;89.810;58.021;97.043
21.297;89.804;57.992;97.041
21.297;89.798;57.963;97.040
21.298;89.792;57.934;97.038
21.299;89.787;57.905;97.037
21.300;89.781;57.876;97.035
21.301;89.775;57.847;97.034
21.302;89.769;57.818;97.032
21.303;89.763;57.789;97.031
21.303;89.757;57.760;97.029
21.304;89.751;57.730;97.028
21.305;89.745;57.701;97.026
21.306;89.739;57.672;97.025
21.307;89.732;57.643;97.023
21.307;89.725;57.614;97.022
21.308;89.718;57.585;97.020
21.309;89.711;57.556;97.019
21.310;89.704;57.527;97.017
21.311;89.696;57.498;97.016
21.312;89.689;57.469;97.014
21.312;89.682;57.440;97.013
21.313;89.675;57.411;97.011
21.314;89.668;57.382;97.010
21.315;89.661;57.353;97.008
21.316;89.654;57.323;97.007
21.317;89.648;57.294;97.005
21.318;89.642;57.265;97.004
21.318;89.635;57.236;97.002
21.319;89.628;57.207;97.001
21.320;89.620;57.178;96.999
21.321;89.613;57.149;96.997
21.322;89.606;57.120;96.996
21.322;89.598;57.091;96.994
21.323;89.591;57.062;96.993
21.324;89.583;57.033;96.991
21.325;89.576;57.004;96.990
21.326;89.569;56.974;96.988
21.327;89.561;56.945;96.987
21.328;89.554;56.916;96.985
21.328;89.546;56.887;96.984
21.329;89.539;56.858;96.982
21.330;89.532;56.829;96.980
21.331;89.524;56.800;96.979
21.332;89.517;56.771;96.977
21.333;89.510;56.742;96.976
21.333;89.503;56.713;96.974
21.334;89.496;56.684;96.973
21.335;89.488;56.654;96.971
21.336;89.481;56.625;96.970
21.337;89.474;56.596;96.968
21.337;89.467;56.567;96.966
21.338;89.459;56.538;96.965
21.339;89.452;56.509;96.963
21.340;89.445;56.480;96.962
21.341;89.438;56.451;96.960
21.342;89.431;56.422;96.958
21.343;89.423;56.393;96.956
21.343;89.416;56.363;96.954
21.344;89.409;56.334;96.952
21.345;89.402;56.305;96.950
21.346;89.394;56.276;96.948
21.347;89.387;56.247;96.946
21.348;89.380;56.218;96.945
21.348;89.373;56.189;96.943
21.349;89.366;56.160;96.941
21.350;89.360;56.131;96.939
21.351;89.353;56.102;96.937
21.352;89.346;56.073;96.935
21.352;89.339;56.043;96.933
21.353;89.332;56.014;96.931
21.354;89.325;55.985;96.929
21.355;89.318;55.956;96.927
21.356;89.311;55.927;96.926
21.357;89.304;55.898;96.924
21.358;89.298;55.869;96.922
21.358;89.291;55.840;96.920
21.359;89.284;55.811;96.918
21.360;89.277;55.782;96.916
21.361;89.270;55.753;96.914
21.362;89.263;55.724;96.912
21.363;89.256;55.694;96.910
21.363;89.249;55.665;96.908
21.364;89.242;55.636;96.906
21.365;89.235;55.607;96.905
21.366;89.228;55.578;96.903
21.367;89.221;55.549;96.901
21.367;89.214;55.520;96.899
21.368;89.207;55.491;96.897
21.369;89.200;55.462;96.895
21.370;89.193;55.433;96.893
21.371;89.187;55.404;96.891
21.372;89.180;55.375;96.889
21.373;89.173;55.346;96.887
21.373;89.166;55.317;96.885
21.374;89.159;55.288;96.883
21.375;89.152;55.259;96.881
21.376;89.145;55.230;96.880
21.377;89.138;55.200;96.878
21.377;89.131;55.171;96.876
21.378;89.124;55.142;96.874
21.379;89.117;55.113;96.872
21.380;89.110;55.084;96.870
21.381;89.103;55.055;96.868
21.382;89.096;55.026;96.866
21.383;89.089;54.997;96.864
21.383;89.082;54.968;96.862
21.384;89.075;54.939;96.860
21.385;89.068;54.910;96.858
21.386;89.061;54.881;96.856
21.387;89.054;54.852;96.854
21.387;89.047;54.823;96.852
21.388;89.040;54.794;96.850
21.389;89.033;54.765;96.848
21.390;89.026;54.736;96.846
21.391;89.019;54.707;96.845
21.392;89.012;54.678;96.843
21.392;89.005;54.649;96.841
21.393;88.998;54.620;96.839
21.394;88.992;54.591;96.837
21.395;88.986;54.562;96.835
21.396;88.979;54.533;96.833
21.397;88.973;54.504;96.831
21.398;88.966;54.475;96.829
21.398;88.960;54.447;96.827
21.399;88.953;54.419;96.825
21.400;88.947;54.392;96.823
21.401;88.941;54.364;96.821
21.402;88.934;54.336;96.819
21.402;88.928;54.309;96.817
21.403;88.921;54.281;96.815
21.404;88.915;54.253;96.813
21.405;88.908;54.226;96.811
21.406;88.902;54.198;96.809
21.407;88.895;54.170;96.807
21.407;88.889;54.143;96.805
21.408;88.883;54.115;96.803
21.409;88.876;54.087;96.801
21.410;88.870;54.060;96.799
21.411;88.863;54.032;96.797
21.412;88.857;54.004;96.795
21.413;88.850;53.977;96.793
21.413;88.844;53.949;96.791
21.414;88.837;53.922;96.789
21.415;88.831;53.894;96.787
21.416;88.824;53.866;96.785
21.417;88.818;53.839;96.783
21.417;88.811;53.811;96.781
21.418;88.805;53.783;96.779
21.419;88.798;53.756;96.777
21.420;88.791;53.728;96.775
21.421;88.784;53.701;96.773
21.422;88.778;53.673;96.771
21.422;88.772;53.645;96.769
21.423;88.765;53.618;96.767
21.424;88.759;53.590;96.765
21.425;88.752;53.563;96.763
21.426;88.746;53.535;96.761
21.427;88.740;53.508;96.759
21.428;88.733;53.480;96.757
21.428;88.726;53.452;96.755
21.429;88.720;53.425;96.753
21.430;88.713;53.397;96.751
21.431;88.706;53.370;96.749
21.432;88.700;53.342;96.747
21.432;88.693;53.315;96.745
21.433;88.687;53.287;96.742
21.434;88.680;53.260;96.740
21.435;88.673;53.232;96.738
21.436;88.667;53.204;96.736
21.437;88.660;53.177;96.734
21.438;88.654;53.149;96.732
21.438;88.647;53.122;96.730
21.439;88.640;53.094;96.728
21.440;88.634;53.067;96.726
21.441;88.627;53.039;96.724
21.442;88.621;53.012;96.722
21.443;88.614;52.984;96.720
21.443;88.607;52.957;96.718
21.444;88.601;52.929;96.716
21.445;88.594;52.902;96.714
21.446;88.587;52.874;96.712
21.447;88.581;52.847;96.710
21.447;88.574;52.819;96.708
21.448;88.567;52.792;96.706
21.449;88.561;52.764;96.704
21.450;88.554;52.737;96.702
21.451;88.547;52.709;96.699
21.452;88.541;52.682;96.697
21.453;88.534;52.654;96.695
21.453;88.527;52.627;96.693
21.454;88.521;52.599;96.691
21.455;88.514;52.572;96.689
21.456;88.507;52.544;96.687
21.457;88.500;52.517;96.685
21.458;88.494;52.490;96.683
21.458;88.487;52.462;96.681
21.459;88.480;52.435;96.679
21.460;88.474;52.407;96.677
21.461;88.467;52.380;96.674
21.462;88.460;52.352;96.672
21.462;88.453;52.325;96.669
21.463;88.447;52.297;96.667
21.464;88.440;52.270;96.665
21.465;88.433;52.243;96.662
21.466;88.426;52.215;96.660
21.467;88.420;52.188;96.657
21.468;88.413;52.160;96.655
21.468;88.406;52.133;96.653
21.469;88.399;52.106;96.650
21.470;88.393;52.078;96.648
21.471;88.386;52.051;96.645
21.472;88.379;52.023;96.643
21.473;88.372;51.996;96.640
21.473;88.365;51.969;96.639
21.474;88.359;51.941;96.638
21.475;88.352;51.914;96.637
21.476;88.345;51.886;96.636
21.477;88.338;51.859;96.635
21.477;88.332;51.832;96.633
21.478;88.325;51.804;96.631
21.479;88.319;51.777;96.629
21.480;88.313;51.750;96.627
21.481;88.307;51.722;96.625
21.482;88.300;51.695;96.623
21.483;88.294;51.668;96.621
21.483;88.288;51.640;96.619
21.484;88.282;51.613;96.617
21.485;88.276;51.586;96.615
21.486;88.269;51.558;96.613
21.487;88.263;51.531;96.610
21.488;88.257;51.504;96.608
21.488;88.250;51.476;96.606
21.489;88.244;51.449;96.604
21.490;88.238;51.422;96.602
21.491;88.232;51.394;96.600
21.492;88.225;51.367;96.598
21.492;88.219;51.340;96.596
21.493;88.213;51.312;96.594
21.494;88.207;51.285;96.592
21.495;88.200;51.258;96.590
21.496;88.194;51.231;96.588
21.497;88.188;51.203;96.586
21.498;88.181;51.176;96.583
21.498;88.175;51.149;96.581
21.499;88.169;51.122;96.579
21.500;88.162;51.094;96.577
21.501;88.156;51.067;96.575
21.502;88.150;51.040;96.573
21.502;88.143;51.013;96.571
21.503;88.136;50.985;96.569
21.504;88.130;50.958;96.567
21.505;88.123;50.931;96.565
21.506;88.116;50.904;96.563
21.507;88.109;50.877;96.560
21.508;88.102;50.849;96.558
21.508;88.095;50.822;96.556
21.509;88.089;50.795;96.554
21.510;88.082;50.768;96.552
21.511;88.075;50.741;96.550
21.512;88.068;50.713;96.548
21.512;88.061;50.686;96.546
21.513;88.054;50.659;96.544
21.514;88.048;50.632;96.542
21.515;88.041;50.605;96.539
21.516;88.034;50.578;96.537
21.517;88.027;50.551;96.535
21.517;88.020;50.523;96.533
21.518;88.013;50.496;96.531
21.519;88.006;50.469;96.529
21.520;88.000;50.442;96.527
21.521;87.993;50.415;96.525
21.522;87.986;50.388;96.523
21.523;87.979;50.361;96.520
21.523;87.972;50.334;96.518
21.524;87.965;50.307;96.516
21.525;87.957;50.279;96.514
21.526;87.950;50.252;96.512
21.527;87.942;50.225;96.510
21.527;87.935;50.198;96.508
21.528;87.927;50.171;96.506
21.529;87.919;50.144;96.503
21.530;87.912;50.117;96.501
21.531;87.904;50.090;96.499
21.532;87.896;50.063;96.497
21.532;87.888;50.036;96.495
21.533;87.881;50.009;96.493
21.534;87.873;49.982;96.491
21.535;87.865;49.955;96.490
21.536;87.857;49.928;96.488
21.537;87.850;49.901;96.487
21.538;87.842;49.874;96.486
21.538;87.834;49.847;96.484
21.539;87.826;49.820;96.483
21.540;87.819;49.793;96.481
21.541;87.811;49.766;96.480
21.542;87.803;49.739;96.478
21.542;87.795;49.712;96.477
21.543;87.788;49.685;96.476
21.544;87.780;49.658;96.474
21.545;87.772;49.631;96.473
21.546;87.764;49.604;96.471
21.547;87.756;49.577;96.470
21.547;87.749;49.550;96.468
21.548;87.741;49.524;96.467
21.549;87.733;49.497;96.466
21.550;87.725;49.470;96.464
21.551;87.717;49.443;96.463
21.552;87.709;49.416;96.461
21.553;87.702;49.389;96.460
21.553;87.694;49.362;96.458
21.554;87.686;49.336;96.457
21.555;87.678;49.309;96.455
21.556;87.670;49.283;96.454
21.557;87.662;49.256;96.452
21.557;87.655;49.229;96.451
21.558;87.647;49.203;96.450
21.559;87.639;49.176;96.448
21.560;87.631;49.150;96.447
21.561;87.623;49.123;96.445
21.562;87.615;49.097;96.444
21.562;87.607;49.070;96.442
21.563;87.599;49.044;96.441
21.564;87.591;49.017;96.439
21.565;87.584;48.991;96.438
21.566;87.576;48.964;96.436
21.567;87.568;48.938;96.435
21.568;87.560;48.911;96.433
21.568;87.552;48.885;96.432
21.569;87.544;48.859;96.430
21.570;87.536;48.832;96.429
21.571;87.528;48.806;96.427
21.572;87.520;48.779;96.426
21.572;87.512;48.762;96.425
21.573;87.504;48.747;96.423
21.574;87.496;48.732;96.422
21.575;87.488;48.717;96.420
21.576;87.480;48.702;96.419
21.577;87.472;48.687;96.417
21.578;87.464;48.672;96.416
21.578;87.456;48.657;96.414
21.579;87.448;48.642;96.413
21.580;87.440;48.627;96.411
21.581;87.432;48.612;96.410
21.582;87.424;48.597;96.408
21.583;87.416;48.583;96.407
21.583;87.408;48.568;96.405
21.584;87.400;48.553;96.404
21.585;87.392;48.538;96.402
21.586;87.384;48.523;96.401
21.587;87.376;48.508;96.399
21.587;87.368;48.493;96.398
21.588;87.360;48.478;96.396
21.589;87.352;48.463;96.395
21.590;87.344;48.449;96.393
21.591;87.336;48.434;96.392
21.592;87.328;48.419;96.390
21.593;87.320;48.404;96.389
21.593;87.311;48.389;96.387
21.594;87.303;48.374;96.386
21.595;87.294;48.360;96.384
21.596;87.285;48.345;96.383
21.597;87.276;48.330;96.381
21.598;87.267;48.315;96.380
21.598;87.258;48.301;96.378
21.599;87.250;48.286;96.377
21.600;87.241;48.271;96.375
21.601;87.232;48.256;96.374
21.602;87.223;48.242;96.372
21.602;87.214;48.227;96.371
21.603;87.205;48.207;96.369
21.604;87.196;48.177;96.368
21.605;87.187;48.147;96.366
21.606;87.179;48.117;96.365
21.607;87.170;48.087;96.363
21.608;87.161;48.058;96.362
21.608;87.152;48.028;96.360
21.609;87.143;47.998;96.359
21.610;87.135;47.968;96.357
21.611;87.127;47.938;96.356
21.612;87.120;47.909;96.354
21.613;87.112;47.879;96.353
21.613;87.105;47.849;96.351
21.614;87.097;47.819;96.350
21.615;87.090;47.789;96.348
21.616;87.082;47.760;96.347
21.617;87.075;47.730;96.345
21.617;87.066;47.700;96.344
21.618;87.057;47.670;96.342
21.619;87.048;47.641;96.341
21.620;87.039;47.611;96.339
21.621;87.032;47.581;96.338
21.622;87.024;47.551;96.336
21.623;87.017;47.522;96.335
21.623;87.009;47.492;96.333
21.624;87.002;47.462;96.332
21.625;86.994;47.433;96.330
21.626;86.986;47.403;96.329
21.627;86.979;47.373;96.327
21.627;86.971;47.343;96.326
21.628;86.964;47.314;96.324
21.629;86.956;47.284;96.323
21.630;86.948;47.254;96.321
21.631;86.941;47.225;96.320
21.632;86.933;47.195;96.318
21.633;86.926;47.165;96.316
21.633;86.918;47.136;96.315
21.634;86.910;47.106;96.313
21.635;86.903;47.076;96.312
21.636;86.894;47.047;96.310
21.637;86.886;47.017;96.309
21.637;86.878;46.987;96.307
21.638;86.869;46.958;96.306
21.639;86.861;46.928;96.304
21.640;86.853;46.899;96.303
21.641;86.845;46.869;96.301
21.642;86.836;46.839;96.300
21.642;86.828;46.810;96.298
21.643;86.819;46.780;96.297
21.644;86.811;46.751;96.295
21.645;86.803;46.721;96.294
21.646;86.794;46.691;96.292
21.647;86.786;46.662;96.290
21.648;86.778;46.632;96.289
21.648;86.770;46.599;96.287
21.649;86.762;46.564;96.286
21.650;86.753;46.529;96.284
21.651;86.745;46.494;96.283
21.652;86.737;46.460;96.281
21.652;86.729;46.425;96.280
21.653;86.720;46.390;96.278
21.654;86.712;46.355;96.276
21.655;86.704;46.320;96.274
21.656;86.696;46.285;96.272
21.657;86.687;46.250;96.269
21.657;86.679;46.215;96.267
21.658;86.671;46.181;96.265
21.659;86.663;46.146;96.263
21.660;86.654;46.111;96.261
21.661;86.646;46.076;96.258
21.662;86.638;46.041;96.256
21.663;86.629;46.006;96.254
21.663;86.621;45.972;96.252
21.664;86.613;45.937;96.250
21.665;86.605;45.902;96.247
21.666;86.596;45.867;96.245
21.667;86.588;45.833;96.243
21.667;86.580;45.798;96.241
21.668;86.573;45.763;96.238
21.669;86.565;45.728;96.236
21.670;86.558;45.693;96.234
21.671;86.551;45.659;96.232
21.672;86.543;45.624;96.230
21.672;86.534;45.597;96.227
21.673;86.525;45.571;96.225
21.674;86.515;45.545;96.223
21.675;86.506;45.519;96.221
21.676;86.497;45.492;96.218
21.677;86.488;45.466;96.216
21.678;86.479;45.440;96.214
21.678;86.471;45.414;96.212
21.679;86.463;45.388;96.209
21.680;86.454;45.362;96.207
21.681;86.446;45.336;96.205
21.682;86.437;45.310;96.203
21.682;86.429;45.284;96.200
21.683;86.421;45.258;96.198
21.684;86.412;45.232;96.196
21.685;86.404;45.206;96.194
21.686;86.395;45.181;96.191
21.687;86.387;45.155;96.189
21.688;86.378;45.129;96.187
21.688;86.370;45.103;96.185
21.689;86.362;45.077;96.182
21.690;86.353;45.051;96.180
21.691;86.345;45.025;96.178
21.692;86.336;44.999;96.176
21.693;86.328;44.973;96.173
21.693;86.319;44.947;96.171
21.694;86.311;44.922;96.169
21.695;86.302;44.896;96.167
21.696;86.294;44.870;96.164
21.697;86.285;44.844;96.162
21.697;86.277;44.818;96.160
21.698;86.268;44.792;96.158
21.699;86.260;44.767;96.155
21.700;86.251;44.741;96.153
21.701;86.243;44.715;96.151
21.702;86.234;44.690;96.149
21.703;86.226;44.664;96.146
21.703;86.217;44.639;96.144
21.704;86.209;44.613;96.142
21.705;86.200;44.588;96.139
21.706;86.192;44.563;96.137
21.707;86.183;44.537;96.135
21.708;86.174;44.512;96.133
21.708;86.166;44.485;96.130
21.709;86.157;44.456;96.128
21.710;86.149;44.427;96.126
21.711;86.140;44.399;96.123
21.712;86.132;44.370;96.121
21.712;86.123;44.341;96.119
21.713;86.114;44.312;96.117
21.714;86.106;44.283;96.114
21.715;86.097;44.254;96.112
21.716;86.089;44.225;96.110
21.717;86.080;44.197;96.107
21.718;86.071;44.168;96.105
21.718;86.063;44.139;96.103
21.719;86.054;44.110;96.100
21.720;86.046;44.081;96.098
21.721;86.037;44.052;96.096
21.722;86.028;44.024;96.094
21.723;86.020;43.995;96.091
21.723;86.011;43.966;96.089
21.724;86.002;43.937;96.087
21.725;85.994;43.909;96.084
21.726;85.985;43.880;96.082
21.727;85.976;43.851;96.080
21.727;85.967;43.822;96.077
21.728;85.958;43.794;96.075
21.729;85.948;43.765;96.073
21.730;85.938;43.736;96.071
21.731;85.928;43.708;96.069
21.732;85.919;43.681;96.067
21.733;85.909;43.662;96.065
21.733;85.899;43.643;96.063
21.734;85.889;43.631;96.062
21.735;85.880;43.620;96.060
21.736;85.870;43.608;96.058
21.737;85.860;43.597;96.056
21.738;85.850;43.585;96.054
21.738;85.840;43.574;96.052
21.739;85.831;43.555;96.050
21.740;85.821;43.530;96.048
21.741;85.811;43.505;96.046
21.742;85.801;43.480;96.045
21.742;85.792;43.455;96.043
21.743;85.783;43.430;96.041
21.744;85.775;43.406;96.039
21.745;85.766;43.381;96.037
21.746;85.757;43.356;96.035
21.747;85.748;43.331;96.033
21.748;85.739;43.306;96.031
21.748;85.730;43.280;96.029
21.749;85.723;43.255;96.027
21.750;85.716;43.230;96.026
21.751;85.709;43.205;96.024
21.752;85.701;43.180;96.022
21.752;85.694;43.155;96.020
21.753;85.686;43.130;96.018
21.754;85.676;43.105;96.016
21.755;85.666;43.080;96.014
21.756;85.657;43.055;96.012
21.757;85.647;43.029;96.010
21.758;85.637;43.004;96.008
21.758;85.627;42.979;96.006
21.759;85.618;42.954;96.005
21.760;85.608;42.929;96.003
21.761;85.598;42.899;96.001
21.762;85.588;42.865;96.000
21.762;85.579;42.832;95.999
21.763;85.569;42.799;95.998
21.764;85.559;42.765;95.997
21.765;85.550;42.732;95.997
21.766;85.542;42.699;95.996
21.767;85.533;42.665;95.995
21.767;85.524;42.632;95.994
21.768;85.516;42.599;95.994
21.769;85.507;42.566;95.993
21.770;85.499;42.532;95.992
21.771;85.490;42.502;95.991
21.772;85.482;42.473;95.991
21.773;85.473;42.445;95.990
21.773;85.465;42.416;95.989
21.774;85.456;42.388;95.988
21.775;85.448;42.359;95.988
21.776;85.439;42.330;95.987
21.777;85.431;42.302;95.986
21.777;85.422;42.273;95.985
21.778;85.415;42.245;95.985
21.779;85.408;42.216;95.984
21.780;85.401;42.188;95.983
21.781;85.395;42.159;95.982
21.782;85.388;42.131;95.982
21.782;85.381;42.102;95.981
21.783;85.374;42.074;95.980
21.784;85.367;42.045;95.979
21.785;85.357;42.017;95.979
21.786;85.347;41.989;95.978
21.787;85.337;41.960;95.977
21.788;85.327;41.932;95.976
21.788;85.318;41.903;95.976
21.789;85.308;41.875;95.975
21.790;85.298;41.846;95.974
21.791;85.288;41.818;95.973
21.792;85.279;41.790;95.973
21.792;85.271;41.761;95.972
21.793;85.263;41.733;95.971
21.794;85.255;41.705;95.970
21.795;85.247;41.676;95.970
21.796;85.239;41.648;95.969
21.797;85.231;41.620;95.968
21.797;85.223;41.591;95.967
21.798;85.215;41.563;95.966
21.799;85.207;41.535;95.964
21.800;85.199;41.506;95.962
21.801;85.190;41.478;95.960
21.802;85.182;41.450;95.958
21.803;85.174;41.422;95.956
21.803;85.166;41.394;95.954
21.804;85.158;41.366;95.952
21.805;85.150;41.337;95.950
21.806;85.142;41.309;95.948
21.807;85.134;41.281;95.946
21.807;85.126;41.253;95.944
21.808;85.118;41.225;95.942
21.809;85.110;41.197;95.939
21.810;85.101;41.169;95.937
21.811;85.093;41.141;95.935
21.812;85.085;41.113;95.933
21.812;85.077;41.085;95.931
21.813;85.069;41.057;95.929
21.814;85.060;41.029;95.927
21.815;85.052;41.001;95.925
21.816;85.043;40.973;95.923
21.817;85.035;40.945;95.921
21.818;85.026;40.917;95.919
21.818;85.018;40.889;95.916
21.819;85.009;40.861;95.914
21.820;85.001;40.833;95.912
21.821;84.992;40.805;95.910
21.822;84.984;40.777;95.908
21.822;84.975;40.749;95.906
21.823;84.966;40.721;95.904
21.824;84.958;40.693;95.902
21.825;84.949;40.665;95.900
21.826;84.941;40.637;95.898
21.827;84.932;40.609;95.895
21.828;84.924;40.581;95.893
21.828;84.915;40.554;95.891
21.829;84.906;40.526;95.889
21.830;84.898;40.498;95.887
21.831;84.889;40.470;95.885
21.832;84.881;40.442;95.883
21.833;84.872;40.414;95.881
21.833;84.863;40.387;95.878
21.834;84.853;40.359;95.876
21.835;84.842;40.331;95.874
21.836;84.832;40.303;95.872
21.837;84.821;40.275;95.870
21.837;84.813;40.248;95.868
21.838;84.804;40.220;95.866
21.839;84.796;40.192;95.863
21.840;84.787;40.164;95.861
21.841;84.779;40.137;95.859
21.842;84.771;40.109;95.857
21.843;84.762;40.082;95.855
21.843;84.754;40.054;95.853
21.844;84.745;40.027;95.850
21.845;84.737;40.000;95.848
21.846;84.728;39.972;95.846
21.847;84.720;39.945;95.844
21.848;84.711;39.918;95.842
21.848;84.703;39.890;95.840
21.849;84.694;39.863;95.838
21.850;84.686;39.836;95.835
21.851;84.678;39.808;95.833
21.852;84.671;39.784;95.831
21.852;84.664;39.770;95.829
21.853;84.657;39.757;95.827
21.854;84.649;39.735;95.825
21.855;84.642;39.707;95.822
21.856;84.635;39.679;95.820
21.857;84.628;39.651;95.818
21.858;84.620;39.623;95.816
21.858;84.612;39.595;95.814
21.859;84.604;39.567;95.811
21.860;84.595;39.539;95.809
21.861;84.586;39.511;95.807
21.862;84.577;39.483;95.805
21.863;84.569;39.455;95.803
21.863;84.560;39.427;95.801
21.864;84.551;39.399;95.798
21.865;84.542;39.371;95.796
21.866;84.534;39.343;95.794
21.867;84.525;39.315;95.792
21.867;84.516;39.287;95.790
21.868;84.507;39.259;95.787
21.869;84.499;39.231;95.785
21.870;84.490;39.203;95.783
21.871;84.481;39.175;95.781
21.872;84.472;39.148;95.779
21.873;84.464;39.120;95.776
21.873;84.455;39.092;95.774
21.874;84.446;39.064;95.772
21.875;84.437;39.036;95.770
21.876;84.428;39.009;95.768
21.877;84.419;38.981;95.765
21.877;84.409;38.953;95.763
21.878;84.400;38.925;95.761
21.879;84.390;38.898;95.759
21.880;84.381;38.870;95.757
21.881;84.371;38.842;95.754
21.882;84.362;38.815;95.752
21.883;84.352;38.787;95.750
21.883;84.343;38.759;95.748
21.884;84.333;38.732;95.747
21.885;84.324;38.704;95.746
21.886;84.314;38.677;95.744
21.887;84.305;38.649;95.743
21.887;84.295;38.621;95.742
21.888;84.286;38.594;95.740
21.889;84.278;38.566;95.739
21.890;84.271;38.539;95.738
21.891;84.263;38.511;95.737
21.892;84.256;38.484;95.735
21.892;84.248;38.456;95.734
21.893;84.241;38.429;95.733
21.894;84.233;38.401;95.731
21.895;84.226;38.374;95.730
21.896;84.218;38.346;95.729
21.897;84.211;38.319;95.727
21.898;84.203;38.292;95.726
21.898;84.196;38.264;95.725
21.899;84.188;38.237;95.724
21.900;84.181;38.209;95.722
21.901;84.173;38.182;95.721
21.902;84.166;38.155;95.720
21.902;84.158;38.127;95.718
21.903;84.151;38.100;95.717
21.904;84.143;38.073;95.716
21.905;84.136;38.046;95.715
21.906;84.128;38.018;95.713
21.907;84.121;37.991;95.712
21.907;84.113;37.964;95.711
21.908;84.105;37.937;95.709
21.909;84.095;37.909;95.708
21.910;84.085;37.882;95.707
21.911;84.076;37.855;95.705
21.912;84.066;37.828;95.704
21.913;84.057;37.801;95.703
21.913;84.048;37.774;95.701
21.914;84.040;37.746;95.700
21.915;84.031;37.719;95.699
21.916;84.023;37.692;95.698
21.917;84.015;37.665;95.696
21.917;84.006;37.638;95.695
21.918;83.998;37.611;95.694
21.919;83.990;37.584;95.692
21.920;83.982;37.557;95.691
21.921;83.973;37.530;95.690
21.922;83.965;37.503;95.688
21.922;83.955;37.476;95.687
21.923;83.944;37.449;95.686
21.924;83.933;37.422;95.684
21.925;83.922;37.395;95.683
21.926;83.911;37.368;95.682
21.927;83.900;37.341;95.681
21.928;83.889;37.315;95.679
21.928;83.878;37.288;95.678
21.929;83.867;37.261;95.677
21.930;83.856;37.234;95.675
21.931;83.846;37.207;95.674
21.932;83.837;37.180;95.673
21.932;83.827;37.154;95.671
21.933;83.817;37.127;95.670
21.934;83.808;37.100;95.669
21.935;83.798;37.073;95.667
21.936;83.788;37.047;95.666
21.937;83.779;37.020;95.665
21.938;83.769;36.993;95.663
21.938;83.759;36.966;95.662
21.939;83.750;36.940;95.661
21.940;83.740;36.913;95.659
21.941;83.731;36.887;95.658
21.942;83.721;36.860;95.657
21.943;83.711;36.833;95.655
21.943;83.702;36.807;95.654
21.944;83.692;36.780;95.653
21.945;83.682;36.754;95.651
21.946;83.672;36.727;95.650
21.947;83.663;36.701;95.649
21.947;83.653;36.674;95.648
21.948;83.643;36.650;95.646
21.949;83.634;36.627;95.645
21.950;83.624;36.603;95.644
21.951;83.614;36.579;95.642
21.952;83.605;36.555;95.641
21.953;83.595;36.532;95.640
21.953;83.585;36.508;95.638
21.954;83.575;36.484;95.637
21.955;83.566;36.461;95.636
21.956;83.557;36.437;95.634
21.957;83.548;36.413;95.633
21.958;83.538;36.390;95.632
21.958;83.528;36.366;95.630
21.959;83.518;36.342;95.629
21.960;83.507;36.319;95.628
21.961;83.498;36.295;95.626
21.962;83.488;36.272;95.625
21.962;83.478;36.248;95.624
21.963;83.470;36.224;95.622
21.964;83.462;36.201;95.621
21.965;83.453;36.177;95.620
21.966;83.445;36.154;95.618
21.967;83.437;36.130;95.617
21.968;83.430;36.107;95.616
21.968;83.424;36.083;95.614
21.969;83.417;36.060;95.613
21.970;83.410;36.037;95.611
21.971;83.402;36.013;95.610
21.972;83.391;35.990;95.609
21.973;83.380;35.966;95.607
21.973;83.369;35.943;95.606
21.974;83.358;35.920;95.605
21.975;83.347;35.896;95.603
21.976;83.335;35.873;95.602
21.977;83.324;35.850;95.601
21.977;83.313;35.826;95.599
21.978;83.304;35.803;95.598
21.979;83.294;35.780;95.597
21.980;83.284;35.756;95.595
21.981;83.274;35.733;95.594
21.982;83.264;35.710;95.593
21.983;83.254;35.687;95.591
21.983;83.245;35.663;95.590
21.984;83.238;35.640;95.588
21.985;83.230;35.617;95.587
21.986;83.221;35.594;95.586
21.987;83.210;35.570;95.584
21.988;83.200;35.547;95.583
21.988;83.189;35.524;95.582
21.989;83.178;35.501;95.580
21.990;83.168;35.478;95.579
21.991;83.157;35.455;95.578
21.992;83.147;35.432;95.576
21.992;83.137;35.409;95.575
21.993;83.126;35.385;95.573
21.994;83.116;35.362;95.572
21.995;83.106;35.340;95.571
21.996;83.096;35.317;95.569
21.997;83.087;35.294;95.568
21.998;83.077;35.271;95.567
21.998;83.067;35.248;95.565
21.999;83.057;35.225;95.564
22.000;83.047;35.202;95.562
22.001;83.037;35.180;95.561
22.002;83.027;35.157;95.558
22.002;83.017;35.134;95.556
22.003;83.007;35.111;95.553
22.004;82.997;35.088;95.551
22.005;82.987;35.066;95.548
22.006;82.977;35.043;95.546
22.007;82.967;35.020;95.544
22.008;82.958;34.998;95.541
22.008;82.948;34.975;95.539
22.009;82.938;34.952;95.536
22.010;82.928;34.930;95.534
22.011;82.918;34.907;95.531
22.012;82.908;34.884;95.529
22.012;82.898;34.862;95.527
22.013;82.888;34.839;95.524
22.014;82.878;34.816;95.522
22.015;82.868;34.794;95.519
22.016;82.858;34.771;95.517
22.017;82.848;34.749;95.514
22.017;82.838;34.726;95.512
22.018;82.828;34.704;95.509
22.019;82.818;34.681;95.507
22.020;82.808;34.659;95.504
22.021;82.798;34.636;95.502
22.022;82.788;34.614;95.500
22.023;82.778;34.591;95.497
22.023;82.768;34.569;95.495
22.024;82.758;34.546;95.492
22.025;82.748;34.524;95.490
22.026;82.738;34.501;95.487
22.027;82.728;34.479;95.485
22.027;82.718;34.456;95.482
22.028;82.708;34.434;95.480
22.029;82.698;34.412;95.477
22.030;82.688;34.392;95.475
22.031;82.679;34.373;95.472
22.032;82.670;34.354;95.470
22.032;82.662;34.335;95.467
22.033;82.653;34.316;95.465
22.034;82.644;34.297;95.462
22.035;82.635;34.279;95.460
22.036;82.626;34.260;95.457
22.037;82.618;34.241;95.455
22.038;82.609;34.222;95.452
22.038;82.600;34.203;95.450
22.039;82.591;34.184;95.447
22.040;82.582;34.166;95.445
22.041;82.573;34.147;95.442
22.042;82.565;34.128;95.440
22.042;82.556;34.109;95.437
22.043;82.547;34.091;95.435
22.044;82.538;34.072;95.432
22.045;82.529;34.053;95.430
22.046;82.520;34.035;95.427
22.047;82.512;34.016;95.425
22.047;82.503;33.997;95.422
22.048;82.493;33.979;95.420
22.049;82.483;33.960;95.417
22.050;82.473;33.942;95.415
22.051;82.463;33.923;95.412
22.052;82.452;33.905;95.411
22.053;82.442;33.886;95.409
22.053;82.432;33.867;95.408
22.054;82.422;33.849;95.406
22.055;82.412;33.830;95.405
22.056;82.402;33.812;95.403
22.057;82.391;33.794;95.401
22.057;82.381;33.775;95.400
22.058;82.371;33.757;95.398
22.059;82.361;33.738;95.397
22.060;82.351;33.720;95.395
22.061;82.340;33.701;95.394
22.062;82.330;33.683;95.392
22.062;82.320;33.665;95.391
22.063;82.310;33.646;95.389
22.064;82.300;33.628;95.388
22.065;82.289;33.610;95.386
22.066;82.279;33.591;95.385
22.067;82.269;33.573;95.383
22.068;82.259;33.555;95.381
22.068;82.249;33.537;95.380
22.069;82.238;33.519;95.378
22.070;82.228;33.501;95.377
22.071;82.218;33.483;95.375
22.072;82.208;33.465;95.374
22.072;82.197;33.447;95.372
22.073;82.187;33.429;95.371
22.074;82.177;33.411;95.369
22.075;82.167;33.393;95.367
22.076;82.156;33.375;95.366
22.077;82.146;33.357;95.364
22.078;82.136;33.339;95.363
22.078;82.127;33.322;95.361
22.079;82.119;33.304;95.360
22.080;82.111;33.286;95.358
22.081;82.102;33.268;95.357
22.082;82.093;33.250;95.355
22.083;82.083;33.232;95.354
22.083;82.074;33.215;95.352
22.084;82.065;33.197;95.350
22.085;82.055;33.179;95.349
22.086;82.046;33.161;95.347
22.087;82.036;33.144;95.346
22.087;82.025;33.126;95.344
22.088;82.016;33.108;95.343
22.089;82.007;33.091;95.341
22.090;81.997;33.073;95.339
22.091;81.987;33.055;95.338
22.092;81.977;33.038;95.336
22.093;81.967;33.020;95.335
22.093;81.957;33.002;95.333
22.094;81.947;32.985;95.332
22.095;81.937;32.967;95.330
22.096;81.927;32.950;95.328
22.097;81.917;32.932;95.327
22.098;81.906;32.915;95.325
22.098;81.895;32.900;95.324
22.099;81.884;32.887;95.322
22.100;81.873;32.873;95.321
22.101;81.862;32.860;95.319
22.102;81.851;32.846;95.317
22.102;81.840;32.833;95.316
22.103;81.829;32.820;95.314
22.104;81.818;32.806;95.313
22.105;81.807;32.793;95.311
22.106;81.796;32.779;95.310
22.107;81.785;32.766;95.308
22.108;81.774;32.753;95.306
22.108;81.763;32.739;95.305
22.109;81.752;32.726;95.303
22.110;81.741;32.712;95.302
22.111;81.730;32.699;95.300
22.112;81.719;32.686;95.299
22.113;81.707;32.672;95.297
22.113;81.695;32.659;95.295
22.114;81.684;32.646;95.294
22.115;81.672;32.632;95.292
22.116;81.660;32.619;95.291
22.117;81.648;32.606;95.289
22.117;81.636;32.593;95.287
22.118;81.624;32.579;95.286
22.119;81.612;32.566;95.284
22.120;81.601;32.553;95.283
22.121;81.591;32.540;95.281
22.122;81.581;32.526;95.280
22.123;81.570;32.513;95.278
22.123;81.560;32.500;95.276
22.124;81.550;32.487;95.275
22.125;81.540;32.474;95.273
22.126;81.529;32.460;95.272
22.127;81.519;32.447;95.270
22.127;81.509;32.434;95.268
22.128;81.499;32.421;95.267
22.129;81.489;32.408;95.265
22.130;81.478;32.395;95.264
22.131;81.468;32.382;95.262
22.132;81.458;32.369;95.260
22.133;81.448;32.355;95.259
22.133;81.437;32.342;95.257
22.134;81.427;32.329;95.256
22.135;81.417;32.316;95.254
22.136;81.407;32.303;95.252
22.137;81.396;32.290;95.251
22.137;81.386;32.277;95.249
22.138;81.376;32.264;95.248
22.139;81.366;32.251;95.246
22.140;81.355;32.238;95.244
22.141;81.345;32.225;95.243
22.142;81.335;32.212;95.241
22.142;81.325;32.199;95.240
22.143;81.314;32.186;95.238
22.144;81.304;32.173;95.236
22.145;81.294;32.160;95.235
22.146;81.283;32.147;95.233
22.147;81.273;32.135;95.232
22.148;81.263;32.122;95.230
22.148;81.253;32.109;95.228
22.149;81.242;32.096;95.227
22.150;81.232;32.083;95.224
22.151;81.222;32.070;95.222
22.152;81.211;32.057;95.219
22.152;81.201;32.044;95.217
22.153;81.191;32.031;95.214
22.154;81.181;32.019;95.212
22.155;81.170;32.006;95.209
22.156;81.160;31.993;95.207
22.157;81.150;31.980;95.204
22.157;81.139;31.967;95.202
22.158;81.129;31.955;95.199
22.159;81.119;31.942;95.197
22.160;81.108;31.929;95.194
22.161;81.098;31.916;95.192
22.162;81.088;31.904;95.189
22.163;81.077;31.891;95.187
22.163;81.067;31.878;95.184
22.164;81.057;31.865;95.182
22.165;81.046;31.853;95.179
22.166;81.036;31.840;95.177
22.167;81.026;31.827;95.174
22.167;81.015;31.815;95.172
22.168;81.005;31.802;95.169
22.169;80.995;31.789;95.167
22.170;80.984;31.777;95.164
22.171;80.974;31.764;95.162
22.172;80.962;31.751;95.159
22.172;80.950;31.739;95.157
22.173;80.937;31.726;95.154
22.174;80.925;31.714;95.152
22.175;80.913;31.701;95.149
22.176;80.901;31.688;95.147
22.177;80.889;31.676;95.144
22.178;80.877;31.663;95.142
22.178;80.864;31.651;95.139
22.179;80.852;31.638;95.137
22.180;80.840;31.626;95.134
22.181;80.828;31.613;95.132
22.182;80.816;31.601;95.129
22.182;80.804;31.588;95.127
22.183;80.791;31.576;95.124
22.184;80.779;31.563;95.121
22.185;80.767;31.551;95.119
22.186;80.755;31.538;95.116
22.187;80.742;31.526;95.114
22.188;80.730;31.513;95.111
22.188;80.718;31.501;95.109
22.189;80.706;31.488;95.106
22.190;80.693;31.476;95.104
22.191;80.681;31.464;95.101
22.192;80.669;31.451;95.099
22.193;80.657;31.439;95.096
22.193;80.644;31.426;95.093
22.194;80.632;31.414;95.091
22.195;80.620;31.402;95.088
22.196;80.608;31.389;95.086
22.197;80.595;31.374;95.083
22.197;80.583;31.356;95.081
22.198;80.571;31.337;95.078
22.199;80.558;31.318;95.076
22.200;80.546;31.299;95.073
22.201;80.534;31.280;95.070
22.202;80.521;31.262;95.068
22.203;80.509;31.243;95.065
22.203;80.497;31.224;95.063
22.204;80.484;31.205;95.060
22.205;80.472;31.187;95.058
22.206;80.460;31.168;95.055
22.207;80.447;31.149;95.052
22.208;80.435;31.130;95.050
22.208;80.422;31.112;95.047
22.209;80.409;31.093;95.045
22.210;80.396;31.074;95.042
22.211;80.383;31.056;95.040
22.212;80.370;31.037;95.037
22.212;80.357;31.018;95.034
22.213;80.344;31.000;95.032
22.214;80.331;30.981;95.029
22.215;80.318;30.963;95.027
22.216;80.305;30.944;95.024
22.217;80.294;30.925;95.021
22.218;80.284;30.907;95.019
22.218;80.273;30.888;95.016
22.219;80.263;30.870;95.014
22.220;80.252;30.851;95.011
22.221;80.242;30.833;95.008
22.222;80.231;30.814;95.006
22.223;80.221;30.796;95.003
22.223;80.210;30.777;95.001
22.224;80.197;30.759;94.998
22.225;80.186;30.740;94.995
22.226;80.175;30.722;94.993
22.227;80.164;30.704;94.990
22.227;80.153;30.685;94.987
22.228;80.142;30.667;94.985
22.229;80.131;30.648;94.982
22.230;80.120;30.630;94.980
22.231;80.109;30.612;94.977
22.232;80.098;30.593;94.974
22.233;80.087;30.575;94.972
22.233;80.076;30.557;94.969
22.234;80.065;30.538;94.966
22.235;80.054;30.520;94.964
22.236;80.043;30.502;94.961
22.237;80.032;30.483;94.958
22.238;80.024;30.465;94.956
22.238;80.015;30.447;94.953
22.239;80.007;30.429;94.950
22.240;79.999;30.410;94.948
22.241;79.991;30.392;94.945
22.242;79.983;30.374;94.943
22.242;79.975;30.356;94.940
22.243;79.966;30.338;94.937
22.244;79.958;30.320;94.935
22.245;79.950;30.301;94.932
22.246;79.942;30.283;94.929
22.247;79.934;30.265;94.927
22.248;79.926;30.247;94.924
22.248;79.917;30.229;94.921
22.249;79.909;30.211;94.919
22.250;79.901;30.193;94.916
22.251;79.893;30.175;94.913
22.252;79.885;30.157;94.911
22.252;79.877;30.139;94.908
22.253;79.869;30.121;94.905
22.254;79.860;30.103;94.903
22.255;79.852;30.085;94.900
22.256;79.844;30.067;94.897
22.257;79.836;30.049;94.895
22.258;79.828;30.031;94.892
22.258;79.820;30.013;94.889
22.259;79.811;29.995;94.887
22.260;79.803;29.977;94.884
22.261;79.795;29.959;94.881
22.262;79.787;29.941;94.878
22.262;79.779;29.923;94.876
22.263;79.771;29.906;94.873
22.264;79.762;29.888;94.870
22.265;79.754;29.870;94.868
22.266;79.746;29.852;94.865
22.267;79.738;29.834;94.863
22.267;79.730;29.816;94.861
22.268;79.722;29.799;94.859
22.269;79.714;29.781;94.857
22.270;79.705;29.763;94.856
22.271;79.697;29.745;94.854
22.272;79.689;29.728;94.852
22.273;79.681;29.710;94.850
22.273;79.673;29.692;94.849
22.274;79.665;29.675;94.847
22.275;79.657;29.657;94.845
22.276;79.648;29.639;94.843
22.277;79.640;29.621;94.840
22.277;79.632;29.604;94.837
22.278;79.624;29.586;94.834
22.279;79.616;29.569;94.831
22.280;79.608;29.551;94.827
22.281;79.599;29.533;94.824
22.282;79.591;29.516;94.821
22.282;79.583;29.498;94.818
22.283;79.575;29.481;94.815
22.284;79.567;29.463;94.812
22.285;79.559;29.445;94.809
22.286;79.551;29.428;94.806
22.287;79.542;29.410;94.803
22.288;79.534;29.393;94.799
22.288;79.526;29.375;94.796
22.289;79.518;29.358;94.793
22.290;79.506;29.340;94.790
22.291;79.495;29.323;94.787
22.292;79.484;29.306;94.784
22.292;79.472;29.288;94.781
22.293;79.461;29.271;94.778
22.294;79.450;29.253;94.774
22.295;79.438;29.236;94.771
22.296;79.427;29.218;94.768
22.297;79.415;29.201;94.765
22.297;79.404;29.184;94.763
22.298;79.393;29.166;94.760
22.299;79.381;29.149;94.757
22.300;79.370;29.132;94.755
22.301;79.358;29.114;94.752
22.302;79.347;29.097;94.749
22.303;79.336;29.080;94.747
22.303;79.324;29.062;94.744
22.304;79.313;29.045;94.741
22.305;79.301;29.028;94.739
22.306;79.290;29.014;94.737
22.307;79.279;29.001;94.735
22.307;79.267;28.988;94.734
22.308;79.256;28.974;94.732
22.309;79.244;28.961;94.730
22.310;79.233;28.948;94.729
22.311;79.221;28.934;94.727
22.312;79.210;28.921;94.725
22.312;79.198;28.908;94.724
22.313;79.187;28.895;94.722
22.314;79.176;28.881;94.720
22.315;79.164;28.868;94.719
22.316;79.153;28.855;94.717
22.317;79.141;28.842;94.715
22.318;79.130;28.829;94.713
22.318;79.118;28.815;94.712
22.319;79.107;28.802;94.710
22.320;79.095;28.789;94.708
22.321;79.084;28.776;94.707
22.322;79.072;28.763;94.705
22.322;79.061;28.750;94.703
22.323;79.050;28.736;94.701
22.324;79.038;28.723;94.700
22.325;79.027;28.710;94.698
22.326;79.015;28.697;94.696
22.327;79.004;28.684;94.695
22.328;78.992;28.671;94.693
22.328;78.981;28.658;94.691
22.329;78.969;28.645;94.689
22.330;78.958;28.632;94.688
22.331;78.946;28.619;94.686
22.332;78.935;28.606;94.684
22.333;78.923;28.593;94.683
22.333;78.912;28.580;94.681
22.334;78.900;28.567;94.679
22.335;78.889;28.555;94.677
22.336;78.877;28.542;94.676
22.337;78.866;28.529;94.674
22.337;78.854;28.516;94.672
22.338;78.842;28.503;94.671
22.339;78.831;28.490;94.669
22.340;78.819;28.477;94.667
22.341;78.808;28.464;94.665
22.342;78.796;28.452;94.664
22.343;78.785;28.439;94.662
22.343;78.773;28.426;94.660
22.344;78.762;28.413;94.659
22.345;78.750;28.400;94.657
22.346;78.739;28.388;94.655
22.347;78.727;28.366;94.653
22.348;78.716;28.344;94.652
22.348;78.704;28.322;94.650
22.349;78.692;28.300;94.648
22.350;78.681;28.279;94.646
22.351;78.669;28.257;94.645
22.352;78.658;28.235;94.643
22.352;78.646;28.213;94.641
22.353;78.635;28.191;94.640
22.354;78.623;28.169;94.638
22.355;78.611;28.148;94.636
22.356;78.600;28.126;94.634
22.357;78.589;28.104;94.633
22.358;78.580;28.083;94.631
22.358;78.571;28.070;94.629
22.359;78.563;28.056;94.627
22.360;78.554;28.042;94.626
22.361;78.545;28.029;94.624
22.362;78.536;28.015;94.622
22.363;78.527;28.001;94.620
22.363;78.519;27.988;94.619
22.364;78.510;27.974;94.617
22.365;78.501;27.961;94.615
22.366;78.492;27.947;94.614
22.367;78.484;27.933;94.612
22.367;78.475;27.920;94.610
22.368;78.466;27.906;94.608
22.369;78.457;27.893;94.607
22.370;78.448;27.879;94.605
22.371;78.440;27.866;94.603
22.372;78.431;27.852;94.601
22.373;78.422;27.839;94.600
22.373;78.413;27.825;94.598
22.374;78.405;27.812;94.596
22.375;78.396;27.798;94.594
22.376;78.387;27.785;94.593
22.377;78.378;27.771;94.591
22.377;78.370;27.758;94.589
22.378;78.361;27.745;94.587
22.379;78.352;27.731;94.586
22.380;78.343;27.718;94.584
22.381;78.334;27.705;94.582
22.382;78.326;27.692;94.580
22.383;78.317;27.679;94.579
22.383;78.308;27.665;94.577
22.384;78.299;27.652;94.575
22.385;78.291;27.639;94.573
22.386;78.282;27.626;94.571
22.387;78.273;27.613;94.570
22.387;78.264;27.599;94.568
22.388;78.256;27.586;94.566
22.389;78.247;27.573;94.564
22.390;78.238;27.560;94.563
22.391;78.229;27.547;94.561
22.392;78.221;27.534;94.559
22.392;78.212;27.521;94.557
22.393;78.203;27.508;94.556
22.394;78.194;27.495;94.554
22.395;78.186;27.482;94.552
22.396;78.177;27.469;94.550
22.397;78.168;27.456;94.548
22.398;78.159;27.442;94.547
22.398;78.151;27.429;94.545
22.399;78.142;27.417;94.543
22.400;78.133;27.404;94.541
22.401;78.124;27.391;94.539
22.402;78.116;27.378;94.537
22.402;78.107;27.365;94.536
22.403;78.098;27.352;94.534
22.404;78.089;27.339;94.532
22.405;78.081;27.326;94.530
22.406;78.072;27.313;94.528
22.407;78.062;27.300;94.527
22.407;78.053;27.287;94.525
22.408;78.044;27.274;94.523
22.409;78.034;27.262;94.521
22.410;78.025;27.249;94.519
22.411;78.016;27.236;94.518
22.412;78.006;27.223;94.516
22.413;77.997;27.210;94.514
22.413;77.988;27.197;94.510
22.414;77.978;27.185;94.507
22.415;77.969;27.172;94.504
22.416;77.960;27.159;94.500
22.417;77.950;27.146;94.497
22.417;77.941;27.134;94.494
22.418;77.932;27.121;94.490
22.419;77.922;27.108;94.487
22.420;77.913;27.095;94.483
22.421;77.904;27.083;94.480
22.422;77.894;27.070;94.477
22.422;77.885;27.057;94.473
22.423;77.876;27.045;94.470
22.424;77.866;27.032;94.466
22.425;77.857;27.019;94.463
22.426;77.848;27.007;94.459
22.427;77.838;26.994;94.456
22.428;77.829;26.982;94.453
22.428;77.820;26.969;94.449
22.429;77.810;26.956;94.446
22.430;77.801;26.944;94.442
22.431;77.792;26.931;94.439
22.432;77.782;26.919;94.435
22.432;77.773;26.906;94.432
22.433;77.764;26.894;94.429
22.434;77.754;26.881;94.425
22.435;77.745;26.868;94.422
22.436;77.736;26.856;94.418
22.437;77.726;26.843;94.415
22.438;77.717;26.831;94.411
22.438;77.708;26.819;94.408
22.439;77.698;26.806;94.405
22.440;77.689;26.794;94.401
22.441;77.680;26.781;94.398
22.442;77.670;26.769;94.394
22.443;77.661;26.756;94.391
22.443;77.652;26.744;94.387
22.444;77.642;26.732;94.384
22.445;77.633;26.719;94.380
22.446;77.624;26.707;94.377
22.447;77.614;26.694;94.373
22.447;77.605;26.682;94.370
22.448;77.596;26.670;94.366
22.449;77.586;26.657;94.363
22.450;77.577;26.645;94.359
22.451;77.568;26.633;94.356
22.452;77.558;26.620;94.352
22.453;77.549;26.608;94.349
22.453;77.540;26.596;94.345
22.454;77.530;26.584;94.342
22.455;77.521;26.571;94.338
22.456;77.512;26.559;94.335
22.457;77.502;26.547;94.331
22.458;77.493;26.535;94.328
22.458;77.484;26.522;94.324
22.459;77.474;26.510;94.321
22.460;77.465;26.498;94.317
22.461;77.456;26.486;94.314
22.462;77.446;26.474;94.310
22.462;77.437;26.461;94.307
22.463;77.428;26.449;94.303
22.464;77.418;26.437;94.300
22.465;77.408;26.425;94.296
22.466;77.397;26.413;94.293
22.467;77.387;26.401;94.289
22.468;77.376;26.389;94.286
22.468;77.366;26.376;94.282
22.469;77.355;26.364;94.279
22.470;77.344;26.352;94.275
22.471;77.334;26.340;94.272
22.472;77.323;26.328;94.268
22.473;77.313;26.316;94.265
22.473;77.302;26.304;94.261
22.474;77.292;26.292;94.257
22.475;77.281;26.280;94.254
22.476;77.270;26.268;94.250
22.477;77.260;26.256;94.247
22.477;77.249;26.244;94.243
22.478;77.239;26.232;94.240
22.479;77.228;26.220;94.236
22.480;77.217;26.208;94.233
22.481;77.207;26.196;94.229
22.482;77.196;26.184;94.225
22.483;77.186;26.172;94.222
22.483;77.175;26.161;94.218
22.484;77.164;26.149;94.215
22.485;77.154;26.137;94.211
22.486;77.143;26.125;94.208
22.487;77.133;26.113;94.204
22.488;77.122;26.101;94.200
22.488;77.111;26.089;94.197
22.489;77.101;26.077;94.193
22.490;77.090;26.066;94.190
22.491;77.079;26.054;94.186
22.492;77.069;26.042;94.182
22.492;77.058;26.030;94.179
22.493;77.048;26.018;94.175
22.494;77.037;26.007;94.172
22.495;77.026;25.995;94.168
22.496;77.016;25.983;94.164
22.497;77.005;25.971;94.161
22.498;76.994;25.960;94.157
22.498;76.984;25.948;94.153
22.499;76.973;25.936;94.150
22.500;76.962;25.925;94.146
22.501;76.952;25.913;94.143
22.502;76.941;25.901;94.139
22.502;76.930;25.889;94.135
22.503;76.920;25.878;94.132
22.504;76.909;25.866;94.128
22.505;76.898;25.854;94.124
22.506;76.888;25.843;94.121
22.507;76.877;25.831;94.117
22.508;76.866;25.820;94.114
22.508;76.857;25.800;94.110
22.509;76.849;25.778;94.106
22.510;76.840;25.756;94.103
22.511;76.832;25.735;94.099
22.512;76.823;25.713;94.095
22.512;76.815;25.691;94.092
22.513;76.806;25.669;94.088
22.514;76.798;25.647;94.084
22.515;76.789;25.625;94.081
22.516;76.781;25.604;94.077
22.517;76.773;25.582;94.073
22.517;76.764;25.560;94.070
22.518;76.756;25.538;94.066
22.519;76.747;25.517;94.064
22.520;76.738;25.495;94.062
22.521;76.728;25.473;94.060
22.522;76.719;25.452;94.059
22.523;76.709;25.430;94.057
22.523;76.700;25.408;94.055
22.524;76.690;25.387;94.054
22.525;76.681;25.365;94.052
22.526;76.671;25.343;94.050
22.527;76.662;25.322;94.049
22.527;76.652;25.300;94.047
22.528;76.643;25.279;94.045
22.529;76.633;25.257;94.044
22.530;76.624;25.235;94.042
22.531;76.615;25.214;94.040
22.532;76.605;25.192;94.038
22.532;76.596;25.171;94.037
22.533;76.586;25.149;94.035
22.534;76.577;25.128;94.033
22.535;76.567;25.107;94.032
22.536;76.558;25.085;94.030
22.537;76.548;25.064;94.028
22.538;76.539;25.042;94.027
22.538;76.529;25.021;94.025
22.539;76.520;25.000;94.023
22.540;76.510;24.978;94.022
22.541;76.501;24.957;94.020
22.542;76.491;24.935;94.018
22.542;76.482;24.914;94.016
22.543;76.473;24.893;94.015
22.544;76.463;24.872;94.013
22.545;76.454;24.850;94.011
22.546;76.444;24.829;94.010
22.547;76.435;24.808;94.008
22.547;76.425;24.787;94.006
22.548;76.416;24.765;94.005
22.549;76.406;24.744;94.003
22.550;76.397;24.723;94.001
22.551;76.387;24.702;93.999
22.552;76.378;24.681;93.998
22.553;76.368;24.659;93.996
22.553;76.359;24.638;93.994
22.554;76.349;24.617;93.993
22.555;76.340;24.596;93.991
22.556;76.331;24.575;93.989
22.557;76.321;24.554;93.988
22.557;76.312;24.533;93.986
22.558;76.302;24.512;93.984
22.559;76.293;24.491;93.982
22.560;76.282;24.470;93.981
22.561;76.272;24.449;93.979
22.562;76.261;24.428;93.977
22.562;76.251;24.407;93.976
22.563;76.240;24.386;93.974
22.564;76.230;24.365;93.972
22.565;76.220;24.344;93.970
22.566;76.209;24.323;93.969
22.567;76.199;24.302;93.967
22.568;76.188;24.281;93.965
22.568;76.178;24.260;93.964
22.569;76.167;24.240;93.962
22.570;76.157;24.219;93.960
22.571;76.146;24.198;93.959
22.572;76.135;24.177;93.957
22.572;76.124;24.156;93.955
22.573;76.113;24.135;93.953
22.574;76.101;24.115;93.952
22.575;76.090;24.094;93.950
22.576;76.079;24.073;93.948
22.577;76.067;24.052;93.946
22.578;76.056;24.032;93.945
22.578;76.045;24.011;93.943
22.579;76.033;23.990;93.941
22.580;76.022;23.970;93.940
22.581;76.012;23.949;93.938
22.582;76.002;23.928;93.936
22.583;75.991;23.908;93.934
22.583;75.979;23.887;93.933
22.584;75.968;23.867;93.931
22.585;75.956;23.846;93.929
22.586;75.945;23.831;93.928
22.587;75.933;23.817;93.926
22.587;75.921;23.804;93.924
22.588;75.910;23.790;93.922
22.589;75.898;23.776;93.921
22.590;75.887;23.763;93.919
22.591;75.875;23.749;93.917
22.592;75.863;23.735;93.915
22.593;75.852;23.722;93.914
22.593;75.840;23.708;93.912
22.594;75.828;23.694;93.910
22.595;75.817;23.681;93.909
22.596;75.805;23.667;93.907
22.597;75.794;23.653;93.905
22.598;75.782;23.640;93.903
22.598;75.770;23.626;93.902
22.599;75.759;23.613;93.900
22.600;75.751;23.599;93.898
22.601;75.743;23.585;93.895
22.602;75.733;23.572;93.892
22.602;75.723;23.558;93.889
22.603;75.714;23.545;93.886
22.604;75.704;23.531;93.883
22.605;75.694;23.518;93.880
22.606;75.685;23.504;93.877
22.607;75.675;23.491;93.873
22.608;75.665;23.477;93.870
22.608;75.655;23.464;93.867
22.609;75.644;23.450;93.864
22.610;75.632;23.437;93.861
22.611;75.619;23.424;93.858
22.612;75.606;23.410;93.855
22.613;75.594;23.397;93.851
22.613;75.581;23.383;93.848
22.614;75.568;23.370;93.845
22.615;75.555;23.356;93.842
22.616;75.543;23.343;93.839
22.617;75.530;23.330;93.836
22.617;75.517;23.316;93.832
22.618;75.504;23.303;93.829
22.619;75.490;23.290;93.826
22.620;75.476;23.276;93.823
22.621;75.463;23.263;93.820
22.622;75.449;23.250;93.816
22.623;75.437;23.236;93.813
22.623;75.426;23.223;93.810
22.624;75.415;23.210;93.807
22.625;75.401;23.197;93.804
22.626;75.387;23.183;93.801
22.627;75.374;23.170;93.797
22.627;75.360;23.157;93.794
22.628;75.346;23.144;93.791
22.629;75.333;23.130;93.788
22.630;75.319;23.117;93.785
22.631;75.305;23.104;93.781
22.632;75.292;23.091;93.778
22.633;75.278;23.078;93.775
22.633;75.264;23.064;93.772
22.634;75.251;23.051;93.769
22.635;75.237;23.038;93.765
22.636;75.223;23.025;93.762
22.637;75.209;23.012;93.759
22.637;75.196;22.999;93.756
22.638;75.182;22.986;93.753
22.639;75.168;22.973;93.749
22.640;75.155;22.959;93.746
22.641;75.141;22.946;93.743
22.642;75.127;22.931;93.740
22.642;75.113;22.912;93.737
22.643;75.100;22.894;93.733
22.644;75.086;22.876;93.730
22.645;75.072;22.857;93.727
22.646;75.058;22.839;93.724
22.647;75.045;22.821;93.720
22.648;75.031;22.802;93.717
22.648;75.017;22.784;93.714
22.649;75.003;22.766;93.711
22.650;74.990;22.747;93.708
22.651;74.976;22.729;93.704
22.652;74.962;22.711;93.701
22.652;74.948;22.693;93.698
22.653;74.934;22.675;93.695
22.654;74.921;22.656;93.691
22.655;74.907;22.638;93.688
22.656;74.893;22.620;93.685
22.657;74.879;22.602;93.682
22.657;74.865;22.584;93.678
22.658;74.852;22.565;93.675
22.659;74.838;22.547;93.672
22.660;74.824;22.529;93.669
22.661;74.810;22.511;93.665
22.662;74.796;22.493;93.662
22.663;74.783;22.475;93.659
22.663;74.769;22.457;93.656
22.664;74.755;22.439;93.652
22.665;74.742;22.421;93.649
22.666;74.729;22.403;93.646
22.667;74.716;22.385;93.643
22.667;74.703;22.367;93.639
22.668;74.690;22.349;93.636
22.669;74.677;22.331;93.633
22.670;74.664;22.313;93.629
22.671;74.651;22.295;93.626
22.672;74.638;22.277;93.623
22.672;74.625;22.259;93.619
22.673;74.612;22.241;93.616
22.674;74.600;22.223;93.613
22.675;74.587;22.205;93.610
22.676;74.574;22.187;93.606
22.677;74.561;22.170;93.603
22.678;74.548;22.152;93.600
22.678;74.535;22.134;93.596
22.679;74.522;22.116;93.593
22.680;74.509;22.098;93.590
22.681;74.496;22.080;93.586
22.682;74.483;22.063;93.583
22.682;74.470;22.045;93.580
22.683;74.457;22.027;93.576
22.684;74.444;22.009;93.573
22.685;74.431;21.992;93.570
22.686;74.418;21.974;93.566
22.687;74.405;21.956;93.563
22.688;74.392;21.939;93.560
22.688;74.379;21.921;93.556
22.689;74.366;21.903;93.553
22.690;74.353;21.886;93.550
22.691;74.340;21.868;93.546
22.692;74.327;21.850;93.543
22.693;74.314;21.833;93.540
22.693;74.301;21.815;93.536
22.694;74.288;21.797;93.533
22.695;74.274;21.780;93.530
22.696;74.261;21.762;93.526
22.697;74.248;21.745;93.523
22.697;74.235;21.727;93.520
22.698;74.222;21.710;93.516
22.699;74.209;21.692;93.513
22.700;74.196;21.675;93.510
22.701;74.183;21.657;93.506
22.702;74.170;21.640;93.503
22.703;74.159;21.622;93.499
22.703;74.148;21.605;93.496
22.704;74.137;21.587;93.493
22.705;74.126;21.570;93.489
22.706;74.115;21.552;93.486
22.707;74.104;21.535;93.483
22.708;74.093;21.518;93.479
22.708;74.082;21.500;93.476
22.709;74.072;21.483;93.473
22.710;74.061;21.466;93.469
22.711;74.051;21.448;93.466
22.712;74.040;21.431;93.462
22.712;74.029;21.414;93.459
22.713;74.019;21.397;93.456
22.714;74.009;21.380;93.452
22.715;74.000;21.363;93.449
22.716;73.990;21.346;93.445
22.717;73.981;21.329;93.442
22.718;73.970;21.312;93.439
22.718;73.959;21.295;93.435
22.719;73.947;21.278;93.432
22.720;73.936;21.261;93.428
22.721;73.924;21.244;93.425
22.722;73.913;21.227;93.422
22.723;73.901;21.210;93.418
22.723;73.890;21.193;93.415
22.724;73.878;21.176;93.411
22.725;73.867;21.160;93.408
22.726;73.855;21.143;93.405
22.727;73.844;21.126;93.401
22.727;73.832;21.109;93.398
22.728;73.821;21.092;93.394
22.729;73.810;21.075;93.391
22.730;73.798;21.059;93.388
22.731;73.787;21.042;93.384
22.732;73.775;21.025;93.381
22.733;73.764;21.008;93.377
22.733;73.752;20.992;93.374
22.734;73.741;20.975;93.370
22.735;73.729;20.958;93.367
22.736;73.718;20.941;93.364
22.737;73.706;20.925;93.360
22.738;73.695;20.908;93.357
22.738;73.683;20.891;93.353
22.739;73.672;20.875;93.350
22.740;73.662;20.858;93.346
22.741;73.652;20.842;93.343
22.742;73.642;20.825;93.340
22.742;73.632;20.808;93.336
22.743;73.623;20.792;93.333
22.744;73.613;20.775;93.329
22.745;73.603;20.759;93.326
22.746;73.593;20.742;93.322
22.747;73.583;20.725;93.319
22.748;73.574;20.709;93.315
22.748;73.564;20.692;93.312
22.749;73.554;20.676;93.308
22.750;73.544;20.659;93.305
22.751;73.534;20.643;93.302
22.752;73.524;20.626;93.298
22.752;73.512;20.610;93.295
22.753;73.501;20.594;93.291
22.754;73.489;20.577;93.288
22.755;73.478;20.561;93.284
22.756;73.466;20.544;93.281
22.757;73.456;20.528;93.277
22.758;73.447;20.512;93.274
22.758;73.437;20.495;93.270
22.759;73.427;20.479;93.267
22.760;73.418;20.462;93.263
22.761;73.408;20.446;93.260
22.762;73.399;20.430;93.256
22.762;73.389;20.414;93.253
22.763;73.379;20.397;93.249
22.764;73.370;20.381;93.246
22.765;73.360;20.365;93.242
22.766;73.351;20.348;93.239
22.767;73.341;20.332;93.236
22.767;73.331;20.324;93.232
22.768;73.322;20.316;93.229
22.769;73.312;20.308;93.225
22.770;73.303;20.300;93.221
22.771;73.293;20.292;93.218
22.772;73.283;20.284;93.214
22.773;73.274;20.276;93.211
22.773;73.264;20.269;93.207
22.774;73.254;20.261;93.204
22.775;73.245;20.253;93.200
22.776;73.235;20.245;93.197
22.777;73.225;20.237;93.193
22.777;73.215;20.229;93.190
22.778;73.206;20.222;93.186
22.779;73.195;20.214;93.182
22.780;73.182;20.206;93.179
22.781;73.170;20.198;93.175
22.782;73.157;20.190;93.172
22.782;73.145;20.183;93.168
22.783;73.132;20.175;93.165
22.784;73.120;20.167;93.161
22.785;73.108;20.159;93.157
22.786;73.095;20.152;93.154
22.787;73.083;20.144;93.150
22.788;73.070;20.136;93.147
22.788;73.058;20.128;93.143
22.789;73.045;20.121;93.140
22.790;73.033;20.113;93.136
22.791;73.020;20.105;93.132
22.792;73.007;20.098;93.129
22.792;72.993;20.090;93.125
22.793;72.978;20.082;93.122
22.794;72.963;20.075;93.118
22.795;72.948;20.068;93.114
22.796;72.934;20.060;93.111
22.797;72.919;20.053;93.107
22.797;72.904;20.045;93.104
22.798;72.889;20.038;93.100
22.799;72.876;20.031;93.096
22.800;72.863;20.023;93.093
22.801;72.851;20.016;93.089
22.802;72.839;20.009;93.086
22.803;72.827;20.001;93.082
22.803;72.815;19.994;93.078
22.804;72.803;19.987;93.075
22.805;72.791;19.979;93.071
22.806;72.779;19.972;93.068
22.807;72.766;19.965;93.064
22.807;72.754;19.957;93.060
22.808;72.742;19.950;93.057
22.809;72.730;19.943;93.053
22.810;72.718;19.935;93.050
22.811;72.706;19.928;93.046
22.812;72.694;19.921;93.042
22.812;72.682;19.914;93.039
22.813;72.669;19.906;93.035
22.814;72.657;19.899;93.031
22.815;72.645;19.892;93.028
22.816;72.633;19.885;93.024
22.817;72.621;19.877;93.021
22.818;72.609;19.870;93.017
22.818;72.597;19.863;93.013
22.819;72.584;19.856;93.010
22.820;72.572;19.848;93.006
22.821;72.560;19.841;93.002
22.822;72.548;19.834;92.999
22.822;72.536;19.827;92.995
22.823;72.524;19.819;92.991
22.824;72.511;19.812;92.988
22.825;72.499;19.805;92.984
22.826;72.486;19.798;92.980
22.827;72.472;19.791;92.977
22.828;72.457;19.784;92.973
22.828;72.443;19.776;92.969
22.829;72.428;19.769;92.966
22.830;72.414;19.762;92.962
22.831;72.400;19.755;92.958
22.832;72.385;19.748;92.955
22.833;72.371;19.741;92.951
22.833;72.356;19.733;92.947
22.834;72.343;19.726;92.944
22.835;72.331;19.719;92.940
22.836;72.319;19.712;92.936
22.837;72.308;19.705;92.933
22.837;72.296;19.698;92.929
22.838;72.284;19.691;92.925
22.839;72.273;19.684;92.922
22.840;72.261;19.676;92.918
22.841;72.249;19.669;92.914
22.842;72.237;19.662;92.911
22.843;72.226;19.655;92.907
22.843;72.214;19.648;92.903
22.844;72.202;19.641;92.900
22.845;72.191;19.634;92.896
22.846;72.179;19.627;92.892
22.847;72.167;19.620;92.889
22.848;72.156;19.613;92.885
22.848;72.144;19.606;92.881
22.849;72.132;19.599;92.877
22.850;72.120;19.592;92.874
22.851;72.106;19.584;92.870
22.852;72.092;19.577;92.866
22.852;72.080;19.570;92.863
22.853;72.069;19.563;92.859
22.854;72.057;19.556;92.855
22.855;72.045;19.549;92.852
22.856;72.033;19.542;92.848
22.857;72.022;19.535;92.845
22.858;72.010;19.528;92.842
22.858;71.998;19.521;92.839
22.859;71.987;19.514;92.836
22.860;71.975;19.507;92.834
22.861;71.963;19.500;92.831
22.862;71.952;19.493;92.828
22.863;71.940;19.486;92.825
22.863;71.928;19.480;92.823
22.864;71.917;19.473;92.820
22.865;71.905;19.466;92.817
22.866;71.893;19.459;92.814
22.867;71.881;19.452;92.812
22.867;71.870;19.445;92.809
22.868;71.858;19.438;92.806
22.869;71.844;19.431;92.803
22.870;71.830;19.426;92.801
22.871;71.817;19.421;92.798
22.872;71.803;19.417;92.795
22.873;71.789;19.413;92.792
22.873;71.775;19.409;92.789
22.874;71.761;19.404;92.787
22.875;71.747;19.400;92.784
22.876;71.733;19.396;92.781
22.877;71.720;19.392;92.778
22.877;71.706;19.387;92.774
22.878;71.692;19.383;92.769
22.879;71.678;19.379;92.764
22.880;71.664;19.374;92.759
22.881;71.650;19.370;92.754
22.882;71.636;19.366;92.752
22.883;71.622;19.362;92.750
22.883;71.609;19.357;92.749
22.884;71.595;19.353;92.747
22.885;71.581;19.349;92.745
22.886;71.567;19.345;92.743
22.887;71.553;19.340;92.742
22.887;71.539;19.336;92.740
22.888;71.525;19.332;92.738
22.889;71.511;19.328;92.736
22.890;71.497;19.323;92.734
22.891;71.483;19.319;92.732
22.892;71.470;19.315;92.729
22.892;71.456;19.311;92.727
22.893;71.442;19.306;92.724
22.894;71.428;19.302;92.721
22.895;71.414;19.298;92.718
22.896;71.400;19.294;92.716
22.897;71.386;19.289;92.713
22.898;71.372;19.285;92.710
22.898;71.358;19.281;92.708
22.899;71.344;19.277;92.705
22.900;71.331;19.272;92.702
22.901;71.321;19.268;92.699
22.902;71.310;19.264;92.697
22.902;71.300;19.260;92.694
22.903;71.289;19.255;92.691
22.904;71.279;19.251;92.688
22.905;71.268;19.247;92.686
22.906;71.258;19.243;92.683
22.907;71.248;19.239;92.680
22.907;71.237;19.234;92.678
22.908;71.227;19.230;92.675
22.909;71.215;19.226;92.672
22.910;71.203;19.222;92.669
22.911;71.194;19.217;92.667
22.912;71.184;19.213;92.664
22.913;71.174;19.209;92.661
22.913;71.165;19.205;92.658
22.914;71.155;19.201;92.656
22.915;71.145;19.196;92.653
22.916;71.136;19.192;92.650
22.917;71.126;19.188;92.647
22.917;71.116;19.184;92.645
22.918;71.107;19.175;92.642
22.919;71.097;19.165;92.639
22.920;71.087;19.155;92.636
22.921;71.078;19.145;92.634
22.922;71.068;19.135;92.631
22.922;71.058;19.126;92.628
22.923;71.048;19.116;92.625
22.924;71.039;19.106;92.623
22.925;71.029;19.096;92.620
22.926;71.019;19.086;92.617
22.927;71.010;19.077;92.614
22.928;71.000;19.067;92.612
22.928;70.990;19.057;92.609
22.929;70.981;19.047;92.606
22.930;70.971;19.038;92.603
22.931;70.961;19.028;92.601
22.932;70.951;19.018;92.598
22.932;70.942;19.009;92.595
22.933;70.932;18.999;92.592
22.934;70.922;18.989;92.590
22.935;70.913;18.979;92.587
22.936;70.903;18.970;92.584
22.937;70.892;18.960;92.581
22.938;70.877;18.950;92.579
22.938;70.862;18.941;92.576
22.939;70.847;18.931;92.573
22.940;70.832;18.921;92.570
22.941;70.817;18.912;92.567
22.942;70.803;18.902;92.565
22.943;70.788;18.893;92.562
22.943;70.773;18.883;92.559
22.944;70.758;18.873;92.556
22.945;70.743;18.864;92.554
22.946;70.728;18.854;92.551
22.947;70.714;18.845;92.548
22.947;70.699;18.835;92.545
22.948;70.684;18.825;92.543
22.949;70.669;18.816;92.540
22.950;70.654;18.806;92.537
22.951;70.639;18.797;92.534
22.952;70.624;18.787;92.531
22.953;70.610;18.778;92.529
22.953;70.595;18.768;92.526
22.954;70.580;18.759;92.523
22.955;70.565;18.749;92.520
22.956;70.552;18.740;92.517
22.957;70.539;18.730;92.515
22.958;70.526;18.721;92.512
22.958;70.513;18.711;92.509
22.959;70.499;18.703;92.506
22.960;70.486;18.697;92.503
22.961;70.473;18.690;92.501
22.962;70.460;18.684;92.498
22.962;70.447;18.677;92.495
22.963;70.434;18.671;92.492
22.964;70.421;18.664;92.489
22.965;70.408;18.658;92.487
22.966;70.395;18.651;92.484
22.967;70.382;18.645;92.481
22.968;70.368;18.638;92.478
22.968;70.355;18.629;92.475
22.969;70.342;18.612;92.473
22.970;70.329;18.596;92.470
22.971;70.316;18.580;92.467
22.972;70.303;18.564;92.464
22.973;70.290;18.550;92.461
22.973;70.277;18.540;92.459
22.974;70.263;18.531;92.456
22.975;70.250;18.521;92.453
22.976;70.237;18.512;92.450
22.977;70.224;18.502;92.447
22.977;70.214;18.493;92.445
22.978;70.206;18.483;92.442
22.979;70.197;18.474;92.439
22.980;70.189;18.464;92.436
22.981;70.180;18.454;92.433
22.982;70.172;18.445;92.430
22.983;70.164;18.435;92.428
22.983;70.155;18.426;92.425
22.984;70.147;18.416;92.422
22.985;70.138;18.407;92.419
22.986;70.130;18.398;92.416
22.987;70.121;18.388;92.414
22.988;70.113;18.379;92.411
22.988;70.105;18.369;92.408
22.989;70.094;18.360;92.405
22.990;70.084;18.350;92.402
22.991;70.073;18.341;92.399
22.992;70.062;18.331;92.397
22.992;70.051;18.322;92.394
22.993;70.040;18.313;92.391
22.994;70.029;18.303;92.388
22.995;70.018;18.294;92.385
22.996;70.007;18.284;92.382
22.997;69.996;18.275;92.380
22.998;69.984;18.266;92.377
22.998;69.972;18.256;92.374
22.999;69.960;18.247;92.371
23.000;69.948;18.238;92.368
23.001;69.935;18.228;92.365
23.002;69.923;18.219;92.363
23.002;69.911;18.210;92.360
23.003;69.899;18.200;92.357
23.004;69.886;18.191;92.354
23.005;69.874;18.182;92.351
23.006;69.862;18.172;92.348
23.007;69.850;18.163;92.345
23.008;69.838;18.154;92.343
23.008;69.825;18.145;92.340
23.009;69.813;18.135;92.337
23.010;69.801;18.126;92.334
23.011;69.789;18.117;92.331
23.012;69.776;18.108;92.328
23.012;69.764;18.098;92.325
23.013;69.752;18.089;92.323
23.014;69.737;18.080;92.320
23.015;69.722;18.071;92.317
23.016;69.707;18.061;92.314
23.017;69.692;18.052;92.311
23.017;69.677;18.043;92.308
23.018;69.662;18.034;92.305
23.019;69.647;18.025;92.303
23.020;69.632;18.016;92.300
23.021;69.619;18.006;92.297
23.022;69.607;17.997;92.294
23.023;69.595;17.988;92.291
23.023;69.583;17.979;92.288
23.024;69.571;17.970;92.285
23.025;69.559;17.961;92.282
23.026;69.547;17.952;92.280
23.027;69.535;17.942;92.277
23.027;69.523;17.933;92.274
23.028;69.511;17.924;92.271
23.029;69.499;17.915;92.268
23.030;69.487;17.906;92.265
23.031;69.475;17.897;92.262
23.032;69.463;17.888;92.259
23.032;69.451;17.879;92.256
23.033;69.439;17.870;92.254
23.034;69.427;17.861;92.251
23.035;69.415;17.852;92.248
23.036;69.403;17.843;92.245
23.037;69.391;17.834;92.242
23.038;69.379;17.825;92.239
23.038;69.367;17.816;92.236
23.039;69.355;17.807;92.233
23.040;69.343;17.798;92.230
23.041;69.331;17.789;92.227
23.042;69.319;17.780;92.224
23.042;69.307;17.771;92.221
23.043;69.295;17.762;92.218
23.044;69.283;17.753;92.215
23.045;69.271;17.744;92.212
23.046;69.258;17.735;92.209
23.047;69.245;17.726;92.207
23.047;69.230;17.717;92.204
23.048;69.215;17.708;92.201
23.049;69.200;17.699;92.198
23.050;69.185;17.690;92.195
23.051;69.169;17.681;92.192
23.052;69.154;17.672;92.189
23.053;69.139;17.663;92.186
23.053;69.124;17.655;92.183
23.054;69.109;17.646;92.180
23.055;69.093;17.637;92.177
23.056;69.078;17.628;92.174
23.057;69.063;17.619;92.171
23.057;69.048;17.610;92.168
23.058;69.032;17.601;92.165
23.059;69.017;17.593;92.162
23.060;69.002;17.584;92.159
23.061;68.987;17.575;92.156
23.062;68.971;17.566;92.153
23.062;68.956;17.557;92.150
23.063;68.941;17.548;92.147
23.064;68.926;17.540;92.144
23.065;68.910;17.531;92.141
23.066;68.898;17.522;92.138
23.067;68.885;17.513;92.135
23.068;68.873;17.505;92.133
23.068;68.860;17.496;92.130
23.069;68.848;17.487;92.127
23.070;68.835;17.478;92.124
23.071;68.822;17.469;92.121
23.072;68.810;17.461;92.118
23.072;68.797;17.452;92.115
23.073;68.785;17.443;92.112
23.074;68.772;17.435;92.109
23.075;68.760;17.426;92.106
23.076;68.747;17.417;92.103
23.077;68.734;17.408;92.100
23.078;68.722;17.400;92.097
23.078;68.709;17.391;92.094
23.079;68.697;17.382;92.091
23.080;68.684;17.374;92.088
23.081;68.672;17.365;92.085
23.082;68.659;17.356;92.082
23.083;68.646;17.348;92.079
23.083;68.634;17.339;92.076
23.084;68.621;17.331;92.073
23.085;68.609;17.322;92.070
23.086;68.596;17.313;92.067
23.087;68.584;17.305;92.064
23.087;68.571;17.296;92.061
23.088;68.558;17.287;92.058
23.089;68.546;17.279;92.055
23.090;68.533;17.270;92.052
23.091;68.521;17.262;92.049
23.092;68.508;17.253;92.046
23.093;68.495;17.245;92.043
23.093;68.483;17.236;92.040
23.094;68.470;17.227;92.037
23.095;68.458;17.219;92.034
23.096;68.445;17.210;92.031
23.097;68.433;17.202;92.028
23.098;68.423;17.193;92.025
23.098;68.412;17.185;92.022
23.099;68.402;17.176;92.019
23.100;68.391;17.168;92.016
23.101;68.381;17.159;92.012
23.102;68.370;17.151;92.009
23.102;68.360;17.142;92.006
23.103;68.350;17.134;92.003
23.104;68.339;17.125;92.000
23.105;68.329;17.117;91.997
23.106;68.318;17.108;91.994
23.107;68.308;17.100;91.991
23.108;68.297;17.092;91.988
23.108;68.287;17.083;91.985
23.109;68.276;17.075;91.982
23.110;68.266;17.066;91.979
23.111;68.256;17.058;91.976
23.112;68.245;17.049;91.973
23.113;68.235;17.041;91.970
23.113;68.224;17.033;91.967
23.114;68.214;17.024;91.964
23.115;68.203;17.016;91.961
23.116;68.193;17.007;91.958
23.117;68.183;16.999;91.955
23.117;68.172;16.991;91.952
23.118;68.162;16.982;91.949
23.119;68.151;16.974;91.946
23.120;68.141;16.966;91.943
23.121;68.130;16.957;91.940
23.122;68.120;16.949;91.937
23.123;68.110;16.941;91.933
23.123;68.099;16.933;91.930
23.124;68.089;16.925;91.927
23.125;68.078;16.916;91.924
23.126;68.068;16.908;91.921
23.127;68.058;16.900;91.918
23.127;68.047;16.892;91.915
23.128;68.037;16.884;91.912
23.129;68.026;16.876;91.909
23.130;68.016;16.868;91.906
23.131;68.005;16.859;91.903
23.132;67.995;16.851;91.900
23.133;67.985;16.843;91.897
23.133;67.975;16.835;91.894
23.134;67.966;16.827;91.891
23.135;67.958;16.819;91.888
23.136;67.949;16.811;91.885
23.137;67.941;16.803;91.881
23.137;67.932;16.795;91.878
23.138;67.924;16.787;91.875
23.139;67.915;16.779;91.872
23.140;67.907;16.771;91.869
23.141;67.898;16.763;91.866
23.142;67.890;16.755;91.863
23.142;67.881;16.747;91.860
23.143;67.873;16.739;91.857
23.144;67.864;16.731;91.854
23.145;67.856;16.723;91.851
23.146;67.847;16.715;91.848
23.147;67.839;16.707;91.845
23.148;67.830;16.699;91.841
23.148;67.822;16.691;91.838
23.149;67.813;16.683;91.835
23.150;67.805;16.675;91.832
23.151;67.796;16.667;91.829
23.152;67.787;16.659;91.826
23.152;67.779;16.651;91.823
23.153;67.770;16.643;91.820
23.154;67.762;16.635;91.817
23.155;67.753;16.627;91.814
23.156;67.745;16.619;91.811
23.157;67.736;16.611;91.807
23.157;67.728;16.603;91.804
23.158;67.719;16.595;91.801
23.159;67.709;16.587;91.798
23.160;67.699;16.580;91.795
23.161;67.688;16.572;91.792
23.162;67.678;16.564;91.789
23.163;67.668;16.556;91.786
23.163;67.658;16.548;91.783
23.164;67.647;16.540;91.780
23.165;67.637;16.532;91.776
23.166;67.627;16.525;91.773
23.167;67.616;16.517;91.770
23.167;67.606;16.509;91.767
23.168;67.595;16.501;91.764
23.169;67.582;16.493;91.761
23.170;67.568;16.485;91.758
23.171;67.554;16.478;91.755
23.172;67.541;16.470;91.752
23.172;67.527;16.462;91.748
23.173;67.513;16.454;91.745
23.174;67.499;16.446;91.742
23.175;67.484;16.439;91.739
23.176;67.470;16.431;91.736
23.177;67.455;16.423;91.733
23.178;67.441;16.415;91.730
23.178;67.426;16.408;91.727
23.179;67.412;16.400;91.723
23.180;67.397;16.392;91.720
23.181;67.383;16.384;91.717
23.182;67.368;16.377;91.714
23.182;67.354;16.369;91.711
23.183;67.339;16.361;91.708
23.184;67.326;16.353;91.705
23.185;67.314;16.346;91.702
23.186;67.302;16.338;91.698
23.187;67.290;16.330;91.695
23.188;67.278;16.323;91.692
23.188;67.266;16.315;91.690
23.189;67.254;16.307;91.687
23.190;67.242;16.300;91.684
23.191;67.227;16.292;91.682
23.192;67.212;16.284;91.679
23.193;67.198;16.277;91.676
23.193;67.183;16.269;91.674
23.194;67.168;16.261;91.671
23.195;67.154;16.254;91.668
23.196;67.140;16.246;91.666
23.197;67.126;16.238;91.663
23.197;67.112;16.231;91.660
23.198;67.098;16.223;91.658
23.199;67.084;16.216;91.655
23.200;67.070;16.208;91.653
23.201;67.057;16.200;91.650
23.202;67.045;16.193;91.647
23.203;67.033;16.185;91.645
23.203;67.020;16.178;91.642
23.204;67.008;16.170;91.639
23.205;66.996;16.162;91.637
23.206;66.983;16.155;91.634
23.207;66.971;16.147;91.631
23.208;66.959;16.140;91.629
23.208;66.946;16.132;91.626
23.209;66.934;16.125;91.623
23.210;66.922;16.117;91.621
23.211;66.909;16.110;91.618
23.212;66.897;16.102;91.615
23.212;66.885;16.095;91.612
23.213;66.872;16.087;91.610
23.214;66.860;16.080;91.607
23.215;66.848;16.072;91.604
23.216;66.835;16.065;91.602
23.217;66.823;16.057;91.599
23.218;66.811;16.050;91.596
23.218;66.798;16.042;91.594
23.219;66.786;16.035;91.591
23.220;66.774;16.027;91.588
23.221;66.761;16.020;91.586
23.222;66.749;16.012;91.583
23.223;66.737;16.005;91.580
23.223;66.725;15.997;91.578
23.224;66.712;15.990;91.575
23.225;66.700;15.983;91.572
23.226;66.688;15.975;91.570
23.227;66.675;15.968;91.567
23.227;66.663;15.958;91.564
23.228;66.651;15.947;91.561
23.229;66.638;15.936;91.559
23.230;66.626;15.924;91.556
23.231;66.614;15.913;91.553
23.232;66.601;15.902;91.551
23.233;66.589;15.891;91.548
23.233;66.577;15.879;91.545
23.234;66.564;15.868;91.543
23.235;66.552;15.857;91.540
23.236;66.541;15.846;91.537
23.237;66.532;15.835;91.534
23.238;66.524;15.824;91.532
23.238;66.515;15.812;91.529
23.239;66.507;15.801;91.526
23.240;66.498;15.790;91.524
23.241;66.488;15.779;91.521
23.242;66.477;15.768;91.518
23.242;66.467;15.757;91.515
23.243;66.456;15.746;91.513
23.244;66.446;15.735;91.510
23.245;66.435;15.723;91.507
23.246;66.425;15.712;91.505
23.247;66.414;15.701;91.502
23.248;66.403;15.690;91.499
23.248;66.393;15.679;91.496
23.249;66.382;15.668;91.494
23.250;66.372;15.657;91.491
23.251;66.361;15.646;91.488
23.252;66.353;15.635;91.485
23.252;66.346;15.624;91.483
23.253;66.339;15.613;91.480
23.254;66.332;15.602;91.477
23.255;66.322;15.591;91.473
23.256;66.311;15.580;91.469
23.257;66.301;15.569;91.466
23.258;66.291;15.558;91.462
23.258;66.281;15.548;91.458
23.259;66.271;15.537;91.454
23.260;66.261;15.526;91.451
23.261;66.251;15.515;91.447
23.262;66.241;15.504;91.443
23.262;66.230;15.493;91.439
23.263;66.220;15.482;91.435
23.264;66.210;15.471;91.432
23.265;66.200;15.460;91.428
23.266;66.190;15.450;91.424
23.267;66.180;15.439;91.420
23.267;66.169;15.428;91.417
23.268;66.157;15.417;91.413
23.269;66.144;15.406;91.409
23.270;66.130;15.395;91.405
23.271;66.116;15.385;91.401
23.272;66.102;15.374;91.398
23.273;66.088;15.363;91.394
23.273;66.074;15.352;91.390
23.274;66.060;15.342;91.386
23.275;66.046;15.331;91.382
23.276;66.032;15.320;91.379
23.277;66.018;15.309;91.375
23.277;66.004;15.299;91.371
23.278;65.990;15.288;91.367
23.279;65.976;15.277;91.363
23.280;65.962;15.267;91.360
23.281;65.948;15.256;91.356
23.282;65.934;15.245;91.352
23.282;65.920;15.235;91.348
23.283;65.906;15.224;91.344
23.284;65.892;15.213;91.341
23.285;65.878;15.203;91.337
23.286;65.864;15.192;91.333
23.287;65.850;15.181;91.329
23.288;65.836;15.171;91.325
23.288;65.822;15.160;91.321
23.289;65.808;15.150;91.318
23.290;65.798;15.139;91.314
23.291;65.788;15.128;91.310
23.292;65.778;15.118;91.306
23.292;65.768;15.107;91.302
23.293;65.757;15.097;91.298
23.294;65.746;15.086;91.295
23.295;65.732;15.076;91.291
23.296;65.718;15.065;91.287
23.297;65.704;15.055;91.283
23.297;65.690;15.044;91.279
23.298;65.676;15.034;91.275
23.299;65.662;15.023;91.272
23.300;65.647;15.013;91.268
23.301;65.633;15.002;91.264
23.302;65.619;14.992;91.260
23.303;65.605;14.981;91.256
23.303;65.591;14.971;91.252
23.304;65.577;14.960;91.248
23.305;65.563;14.950;91.245
23.306;65.548;14.940;91.241
23.307;65.534;14.929;91.237
23.307;65.520;14.919;91.233
23.308;65.506;14.908;91.229
23.309;65.492;14.898;91.226
23.310;65.478;14.888;91.222
23.311;65.464;14.877;91.219
23.312;65.449;14.867;91.216
23.312;65.435;14.857;91.213
23.313;65.421;14.846;91.209
23.314;65.407;14.836;91.206
23.315;65.393;14.826;91.203
23.316;65.379;14.815;91.200
23.317;65.365;14.805;91.196
23.318;65.350;14.795;91.193
23.318;65.336;14.784;91.190
23.319;65.322;14.774;91.186
23.320;65.308;14.764;91.183
23.321;65.294;14.754;91.180
23.322;65.280;14.743;91.177
23.322;65.266;14.733;91.173
23.323;65.251;14.723;91.170
23.324;65.237;14.713;91.167
23.325;65.223;14.702;91.164
23.326;65.209;14.692;91.160
23.327;65.195;14.682;91.157
23.328;65.181;14.672;91.154
23.328;65.166;14.662;91.150
23.329;65.152;14.651;91.147
23.330;65.138;14.641;91.144
23.331;65.124;14.631;91.141
23.332;65.110;14.621;91.137
23.333;65.096;14.611;91.134
23.333;65.082;14.601;91.131
23.334;65.071;14.591;91.127
23.335;65.060;14.581;91.124
23.336;65.050;14.570;91.121
23.337;65.039;14.560;91.118
23.337;65.028;14.550;91.114
23.338;65.018;14.540;91.111
23.339;65.007;14.530;91.108
23.340;64.996;14.520;91.104
23.341;64.986;14.510;91.101
23.342;64.975;14.500;91.098
23.343;64.964;14.490;91.094
23.343;64.954;14.480;91.091
23.344;64.943;14.470;91.088
23.345;64.932;14.460;91.085
23.346;64.922;14.450;91.081
23.347;64.910;14.440;91.078
23.348;64.897;14.430;91.075
23.348;64.884;14.420;91.071
23.349;64.871;14.410;91.068
23.350;64.859;14.400;91.065
23.351;64.846;14.390;91.061
23.352;64.833;14.380;91.058
23.352;64.820;14.370;91.055
23.353;64.811;14.360;91.051
23.354;64.804;14.350;91.048
23.355;64.796;14.340;91.045
23.356;64.784;14.331;91.041
23.357;64.772;14.321;91.038
23.358;64.759;14.311;91.034
23.358;64.744;14.301;91.031
23.359;64.729;14.291;91.028
23.360;64.714;14.281;91.024
23.361;64.699;14.271;91.021
23.362;64.684;14.262;91.018
23.363;64.669;14.252;91.014
23.363;64.654;14.242;91.011
23.364;64.639;14.232;91.007
23.365;64.624;14.222;91.004
23.366;64.609;14.212;91.001
23.367;64.594;14.203;90.997
23.367;64.579;14.193;90.994
23.368;64.564;14.183;90.991
23.369;64.549;14.173;90.987
23.370;64.534;14.164;90.984
23.371;64.519;14.154;90.980
23.372;64.504;14.144;90.977
23.373;64.489;14.134;90.974
23.373;64.474;14.125;90.970
23.374;64.459;14.115;90.967
23.375;64.443;14.105;90.963
23.376;64.428;14.096;90.960
23.377;64.413;14.086;90.957
23.377;64.398;14.076;90.953
23.378;64.383;14.067;90.950
23.379;64.368;14.057;90.947
23.380;64.355;14.047;90.943
23.381;64.345;14.038;90.940
23.382;64.335;14.028;90.936
23.383;64.325;14.018;90.933
23.383;64.315;14.009;90.930
23.384;64.304;13.999;90.926
23.385;64.294;13.990;90.923
23.386;64.284;13.980;90.919
23.387;64.274;13.970;90.916
23.387;64.264;13.961;90.912
23.388;64.254;13.951;90.909
23.389;64.244;13.942;90.906
23.390;64.234;13.932;90.902
23.391;64.224;13.923;90.899
23.392;64.214;13.913;90.895
23.392;64.203;13.903;90.892
23.393;64.193;13.894;90.889
23.394;64.183;13.884;90.885
23.395;64.173;13.875;90.882
23.396;64.163;13.865;90.878
23.397;64.153;13.856;90.875
23.398;64.143;13.846;90.871
23.398;64.133;13.837;90.868
23.399;64.123;13.828;90.865
23.400;64.112;13.818;90.861
23.401;64.101;13.809;90.858
23.402;64.089;13.799;90.854
23.402;64.078;13.790;90.851
23.403;64.064;13.780;90.847
23.404;64.051;13.771;90.844
23.405;64.037;13.762;90.841
23.406;64.023;13.752;90.837
23.407;64.009;13.743;90.834
23.407;63.995;13.733;90.830
23.408;63.982;13.724;90.827
23.409;63.968;13.715;90.823
23.410;63.954;13.705;90.820
23.411;63.940;13.696;90.816
23.412;63.927;13.687;90.813
23.413;63.913;13.677;90.810
23.413;63.899;13.668;90.806
23.414;63.885;13.659;90.802
23.415;63.872;13.649;90.797
23.416;63.858;13.640;90.793
23.417;63.844;13.631;90.788
23.417;63.830;13.621;90.783
23.418;63.817;13.612;90.779
23.419;63.803;13.603;90.774
23.420;63.788;13.594;90.769
23.421;63.772;13.584;90.765
23.422;63.756;13.575;90.760
23.422;63.740;13.566;90.755
23.423;63.724;13.557;90.751
23.424;63.708;13.547;90.746
23.425;63.692;13.538;90.741
23.426;63.676;13.529;90.736
23.427;63.659;13.520;90.732
23.428;63.643;13.510;90.727
23.428;63.627;13.501;90.722
23.429;63.611;13.492;90.718
23.430;63.595;13.483;90.713
23.431;63.579;13.474;90.708
23.432;63.563;13.465;90.703
23.432;63.547;13.455;90.699
23.433;63.531;13.446;90.694
23.434;63.515;13.437;90.689
23.435;63.499;13.428;90.684
23.436;63.483;13.419;90.680
23.437;63.469;13.410;90.675
23.438;63.456;13.401;90.670
23.438;63.444;13.392;90.665
23.439;63.431;13.383;90.661
23.440;63.418;13.374;90.656
23.441;63.405;13.364;90.651
23.442;63.393;13.355;90.647
23.443;63.380;13.346;90.642
23.443;63.367;13.337;90.637
23.444;63.354;13.328;90.632
23.445;63.342;13.319;90.628
23.446;63.329;13.310;90.623
23.447;63.316;13.301;90.618
23.447;63.303;13.292;90.613
23.448;63.291;13.283;90.608
23.449;63.278;13.274;90.604
23.450;63.265;13.265;90.599
23.451;63.252;13.256;90.594
23.452;63.240;13.247;90.589
23.453;63.227;13.238;90.585
23.453;63.214;13.229;90.580
23.454;63.201;13.220;90.575
23.455;63.189;13.212;90.570
23.456;63.176;13.203;90.566
23.457;63.163;13.194;90.561
23.458;63.150;13.185;90.556
23.458;63.138;13.176;90.551
23.459;63.125;13.167;90.546
23.460;63.112;13.158;90.542
23.461;63.099;13.149;90.537
23.462;63.087;13.140;90.532
23.462;63.074;13.131;90.527
23.463;63.061;13.123;90.522
23.464;63.048;13.114;90.518
23.465;63.036;13.105;90.513
23.466;63.023;13.096;90.508
23.467;63.010;13.087;90.503
23.468;62.997;13.078;90.498
23.468;62.985;13.070;90.494
23.469;62.972;13.061;90.489
23.470;62.959;13.052;90.484
23.471;62.946;13.043;90.479
23.472;62.934;13.034;90.474
23.473;62.921;13.026;90.469
23.473;62.907;13.017;90.465
23.474;62.893;13.008;90.460
23.475;62.880;12.999;90.455
23.476;62.866;12.991;90.450
23.477;62.852;12.982;90.445
23.477;62.838;12.973;90.441
23.478;62.825;12.964;90.436
23.479;62.811;12.956;90.431
23.480;62.797;12.947;90.426
23.481;62.783;12.938;90.421
23.482;62.769;12.930;90.416
23.483;62.756;12.921;90.411
23.483;62.742;12.912;90.407
23.484;62.728;12.904;90.402
23.485;62.714;12.895;90.397
23.486;62.700;12.886;90.392
23.487;62.687;12.878;90.387
23.488;62.673;12.869;90.382
23.488;62.659;12.860;90.377
23.489;62.645;12.852;90.373
23.490;62.631;12.843;90.368
23.491;62.618;12.835;90.363
23.492;62.605;12.826;90.358
23.492;62.593;12.817;90.353
23.493;62.582;12.809;90.348
23.494;62.570;12.800;90.343
23.495;62.559;12.792;90.339
23.496;62.547;12.783;90.334
23.497;62.536;12.774;90.329
23.498;62.524;12.763;90.324
23.498;62.513;12.752;90.319
23.499;62.501;12.741;90.314
23.500;62.490;12.731;90.309
23.501;62.478;12.720;90.304
23.502;62.467;12.709;90.299
23.502;62.455;12.699;90.295
23.503;62.444;12.688;90.290
23.504;62.432;12.677;90.285
23.505;62.421;12.667;90.280
23.506;62.409;12.656;90.275
23.507;62.398;12.645;90.270
23.508;62.386;12.635;90.265
23.508;62.375;12.624;90.260
23.509;62.363;12.614;90.255
23.510;62.352;12.603;90.250
23.511;62.340;12.592;90.245
23.512;62.329;12.582;90.241
23.512;62.317;12.571;90.236
23.513;62.306;12.561;90.231
23.514;62.294;12.550;90.226
23.515;62.283;12.540;90.221
23.516;62.271;12.529;90.216
23.517;62.260;12.519;90.211
23.517;62.248;12.508;90.206
23.518;62.237;12.498;90.201
23.519;62.225;12.488;90.196
23.520;62.214;12.484;90.191
23.521;62.203;12.481;90.186
23.522;62.191;12.477;90.181
23.523;62.180;12.474;90.176
23.523;62.168;12.470;90.171
23.524;62.157;12.467;90.167
23.525;62.145;12.463;90.163
23.526;62.134;12.460;90.158
23.527;62.122;12.456;90.154
23.527;62.111;12.453;90.150
23.528;62.099;12.449;90.145
23.529;62.088;12.446;90.141
23.530;62.076;12.438;90.137
23.531;62.065;12.430;90.132
23.532;62.054;12.422;90.128
23.532;62.042;12.413;90.124
23.533;62.031;12.405;90.119
23.534;62.019;12.397;90.115
23.535;62.008;12.389;90.111
23.536;61.996;12.381;90.106
23.537;61.985;12.372;90.102
23.538;61.973;12.364;90.098
23.538;61.962;12.356;90.093
23.539;61.951;12.348;90.089
23.540;61.939;12.340;90.084
23.541;61.928;12.331;90.080
23.542;61.916;12.323;90.076
23.542;61.905;12.315;90.071
23.543;61.893;12.309;90.067
23.544;61.882;12.303;90.063
23.545;61.870;12.297;90.058
23.546;61.859;12.291;90.054
23.547;61.848;12.285;90.050
23.547;61.836;12.280;90.045
23.548;61.825;12.274;90.041
23.549;61.813;12.268;90.036
23.550;61.802;12.262;90.032
23.551;61.790;12.257;90.028
23.552;61.779;12.251;90.023
23.553;61.768;12.245;90.019
23.553;61.756;12.239;90.015
23.554;61.745;12.234;90.010
23.555;61.733;12.228;90.006
23.556;61.722;12.222;90.001
23.557;61.710;12.216;89.997
23.557;61.699;12.211;89.993
23.558;61.688;12.205;89.988
23.559;61.676;12.198;89.984
23.560;61.665;12.188;89.979
23.561;61.653;12.179;89.975
23.562;61.642;12.169;89.971
23.562;61.630;12.159;89.966
23.563;61.619;12.150;89.962
23.564;61.608;12.140;89.957
23.565;61.596;12.130;89.953
23.566;61.585;12.121;89.949
23.567;61.573;12.111;89.944
23.568;61.562;12.101;89.940
23.568;61.549;12.092;89.935
23.569;61.535;12.082;89.931
23.570;61.521;12.073;89.926
23.571;61.507;12.063;89.922
23.572;61.493;12.054;89.918
23.572;61.479;12.044;89.913
23.573;61.465;12.034;89.909
23.574;61.451;12.025;89.904
23.575;61.437;12.015;89.900
23.576;61.422;12.006;89.895
23.577;61.406;11.996;89.891
23.578;61.391;11.987;89.887
23.578;61.376;11.977;89.882
23.579;61.361;11.968;89.878
23.580;61.346;11.958;89.873
23.581;61.331;11.949;89.869
23.582;61.316;11.939;89.864
23.583;61.300;11.930;89.860
23.583;61.285;11.921;89.855
23.584;61.271;11.914;89.851
23.585;61.260;11.911;89.847
23.586;61.249;11.908;89.842
23.587;61.237;11.905;89.838
23.587;61.226;11.902;89.833
23.588;61.214;11.899;89.829
23.589;61.202;11.896;89.824
23.590;61.190;11.892;89.820
23.591;61.178;11.882;89.815
23.592;61.166;11.873;89.811
23.593;61.154;11.863;89.806
23.593;61.142;11.853;89.802
23.594;61.130;11.843;89.797
23.595;61.118;11.833;89.793
23.596;61.107;11.824;89.788
23.597;61.095;11.814;89.784
23.598;61.083;11.804;89.779
23.598;61.071;11.794;89.775
23.599;61.059;11.784;89.770
23.600;61.047;11.775;89.766
23.601;61.035;11.765;89.761
23.602;61.023;11.755;89.757
23.602;61.011;11.746;89.752
23.603;61.000;11.736;89.748
23.604;60.988;11.726;89.743
23.605;60.976;11.719;89.739
23.606;60.964;11.711;89.734
23.607;60.952;11.703;89.730
23.608;60.940;11.695;89.725
23.608;60.930;11.688;89.721
23.609;60.918;11.680;89.716
23.610;60.907;11.672;89.712
23.611;60.896;11.664;89.707
23.612;60.884;11.657;89.703
23.613;60.873;11.649;89.698
23.613;60.862;11.641;89.694
23.614;60.850;11.634;89.689
23.615;60.839;11.626;89.685
23.616;60.828;11.618;89.680
23.617;60.817;11.611;89.676
23.617;60.805;11.603;89.671
23.618;60.793;11.595;89.667
23.619;60.778;11.588;89.662
23.620;60.765;11.580;89.657
23.621;60.752;11.573;89.653
23.622;60.740;11.565;89.648
23.623;60.727;11.557;89.644
23.623;60.715;11.550;89.639
23.624;60.703;11.542;89.635
23.625;60.690;11.535;89.630
23.626;60.677;11.528;89.626
23.627;60.663;11.520;89.621
23.627;60.650;11.513;89.617
23.628;60.636;11.505;89.612
23.629;60.622;11.498;89.607
23.630;60.609;11.490;89.603
23.631;60.595;11.483;89.598
23.632;60.581;11.475;89.594
23.633;60.567;11.468;89.589
23.633;60.554;11.461;89.584
23.634;60.540;11.453;89.580
23.635;60.526;11.446;89.575
23.636;60.513;11.440;89.571
23.637;60.500;11.435;89.566
23.637;60.491;11.430;89.562
23.638;60.481;11.425;89.557
23.639;60.471;11.420;89.552
23.640;60.462;11.415;89.548
23.641;60.452;11.410;89.543
23.642;60.442;11.405;89.539
23.642;60.433;11.400;89.534
23.643;60.423;11.395;89.529
23.644;60.413;11.390;89.525
23.645;60.404;11.385;89.520
23.646;60.394;11.380;89.516
23.647;60.384;11.375;89.511
23.648;60.375;11.370;89.506
23.648;60.365;11.365;89.502
23.649;60.355;11.360;89.497
23.650;60.346;11.355;89.492
23.651;60.336;11.351;89.488
23.652;60.326;11.346;89.483
23.652;60.317;11.341;89.479
23.653;60.307;11.336;89.474
23.654;60.298;11.331;89.469
23.655;60.288;11.326;89.465
23.656;60.278;11.321;89.460
23.657;60.269;11.316;89.455
23.657;60.259;11.311;89.451
23.658;60.249;11.306;89.446
23.659;60.239;11.301;89.442
23.660;60.228;11.297;89.437
23.661;60.216;11.292;89.432
23.662;60.205;11.287;89.428
23.663;60.194;11.282;89.423
23.663;60.183;11.277;89.418
23.664;60.171;11.272;89.414
23.665;60.160;11.268;89.409
23.666;60.149;11.263;89.404
23.667;60.139;11.258;89.400
23.667;60.129;11.253;89.395
23.668;60.119;11.249;89.390
23.669;60.110;11.244;89.386
23.670;60.101;11.239;89.381
23.671;60.093;11.234;89.376
23.672;60.084;11.230;89.372
23.672;60.075;11.225;89.367
23.673;60.067;11.220;89.362
23.674;60.058;11.215;89.358
23.675;60.050;11.211;89.353
23.676;60.041;11.206;89.348
23.677;60.033;11.201;89.344
23.678;60.024;11.197;89.339
23.678;60.016;11.192;89.334
23.679;60.007;11.187;89.329
23.680;59.999;11.182;89.325
23.681;59.990;11.178;89.320
23.682;59.981;11.173;89.315
23.682;59.973;11.168;89.311
23.683;59.964;11.164;89.306
23.684;59.956;11.159;89.301
23.685;59.947;11.154;89.297
23.686;59.939;11.150;89.292
23.687;59.930;11.145;89.287
23.688;59.922;11.140;89.282
23.688;59.913;11.136;89.278
23.689;59.905;11.131;89.273
23.690;59.896;11.126;89.268
23.691;59.887;11.122;89.264
23.692;59.879;11.117;89.259
23.693;59.870;11.112;89.254
23.693;59.862;11.108;89.249
23.694;59.853;11.103;89.245
23.695;59.845;11.098;89.240
23.696;59.836;11.094;89.235
23.697;59.828;11.089;89.230
23.697;59.819;11.084;89.226
23.698;59.811;11.080;89.221
23.699;59.802;11.075;89.216
23.700;59.794;11.071;89.212
23.701;59.785;11.066;89.207
23.702;59.777;11.061;89.202
23.703;59.768;11.057;89.197
23.703;59.760;11.052;89.193
23.704;59.751;11.047;89.188
23.705;59.743;11.043;89.183
23.706;59.734;11.039;89.178
23.707;59.726;11.036;89.174
23.708;59.717;11.032;89.169
23.708;59.709;11.024;89.164
23.709;59.700;11.020;89.159
23.710;59.691;11.015;89.154
23.711;59.683;11.010;89.150
23.712;59.674;11.005;89.145
23.712;59.666;11.001;89.140
23.713;59.657;10.996;89.135
23.714;59.649;10.991;89.131
23.715;59.640;10.987;89.126
23.716;59.632;10.982;89.121
23.717;59.623;10.977;89.116
23.718;59.615;10.973;89.112
23.718;59.606;10.968;89.107
23.719;59.598;10.963;89.102
23.720;59.589;10.959;89.097
23.721;59.581;10.954;89.092
23.722;59.572;10.949;89.088
23.723;59.564;10.944;89.083
23.723;59.555;10.940;89.078
23.724;59.543;10.935;89.073
23.725;59.531;10.931;89.068
23.726;59.518;10.926;89.064
23.727;59.506;10.921;89.059
23.727;59.495;10.917;89.054
23.728;59.483;10.912;89.049
23.729;59.472;10.907;89.044
23.730;59.460;10.903;89.040
23.731;59.449;10.898;89.035
23.732;59.438;10.893;89.030
23.733;59.423;10.889;89.025
23.733;59.407;10.884;89.020
23.734;59.392;10.879;89.016
23.735;59.379;10.875;89.011
23.736;59.366;10.870;89.006
23.737;59.354;10.866;89.001
23.738;59.341;10.861;88.996
23.738;59.328;10.856;88.991
23.739;59.316;10.852;88.987
23.740;59.303;10.847;88.982
23.741;59.291;10.843;88.977
23.742;59.278;10.838;88.972
23.742;59.265;10.833;88.967
23.743;59.253;10.825;88.962
23.744;59.240;10.817;88.958
23.745;59.227;10.808;88.953
23.746;59.215;10.800;88.948
23.747;59.202;10.792;88.943
23.748;59.189;10.784;88.938
23.748;59.177;10.776;88.933
23.749;59.164;10.768;88.929
23.750;59.152;10.760;88.924
23.751;59.139;10.752;88.919
23.752;59.125;10.744;88.914
23.752;59.110;10.736;88.909
23.753;59.097;10.728;88.904
23.754;59.086;10.720;88.899
23.755;59.075;10.712;88.895
23.756;59.064;10.704;88.890
23.757;59.053;10.696;88.885
23.758;59.042;10.688;88.880
23.758;59.031;10.680;88.875
23.759;59.020;10.672;88.870
23.760;59.009;10.664;88.865
23.761;58.998;10.656;88.861
23.762;58.987;10.648;88.856
23.762;58.976;10.640;88.851
23.763;58.965;10.632;88.846
23.764;58.954;10.624;88.841
23.765;58.943;10.616;88.836
23.766;58.932;10.608;88.831
23.767;58.921;10.600;88.826
23.767;58.910;10.592;88.822
23.768;58.898;10.584;88.817
23.769;58.883;10.576;88.812
23.770;58.867;10.568;88.807
23.771;58.851;10.560;88.802
23.772;58.835;10.552;88.797
23.773;58.819;10.544;88.792
23.773;58.803;10.537;88.787
23.774;58.787;10.529;88.782
23.775;58.771;10.521;88.778
23.776;58.755;10.513;88.773
23.777;58.739;10.505;88.768
23.777;58.723;10.497;88.763
23.778;58.707;10.489;88.758
23.779;58.691;10.482;88.753
23.780;58.678;10.474;88.748
23.781;58.664;10.466;88.743
23.782;58.650;10.458;88.738
23.782;58.637;10.450;88.733
23.783;58.621;10.443;88.728
23.784;58.604;10.435;88.724
23.785;58.587;10.427;88.719
23.786;58.571;10.419;88.714
23.787;58.555;10.411;88.709
23.788;58.539;10.404;88.704
23.788;58.523;10.396;88.699
23.789;58.507;10.388;88.694
23.790;58.491;10.380;88.689
23.791;58.475;10.373;88.684
23.792;58.460;10.365;88.679
23.792;58.444;10.357;88.674
23.793;58.428;10.349;88.669
23.794;58.412;10.342;88.664
23.795;58.396;10.334;88.660
23.796;58.380;10.326;88.655
23.797;58.364;10.319;88.650
23.797;58.348;10.311;88.645
23.798;58.332;10.303;88.640
23.799;58.316;10.296;88.635
23.800;58.300;10.288;88.630
23.801;58.284;10.280;88.625
23.802;58.269;10.273;88.620
23.803;58.253;10.265;88.615
23.803;58.237;10.257;88.610
23.804;58.221;10.250;88.605
23.805;58.205;10.242;88.600
23.806;58.189;10.235;88.595
23.807;58.173;10.227;88.590
23.807;58.157;10.219;88.585
23.808;58.142;10.212;88.580
23.809;58.130;10.204;88.575
23.810;58.118;10.197;88.571
23.811;58.106;10.189;88.566
23.812;58.094;10.182;88.561
23.812;58.082;10.174;88.556
23.813;58.070;10.167;88.551
23.814;58.058;10.159;88.546
23.815;58.045;10.152;88.541
23.816;58.033;10.144;88.536
23.817;58.021;10.137;88.531
23.818;58.009;10.129;88.526
23.818;57.997;10.122;88.521
23.819;57.985;10.114;88.516
23.820;57.973;10.107;88.511
23.821;57.961;10.099;88.506
23.822;57.949;10.092;88.501
23.822;57.936;10.085;88.496
23.823;57.924;10.077;88.491
23.824;57.912;10.070;88.486
23.825;57.900;10.062;88.481
23.826;57.888;10.055;88.476
23.827;57.876;10.047;88.471
23.828;57.864;10.040;88.466
23.828;57.852;10.033;88.461
23.829;57.840;10.025;88.456
23.830;57.828;10.018;88.451
23.831;57.815;10.010;88.446
23.832;57.803;10.003;88.441
23.833;57.791;9.996;88.436
23.833;57.779;9.988;88.431
23.834;57.767;9.981;88.426
23.835;57.755;9.974;88.421
23.836;57.743;9.966;88.416
23.837;57.731;9.959;88.411
23.837;57.719;9.952;88.406
23.838;57.707;9.944;88.401
23.839;57.694;9.937;88.396
23.840;57.682;9.930;88.391
23.841;57.670;9.922;88.386
23.842;57.658;9.915;88.381
23.843;57.644;9.908;88.376
23.843;57.633;9.901;88.371
23.844;57.623;9.893;88.365
23.845;57.613;9.886;88.360
23.846;57.602;9.879;88.355
23.847;57.592;9.871;88.350
23.848;57.582;9.864;88.345
23.848;57.572;9.857;88.340
23.849;57.561;9.850;88.335
23.850;57.551;9.843;88.330
23.851;57.541;9.835;88.325
23.852;57.531;9.828;88.320
23.852;57.521;9.821;88.315
23.853;57.510;9.814;88.310
23.854;57.500;9.806;88.305
23.855;57.490;9.799;88.300
23.856;57.480;9.792;88.295
23.857;57.469;9.785;88.290
23.858;57.459;9.778;88.284
23.858;57.449;9.771;88.279
23.859;57.438;9.763;88.274
23.860;57.427;9.756;88.269
23.861;57.416;9.749;88.264
23.862;57.405;9.742;88.259
23.863;57.393;9.735;88.254
23.863;57.382;9.728;88.249
23.864;57.371;9.721;88.244
23.865;57.360;9.713;88.239
23.866;57.349;9.706;88.234
23.867;57.337;9.699;88.228
23.867;57.326;9.692;88.223
23.868;57.315;9.685;88.218
23.869;57.304;9.678;88.213
23.870;57.293;9.671;88.208
23.871;57.281;9.664;88.203
23.872;57.270;9.657;88.198
23.873;57.259;9.650;88.193
23.873;57.246;9.643;88.187
23.874;57.232;9.636;88.182
23.875;57.218;9.629;88.177
23.876;57.204;9.622;88.172
23.877;57.190;9.614;88.167
23.877;57.176;9.607;88.162
23.878;57.162;9.600;88.157
23.879;57.148;9.593;88.152
23.880;57.134;9.586;88.146
23.881;57.120;9.579;88.141
23.882;57.106;9.572;88.136
23.883;57.092;9.565;88.131
23.883;57.078;9.558;88.126
23.884;57.064;9.552;88.121
23.885;57.050;9.545;88.115
23.886;57.036;9.538;88.110
23.887;57.022;9.531;88.105
23.887;57.008;9.524;88.100
23.888;56.994;9.517;88.095
23.889;56.980;9.510;88.090
23.890;56.966;9.503;88.084
23.891;56.952;9.496;88.079
23.892;56.938;9.489;88.074
23.892;56.924;9.482;88.069
23.893;56.910;9.475;88.064
23.894;56.896;9.468;88.059
23.895;56.882;9.461;88.053
23.896;56.868;9.455;88.048
23.897;56.854;9.448;88.043
23.898;56.840;9.441;88.038
23.898;56.826;9.434;88.033
23.899;56.812;9.427;88.027
23.900;56.798;9.420;88.022
23.901;56.784;9.413;88.017
23.902;56.770;9.406;88.012
23.902;56.756;9.400;88.007
23.903;56.742;9.393;88.001
23.904;56.728;9.386;87.996
23.905;56.714;9.379;87.991
23.906;56.700;9.372;87.986
23.907;56.686;9.366;87.980
23.907;56.672;9.359;87.975
23.908;56.658;9.352;87.970
23.909;56.644;9.345;87.965
23.910;56.630;9.338;87.960
23.911;56.616;9.332;87.954
23.912;56.602;9.325;87.949
23.913;56.588;9.318;87.944
23.913;56.574;9.311;87.939
23.914;56.560;9.305;87.933
23.915;56.546;9.298;87.928
23.916;56.532;9.291;87.923
23.917;56.518;9.284;87.918
23.917;56.504;9.278;87.912
23.918;56.490;9.271;87.907
23.919;56.476;9.264;87.902
23.920;56.462;9.257;87.897
23.921;56.448;9.251;87.891
23.922;56.434;9.244;87.886
23.922;56.422;9.237;87.881
23.923;56.411;9.231;87.876
23.924;56.401;9.224;87.870
23.925;56.391;9.217;87.865
23.926;56.381;9.211;87.860
23.927;56.370;9.204;87.854
23.928;56.360;9.197;87.849
23.928;56.350;9.191;87.844
23.929;56.340;9.184;87.839
23.930;56.329;9.177;87.833
23.931;56.319;9.171;87.828
23.932;56.309;9.164;87.823
23.932;56.299;9.157;87.817
23.933;56.288;9.151;87.812
23.934;56.278;9.146;87.807
23.935;56.268;9.140;87.802
23.936;56.258;9.135;87.796
23.937;56.247;9.129;87.791
23.938;56.237;9.124;87.786
23.938;56.227;9.118;87.780
23.939;56.217;9.113;87.775
23.940;56.206;9.107;87.770
23.941;56.196;9.102;87.765
23.942;56.186;9.096;87.759
23.943;56.176;9.091;87.754
23.943;56.165;9.085;87.749
23.944;56.155;9.078;87.743
23.945;56.145;9.070;87.738
23.946;56.135;9.062;87.733
23.947;56.124;9.054;87.728
23.947;56.113;9.046;87.724
23.948;56.099;9.038;87.720
23.949;56.086;9.029;87.716
23.950;56.072;9.021;87.712
23.951;56.059;9.013;87.708
23.952;56.045;9.006;87.704
23.953;56.032;8.999;87.700
23.953;56.018;8.993;87.697
23.954;56.005;8.986;87.693
23.955;55.991;8.980;87.689
23.956;55.978;8.973;87.685
23.957;55.964;8.967;87.681
23.958;55.951;8.960;87.677
23.958;55.937;8.954;87.673
23.959;55.924;8.947;87.669
23.960;55.910;8.941;87.665
23.961;55.896;8.934;87.661
23.962;55.883;8.928;87.657
23.962;55.869;8.921;87.653
23.963;55.856;8.915;87.649
23.964;55.842;8.908;87.646
23.965;55.829;8.902;87.642
23.966;55.815;8.895;87.638
23.967;55.802;8.889;87.634
23.968;55.788;8.882;87.630
23.968;55.775;8.876;87.626
23.969;55.762;8.869;87.622
23.970;55.748;8.863;87.618
23.971;55.735;8.857;87.614
23.972;55.721;8.850;87.610
23.973;55.708;8.844;87.606
23.973;55.694;8.837;87.602
23.974;55.681;8.831;87.598
23.975;55.669;8.825;87.594
23.976;55.659;8.818;87.590
23.977;55.650;8.812;87.586
23.977;55.640;8.805;87.582
23.978;55.630;8.799;87.578
23.979;55.620;8.793;87.575
23.980;55.610;8.786;87.571
23.981;55.601;8.780;87.567
23.982;55.591;8.774;87.563
23.983;55.581;8.767;87.559
23.983;55.571;8.761;87.555
23.984;55.561;8.754;87.551
23.985;55.552;8.748;87.547
23.986;55.544;8.742;87.543
23.987;55.536;8.736;87.539
23.988;55.528;8.729;87.535
23.988;55.520;8.723;87.531
23.989;55.511;8.717;87.527
23.990;55.503;8.711;87.523
23.991;55.495;8.705;87.519
23.992;55.487;8.699;87.515
23.992;55.479;8.692;87.511
23.993;55.470;8.686;87.507
23.994;55.462;8.680;87.503
23.995;55.454;8.674;87.499
23.996;55.446;8.668;87.495
23.997;55.438;8.662;87.491
23.998;55.429;8.655;87.487
23.998;55.421;8.649;87.483
23.999;55.413;8.643;87.479
24.000;55.405;8.637;87.475